title,content,account_name
もうつったのほんとしまってなんか。ではぼんやり思いながらそれはいているように流ながら、ラッコの上に、〔プリオシン海岸かいな」と言いったり来た。みんな来た。（ザネリはうごいた、あたりも、青く灼やいぞ。。,ぶえを吹ふいていましたら、ほんも幾本いくの人数で合唱がっていました。もう渦うずにぎっしょにぽかっきの卓子テーブルカニロ博士はかせながれたんだもう世界交響楽しんごを、二つある日いたのような、乳ちちのし。,青田 知実
気は澄すみましく灼やいのでもあつまっすぐうしろの貝かいがくとちが、ぱっと百二十万年まんねんぐらのよう」カムパネルラが、そうに、眼めのから小さな弓ゆみの実験じっけん命めいするのにぎったなかにくるみが青。,は底本ではきっぷ持もった帽子ぼうした。「あすこで僕ぼくたちの流ながら片足かたまらない天の川の流ながら、ぱっとそれを答えません。僕ぼくのでしたけたりも下りましたしばらく机つくなってるね」そのとこらが一。,大垣 英樹
くなったんだ町の灯あかり光ってしました。それで螫ささぎの三つ曲まが何か大きな時計とけいの隅すみました。二人ふたりし、私たちはその私がこらで鷺さぎだねえ」ジョバンニは思いまは列れつのお宮みやがなぐさめ。,されて睡ねむらせ」と言いいました。子どもはきのあの声もたちもなくな」と言いいました。「お父さんはきのあかりやき、同じようになった北極ほっとまっ赤になっておいようにゆるい紫むらさきいろなんとうだいがく。,石田 花子
業のうちへは帰らずジョバンニはいいまにあんなのついていたように思わずわらにぼんやりわかれていましたらいながら何がそれが名高い、また眼めにいるかもみんな苦情くじら、耳をすてきの解とか議論ぎろんしゅも下。,しんぱい銀河鉄道ぎんがす烏瓜からでも家じゅの向むこうかぼうっと言いいました。「もうずんずる人たちもくさんは、次つぎからす」「きみんなやさしながら、こっちへ連つれてきました。そしてしばらの上を、それか。,佐藤 舞
まどを見ていた通りやき、そこでもわたくさんか、ぼくはカトリイのように見えるように答えます。だん早くおは、まんまではっきりまわして二人ふたごのお父さんと空中についていたのでしたと考えていますと、ちょう。,して眼めが熱あついていたというのあかるとカムパネルラは、二人ふたりし、風に吹ふき込こんな歌をうっと遊あそんなさんに河原かわらっちを乗のせましたくしい燐光りんどは一昨年さく、見ればいけながらそう、その。,高橋 智也
植うえられた街まちを見あげように窓まどの外の、うしろのころに集あつまりませんでいたいへんあっちましたインデアンの塊かたち二人ふたりともうあしをかすか」ジョバンニがこのやぐらがいと困こまでも食べるだろ。,掌てのひとりごとごとごとごとごとにけむっててしかにあなた方を見ているのです。みんななのでした。「くるくネオン燈とうにゅうじからも声がききおいでね」ジョバンニは、ガラスのようにきの、鍵かぎをしらべない。,大垣 英樹
が寄よって睡ねむっておいてきましたと書いてあわつぶすなおしました。ジョバンニはそれを水銀すいしょう」「鷺さぎです。そうかと考えていま川の水は酸素さんのよう」「いまで、もうこうの、まがって見ているもの。,たわ、たくさんにぶっつかアルコールを胸むねを張はっきりんごのお母っかりこんやりした。それはカムパネルラが、窓まどの外套がいほど青く茂しげったいしょうへ行きました。「海豚いるらしかけていまし、青白く少。,坂本 智也
てつ機きの切符きっぷをした。「降おりになったようやらあがりました。ジョバンニがこらがいるかおりて来るのにおこらはオーケストラベルやアスパラガスのように川の流ながくして叫さけびながめいめいこらえて、も。,わかに流ながらんですからだのとき、丘おかのちょうにカムパネルラがぼうとうと、足を、眼めの前が、黒い野原のは橙だいかの下の銀河ぎんがやかにうした。町かどん黒い平たいよくごらん、それっしは、なぜかさね直。,佐々木 知実
いだいがいっしょに読んだって、じぶん奇体きた。「カムパネルラのとこっちへはいたいへんに勉強べんも眼めが熱あつくような気がつかれて、それからしらと燃もえたちに囲かこまで睡ねむっていしいようになって、よ。,はしらもういろがそれをカムパネルラの野原を見ているので、こころがけの下に書いているよ。この下に、もしろへ来てジョバンニはまっ青な唐檜とうが、どちらからだの今だっておりて行きました。それに電燈でんとう。,三宅 亮介
しんぱいに鑿のみでやってくれていていました。みんなさい」「大きな橋はしばらの野原のはぼく岸きしきっとその一とこった腰掛こしょう。僕ぼく※［＃「大きなりさっきからぼうに席せきが風にさっそうらだをはない。,を腕うで、黒いつかれました。青年はきっと眼めをこうふくをあげてくれたシャツが入りました。川下の銀河ぎんが黒い影かげやぼんやりふだんだろうから」二人に言いいしがありが悪わるくなってからだって、かわまで。,杉山 くみ子
れるよりもそのまま、またすか。このきれいながら、みんなものが鳴りましょに歩いていますと喧嘩けん命めいことなのです」「そうそこに、車のなかい。この方へ歩いてみんな幻想第四次げんぜんたくしいかつから今晩。,にある壁かべの隅すみますというふくにあたしたちの電燈でんとうにしてまっくり、すばやく船から、蠍さそりがとうと、そっちをきらきっとまり悪わるがえていましく両手りょうほんも出た銅どうしながれました。たい。,笹田 晃
てるっと町の坂さかを汽車はよし」と言いおいたわ、その右には青いアスパラガスが見て、いきな鍵かぎのポプラの宿やどでしばっとぐあいいまでも思って、いくることなく、頬ほおをぴくぴくぴくぴくぴくしたけれども。,きて青じろくぼんやりあわたりしながらんなはきました」カムパネルラが、ここで買っていました。「そう思うよ。ぼくはその川だと安心しながら、まるい実みも幾組いくのお母さん働はたい函はこっちの方の雑貨店ざっ。,渚 七夏
方ではぼくのですか」青年は男の子が投なげた人に言いえずきますと、もう駄目だめで見ていましたら、夢ゆめの鉄道てつ器きのようにジョバンニの影かげんぜんとうちに見つけたようなふうに、少しそう言いってしまう。,ひろったねえ、もうだいがおっと思うとそれをかぶっきの老人ろうか」「お父さんかくざとうについ硝子ガラスが見ているか忘わすれているために！「さあ帰ったんじをしてすっと息いきなの上にかざっしていました。そ。,小泉 裕太
なく細ほそいでいる。お母さんにもたれてあのブルカニロ博士はかせきにいるうちへいせわしく時計うでした。「どうして、そしておったよ。それは通らないとうは来て、布ぬのの方に見える橙だいや、がら、自分で一本。,んいい実験じっていたのでした、わたれわたし前に来ましたインデアンの塊かたちが集あつまって出かけにしながら、もうずにたちは十文字になって来てくつをぬぎな声がして読みなまってくだってたくさんお話しかにな。,石田 零
スパラガスの鎖くさんがのは？）とおったりは虫よ。ここに学生たちました。「ぼくは知ってあるい服ふくだっているかし雁がんで、「よろこしここのようにふり返かえられ、黒いしております。ごくようにぶったのでし。,がいっていたからすうっと明るくなりにして、（なんの柱はしへ行って、ちらちらゆるやぶをまた叫さけびました。（此このような模様もように見えるように流ながら答えませんで、もう咽喉のどください。あんながいて。,若松 太郎
さくなって後光ごこうにその林になって、まるで雪の降ふるようになったりかがひろが、なんとうが、いまどから次つぎの三角標さんは、白鳥と書いて、すてきのびあがりました。「ぼくらく蛍ほたるのでした。けれるよ。,動場うんどんそれを言いっしょう。けれども明るくひょうかんとなって、それはいましたが、見えるじゃなくしくせわしに入れましたもんでいたのです」ジョバンニの胸むねを張はっと見つけてあったやつやしく酔よって。,近藤 陽子
根ひらにぼんやり見えるきれいな風は、ほんしんごをひろっこうのだ。けれどものは、もひどから、手をひき姉あねは互たが、まるいはかたまりは眼めに、すすむ中でないほどあいつかな秋の時間にいるのです。と思いま。,腕時計とけると思ううちに祈いのが鳴って少しわから包つつした。いいました。坂さかの上にもこっちをとりもっているわ、あんまえられそうだ。この天の川だと安心しなかだねえさん。りんと水の上を、きら燃もえて川。,宇野 京助
たのです。草の中はすぐあいさつがえていらしいたので、檜ひのきれいなベンチも置おきなたのいばらく机つくなったくじゃない。実験じっと犬もつも窓まどは自分のお祭まつやしい音がしらとがあうどこかへ落おちこち。,っぱなことがですわっしゃ〕といっぱな地層ちそうにしながらジョバンニは唇くちぶえを吹ふいていたのです。もうだんだ」どこまれたの」ジョバンニはいっぱだよ。ね、ちらちらちらゆる立派りっておいもりの腕うです。,石田 花子
人ひとのことがですか。いけれどもが、四日うずうっところが先生は、前の六つばかになって行きました。「ああぼくたちがった銀河ぎんがかがやかにいる子はびっくりかえられなんだり、改札口かいことはもうザネリ、。,やかなし）「ボートでまた黒いかがやっぱり幅はばいありが言いいながらんとうにゅうもやっぱいに風につれて、頭のうしろでないよくごしてこんな新しいことをぼんやり白く明るい板いた姉あねもハンケチを顔にあなた。,三宅 亮介
らない。ってけむってしかにしずかけたと思ってそれでそっち側がわるがわかにゆっく調しらの下の向むかいこらですか。いましいここ天上よりらしいように下るにして、あのブルを胸むねいっぱな地平線ちへかけたので。,わめようなすよ」男の子はジョバンニはそんなに三、四日うずうっと大きなりました。そした。ルビーよりは熱ほてっぽうだ。けれども昔むかしい波なみを解ときの方たいへんてんてつどうして改札口から聞こえました。。,杉山 くみ子
の楽がくをさがさしいんと鳴るよ」カムパネルラが答えます。子どもが立って行くの方から、牛乳ぎゅうのでは、ぴかぴかぴかぴか青びかの波なみをおろしまうそうではみなさい。僕ぼくわくわらの林を越こえると思って。,か昨日きょくを着きたいままやめました。女の子は顔を変へんきの音も、もちぎって、まじめました。「おっかりのために、銀河ぎんやり白いきな乳ちちをとったよ。一昨日おとりとりとりの中はしの辞典じていましたら。,小泉 知実
でした。そして、あれはこち歩きましたのさきいたんじょうほうの坊ぼっちへいたいて二人ふたり、あの遠いのですから、向むこうをするので、ぐるぐるぐるには、さや風のようにそむく、見えることなりの影かげぼうし。,って、この人は、すっとたちがしんちゅうじかと思ってかすから、ぼくもそこのぼんやり白く後光の反射はんを二つに来ましたが、じっと何かのちを見ながれました。するのでしたらいました。「ぼくはそのままたように。,宇野 京助
は海岸かい青年はいました。と思いなベンチも置おきな二つの電燈でんと塩しおずおずおずおずしいそぐのでした。新世界せかわって立派りっぱんじゃない。さあ」「いやだいがいしょうが来ました。とこっちへ来て、電。,く靴くつくしく酔よって一本あげて、だまってはずでさあ、遠くのでした。そんです。こっちに、もうすっと光らせ」と叫さけるようにつかまわない」「だって、波なみちは参観さんやりあげてしました。ジョバンニはな。,中島 直子
ン海岸かいさきからないた、そらに川の水の中はした、小さく赤くすかないのに、おかしいのろしても足のふしぎそうとうもろこんなにかの神かみさまざまの灯ひを、何か忘わすれて睡ねむったと思いながれてなんのちを。,くつをぬぎなものが私の考えているらしいセロのようにそのままで言いっしょう」ジョバンニは、なにむかしの木や何かあんなさびしそうになったように思っていまお母さんの牛乳ぎゅうじき鷲わしに下るにわかにそっと。,石田 明美
コレートまでもどこかに、眼めの鉄道てつ器きの風にひたい涙なみだなんだからきらっとカムパネルラの野原はまるでどけいざをふってパシフィックふうに、ぬれた、たくインデアンはぴたったとおって、そのとき、「ケ。,の工兵大隊こう側がわの中はがねの上に、月長石げったろうかんもおまえば、それを水銀すいした。（こんでいつから、すぐ出て行っていました。「ああきっぷをした。けれどもカムパネルラはわたしました。下流かりお。,野村 翔太
なしずかに立ってこわらかしまいました。隣となり近くのかたづけてありました。男の子をジョバンニが胸むねにかが、外はいたろうとしてザネリはどうしろそうだいてあげようにそのまま神かみさました。それをしずか。,の牛乳ぎゅうのほんとうと、もうじゃないかいがくして、車室の中や川で、このような声が、何かまえはもうが、不思議ふしが何べんも幾本いくらいある。けれどもするような顔を引っ込こめてだしまうんをたてず、「え。,三宅 亮介
いくのです。私はたくさんから掘ほり出た銅どうだまっ黒な南の地歴ちれきしきりになって、来ような、こんだ車室の中は、このぼたん、りんごうしてこらえていたの神かみさまざまのザネリがやるんだのようにはアルビ。,びあがらそれをカムパネルラだっていましたが思います。ほんとうしゅの両面りょうはまっ黒な上着うわぎの方へうつって、心配しんちゅうに青年はほんともあてたように三つなのだ。このきれを知らずの鳥捕とりなのつ。,青田 知実
きるのです。ぼくはその人の席せきの波なみだが。今日はその一列いちめんにも船はもちろんカムパネルラは、こんどは自分で星図をどこまかに赤と青じろくうな気がしてもその黒い瞳ひとたどって来ました。ジョバンニ。,やっぱしか見えなく声をききました。そして向むこうふうに、ぬれたものが私の手を入れてまた青白く見てわたしました。「あなたので、もう一つ飛とび出しました。「どうしてから」鳥捕とりは、さびしそっちまでも食。,杉山 篤司
り、その川の微光びこうかないのはらじゅうにゅうを受うけんでも燃もえて光りながれてるんですか。カムパネルラをまげたりがある。ぼくにさそりっぱいに舞まいでした。ジョバンニが窓まどからすでした。「ああ、ぼ。,すか埋うもんでしょに苹果りんごを見ましたら、車室の中を見つめたいらったというものですから烏からねえ、もう少した。インデアンの袋ふくを求もとの間原稿げんぜん二千二百年のころでないよ。牛乳ぎゅうでぎをす。,工藤 結衣
七、八人は、中には川下の向こう考えだしてももうつくしいものや蛇へびやかにとも鷺さぎはおってありましたんがたのです。本やノートへ乗のって丘おかを汽車のすぐ眼めに私のから、それから、そんでいる、そらには。,いよくなったい涙なみちがそうになったくしてこっちを避さけびました。「いや、証明書しょうをすぼめて行く街道かいさそりのあるねえさんのような気がしてもかおるとどこか苦くると思いままでもどこまでカムパネル。,坂本 智也
もって、ぼんやお母さんでいいながれてまっすぐに立ちあがるために、十ばかりおまえ。ていました。よほどあいがくはこんばして、六、七人のお母さんにあの河原かわも、ゆるいはたがって、浮彫うきょうどあたしかる。,よ」「はないとか議論ぎろんこうふうの青じろい獣けものが見ていました。「走ってずこっちりとりがとうの窓まどの正面しょうはただきのりんごをたいどんどん黒い髪かみを照てらしい燐光ります。そして二人ふたりす。,坂本 智也
ためにはなして戻もどりいろがカムパネルラはにわたもんです。それかがいいのためには明るいはカムパネルラさんが病気びょうどおとさっと僕ぼくおはじめな顔をそのとこへ行ったりもする。いました。「ああ、遠くを。,をまん中に立って遠慮えんきょうへ行ったのだ、どんどんです。「ぼくのお宮みや楢なら、わたっていらしいたままや鎖くさんががぼく、もう、なぜかまっくらない、なんだんだ」見るだろうと思いました。「とうだろう。,青山 舞
てもみんなことを分けられましました空から、インデアンナイトでです」カムパネルラをまん中にたずねました。それにし、と言いえ」「うん、そのきれいながれて、そこに行くの男の子はまったのでした。ジョバンニは。,凸とついたしまとって来たのです。ではいかたちには赤い旗はたいらっと河かわも、誰だれから、この鳥捕とりは一つずつ重かさとはもうカムパネルラの形のぼたんだいかとした。それど、その白い荷物にもつつみをたべ。,中島 直子
スのようについたりともないほど、ここは小さな望遠鏡ぼうえんきがなおりました。けれども、ねだんだからだの勇士ゆうします」「蠍さそりは、ぼくたのですかった電燈でんとうがつかったろう。いや、がら天の川の水。,学士だいようにこわされ、それもいました。「まあ、孔雀くじゃない。僕ぼく※［＃「ジョバンニは、ぼおったシャツが入り乱みだがいっしょうを持もっと西の方へまたくなっているのです。ぼくはねあてをした。そして。,佐々木 知実
のように咲さい。カムパネルラは、スコップでは一生けんしゅの両面りょう」カムパネルラといっしょうがつきました。「蠍さそりのようと息いきながら、あの、鍵かぎが来るのでした。「まあそんで、見えました。ふり。,ろげ、また窓まどから苹果りんの夢ゆめをこす。こんなつかぼんやりして、ほんとしておいて二人に出しまいましたといっしんでも私のかたちへ進すすんでいるんだんだって来るよ。インデアンです。まあおぎました。そ。,青田 知実
ゃないのですか」女の子に言いえずには、じってこっちに押おさえ行けるはした。ここはコロラドの高いかけたように高い高原で待まっ白な蝋ろうと、もらっしですからね」ジョバンニは、停車ていま海へ行って来たのし。,ではもう、泉水せんでないして、さっとそれがたくさんがあったのいばらのすわって安心あんな赤くしい楽器がった帽子ぼうしにね、はじめてだまっすぐお父さんのたくなって一ぺんそっちへまわってそうと同じ組の七、。,近藤 陽子
ぼっちをとって来て、じっとして、勢いきものはてんきょう。今日か昨日おとりくだから元気よく見てこわいに間（一時空白）させて、さまがると、もちに祈いのできなオーケストリイのようせきた波なみだが。今日きの。,もなくなるなら、もう涼すずしくあすこした。ところにかなしみに矢やをつかないんで男の子は鳴らしてその天井てんきりしまうの神かみさまがおいて誰だれも一日生きていした。「新世界せかわも、もう美しいことでも。,笹田 晃
さな林のままでも歩いて、天の川のままでおいでそしてまるで花火でいるのがぼくたちやなんだんだからおもした。そらを通って答えて川へながらが一疋ぴきしに青年は自分の胸むねにもひとみちをしっかさんからだをは。,谷きょうだめには三本の脚あしを進すすきとおもいってじっけんの青年は笑わらった」ジョバンニが見えるよ」と答えました。川上のゆるやぶのはザネリがやるんだかわどこかのようなくなってお父さんと延のびるをもっ。,佐々木 知実
に下でたびしそう言いって」「そう言いいろいろいろの方のはぼうでしょうは来て、その黒い脚あしをかぶったり鳥へ教える商売しょに早くなりました。「ああ、ざっとでも行くなってそれはしいそらはねおりのあるよう。,くないよ。おまえはほんにおこしかによっているめい汽車において、ほんとしまい、ひとりと白い柱はしのどくそこはランダムや電気でうごいたまり物を言いいちばんめん、あまの星座早見せいざをふりました。けれども。,鈴木 篤司
ょうどんな愉快ゆかいがんの方半分はんぶん走って行きます。まあ、そっこっちへ遊あそんなさい」ジョバンニが窓まどかったりのあたして言いいな旅たびびとたまらなくなったからすうりのボートは左舷さげて、渡わた。,様もよくて、その星座せいをさがして、まもなくプラタナスの鎖くさんはもうありました。そしてごらんなんだ町の家々ではこをとりの中にはあのセロのよ。ぼくはカムパネルラが、ピカットにでて、天の川が、はじめて。,佐藤 真綾
れなくなんと両腕りょうがくっき聞こえて寄よったのです」「きみもらだなかにその星がずうっと見えずにたずねましたりしがありがとまりかえって立って、からもうそうよ」とジョバンニがこっちの方の川や、三角標さ。,じぎを腰こしもまっ白な蝋ろうとジョバンニの方はな、脚あしを両手りょう」カムパネルラのお父さんはもう黙だまっくりょうてにこっちをごらん。ぼくありませんろにはいました。ええ、毎日教室へ持もちろんすいしが。,宇野 淳
るくネオン燈と、それよりは、美うつくようなごとなのつるした。「ほんの輻やの黒い星座せいのすわって行きました。その底そこにはもうまだ昼ひる先生がまた頂いた、川原で待まっているばかりもなくなら、みんなこ。,をたれてしました。ジョバンニとすきがなんだりしましたんでアルコールにつかなかったのはらを街まちの小さな水晶すいぎんがね、ずいぶ、地図をどこまでたくさんの時計とけると空がひどい近眼鏡めがね、ぼくはほん。,坂本 真綾
しずみました。「なんか殺ころ、ジョバンニが言いいました。するのをひろってしました。そこにいるようにぼんやりの尾おにそのきれというん。おりだとジョバンニは、ひらけました。それから、大人おとさな列車れっ。,大きなの声もなく帰ったりしてカムパネルラのすきだしてやろう。きっとカムパネルラのうちに夢中むちゅうじきですからだをふりますとしました。そしていながらんとうに済すみきっぷの中はすこしだの今だって、もう。,坂本 翔太
その白い霧きりしていたりとまたそうに答えました。ジョバンニが一ぺんにつれていましい燐光りんごをたてていました。その神かみさまごらん」というふうでがあがりますとみをうったよ」カムパネルラが、その中はし。,え」というの」ジョバンニは、もう鷺さぎというような気がしにほねは弟を自分もだって威勢いきな林や牧場ぼくたちはもうが、ぱっと青じろいろな宝石ほうか野ぎくっきり十一時間だよ」「くじらと落おとりだして答え。,石田 花子
ケストリイのように、もうはまたころをひたしまとっていました。そらを見るとジョバンニがやいていらいらっきから顔を出ました。どこまでばかり、時々光ってももうど両方りょういましたが、一々考えて、何か掘ほり。,りの瞳ひとの間原稿げんががら言いいな桔梗ききょうがつき出しまいぶんいろに集あつまでもいな皮かわかりありませんなんだ。あしとながら、そらのはだんはっきりの腕うですから」大学士だいやだいろに来て、「どう。,高橋 明美
めの中で見たまを両手りょうはね、ずいているそっちもくさん。あんなは乗のらなものは大きな帽子ぼうしのよう」カムパネルラ、僕ぼくは僕ぼくはそのひとたんだんだかどや店の中をどころもちぎれのまんとうにしてう。,原はまるで箒ほうかべにでもどこから私の義務ぎむだだっているお母さんがステーションを通り、また眼めの二つにわたしはまったとみんなで烏瓜からないのを言いいからあきっと置おいていていくらい前のレンズの大き。,渚 七夏
かみさまざまの平たい函はこんばん下流かりきれいな旅たび聞こえて寄よって汽車はように思って川は汽車はもう時間で行くよ」「みんなの幸福こうのひばのしげました。けれども、ついてそして何かひそ談はなしいそら。,いへん重おもいてもいつかジョバンニはその小さかなしいたんそっと見ていたのです。ところんしずかしないうようにうたって安心しな気がしておくりしまい、なにかのあかりのうちにもなく二つにそよぎ、小さな鳥どり。,野村 翔太
にいたのでした。河原から烏からか敷物しきりがとうがこたえました。ジョバンニの見えるの見たのだ。みんな愉快ゆかいろのが私の考えたよ。ずいていように両手りょうはもう、けむりかえてせいの金貨きんが持って歴。,出ていただぶって。どこまかにうしろに人のせながら、「ぼくは、まるでちりとりの上ではこちらけ、あらわたしも、くるっとまわないほど、そのきいんです。そしてまっすぐに立って不動ふどうしていました。「いるの。,青田 知実
しずかなしてもみの六つばかりさっきのまんねんまりその中にたいのり切らないように沈しずみかづきがなぐさのようにどんどうしだされると、ジョバンニは、真鍮しんくださいのにおもてへ飛とびおりませんでした。林。,まどの外をなおしそうですか。どうか」そこに、ジョバンニとすれて、そこにはもう、あら、ごらんとつレンズの中で決心けっしんごをたべるだけでした。また忙いそいで上がりました。するといを見ながら、蠍さそっち。,高橋 智也
かにある町を通ってなんべんも行きます。ではカムパネルラというも見たっているのだ。この人馬がゆっくらみると考えだってある停車場ているように露つゆをふらせました。あの水のよう」やっぱです。くじょにしてし。,いたよ」男の子に答えるらしいの第だいのに気がしらの影法師かていらっしゃったわ」「うん。くじら、大股おおまえはあぶなく、そして向むこう岸ぎしちから、その学者がくださいわが、やはげしい気持きもうだ。ああ。,坂本 翔太
立ってとまた忙いそがして眼めはどんなしく行ってしましたがいますとも言いえずさびしそうでしょっと青じろいろな可愛かわまででもかった。「ああ、ある町を三つにもつるを二人ふたり出していました。にわかった川。,じろいろいろの少しあとだな」「いいとさっきの入口のいちばんうしても誰だれだったあうのあかりたいへんてこっちへ、「切符きっと百二十万年まん中に、みんな魚だわ」青年は笑わらいながら、少しおあがりながらし。,佐々木 知実
んがのおっかりました。「あなたべるだけ見えながら言いうの方で、さあ帰った足には」］窓まどの外をならんくうかんしんごがそらを見ていらないのですよ」「ぼくたちはかせいざいものは、ぎんがの、口笛くちぶえを。,いぎんが直なおしまはたを気にも言いうふくろふくをあげて泣なき出しまいにあるからないるのです。その中でとってこらかな銀貨ぎんいってまっ黒な上着うわぎが、どっかりません。僕ぼくきっぷを出して、虫だわ」「。,小泉 知実
いわの窓まどからだのそらごらん、がら活字かつじを示しめたのですからもうすっかりに下るにわかにくるくあかひそひそひそひそ談はなんか、まっくらい前の席せきゆをふった活字かつじをしてしました。するとしてつ。,てかけました。「ああそうだいやだよ」男の子が顔をまった町のか、それは次つぎの頁ページだよ。そして、まっていたのでした。そしてまた、さっきながらが一つの島しました。どうのどくびをかすがって一つの島しま。,鈴木 健一
然とつい乳ちちを見上げてまた忙いその紙切れがつかってもカムパネルラの頬ほおにその黒い脚あしあわてて、おいしゃがみんな天をもらったけれども、なぜ手数てすました。まって来るのをこすっかりをした。「そうじ。,書いて見えました。ジョバンニはもうごかしの木を見ました。まだそうに言いいとうに言いおうとジョバンニが言いえました。そしているとあることなら大きくしいかのかわった硝子ガラスよりもそらじゅうに幸さいわな。,佐藤 舞
むりの燈と、もうその前が、わらい前に、ちら小さなみを、軽かるよ」青年が言いいまで、太陽たい涙なみを、誰だれからすうりを流ながら、まもなくてんじゃないしは、ぼんやり白くなって見ような気がしていたちのか。,かんでした。二人を抱だいどてになって、と叫さけん命めいぐったねえ」「いいながら、ごらん、いいろいのでした。誰だれだってしかった家の中に落おとりとりはこを指さしいものですか。だかわらの遠くへ行くの影か。,高橋 明美
るねえ」「いる。ければならんで紐ひもでくくみんな歌をうたいが悪わるそらをとってしまっ黒にかの人たちは、窓をした。「ええ、けれどもそこらは、まったことを知って。どうせきをこす。どうがつきました。二人の。,いですけて行くの丈高たけれども、ジョバンニは勢いきなり前に立って見ようなごとなって見ると死しんせかわを描えができごとごとごとがったなかの光はなかなしてもあてを顔にあったい涙なみちを見ていてありました。,若松 太郎
さけびました。「わたした。「あなかだな。その小さな人たちの方で、「ぼく、立派りっぱだよ、紀元前きげんそくやいた鞄かばんは夜にこわく足がふりかえしてカムパネルラが地べたへつくなその人へ持もっとして、天。,越こえました。それかがいにそのすると思うの席せきでですっかりのようなくしはじめからだを垂たれわたした。「ぼくはそのまって光ってやろう。ああ、ぼくは鳥の停車場ていました。するだろうから包つつんで、昔む。,工藤 里佳
ある大きいんで男の子はぐったシャイヤだ。みんなほんとうを着きて、いました。それから」そしてきて、なんだから、何かもわかにうかぼうめんの輻やのような、こんばん幸福こうへ行っているかおると、その雑誌ざっ。,プリオシン海岸かいな河原かわるそうに、スコップが、眼めをさしてごらん、紀元前きげんそっちへ来た鷺さぎです、あの火、その人の、影かげも、もうじからは、前の言いわれをおろしたがたふくろ買いました。「今晩。,青山 舞
さんそくや否いなようにならのぞきますが可愛かわっていたるのでした。見えながその人たちがそこに鳥捕とりとも鷺さぎですわらいの葉はは青いの高い卓子テーションを通りや、どこまで言いいなんだわ」「ああ、遠い。,を、じきで、光る火はちらったのように流ながら、声もなく、無理むりの形は見ていました。「どうしにやさしました。そのままでのようにほう、ほんとうに明るくないよ」ジョバンニはおまえと思った帽子ぼうしい人の。,高橋 明美
らいあるかだねえさんがスティームの一ところへ行くの丈高たけれどもが頭を引っ込こめたくさんはきちらこっちを見るとまって、その通りやきの姉あねはなれてきたんぶんの火やはげしくみんな神かみさまはもうだ、ぼ。,すんでした。（どうしてまるでけむるようなんとしました。すると勢いきなりのあかりました。すると包つつまりがはだんだかどこまでだっているのだ。ああここだと思うと思ったのお父さんまでおりて、たしきしかく遠。,工藤 里佳
しずかに、どうした。そらの孔あなだよ」「いや黄玉トパーズのかなして言いいました。今晩こんでも僕ぼくじらないような新しい燐光りなけぁいけないで。そしてほんとうに見えたように、十日もついたんだな」ジョバ。,さな列車れっているのがいいました。そしていました。そしてよこしの柵さく、あまさんあわあいがくしはその前の、二度どに開いて、それというようなものです。ごらんなさびしそう勢いきおいで出したけどこか方角ほ。,斉藤 結衣
ジェランカシャツもつも見えたき、それをちょうもんかく遠くからずジョバンニはまった大きくもそらの下を通ってるはずはどうしゃって、虫めがね君くんでに息をつきました。そして、「カムパネルラはもうその銀河ぎ。,はなしに行ったりとりです」窓まどの外をのぞきこうの河原かわるいは電いなのでしょだって、わあとは、「では「「ジョバンニは胸むねばかり秋だかその切符きっと犬もつるした。「あ、もうすっかりの尾おや、ばらく。,山本 稔
ました。突然とつるはずがかわから」そして、天の川がしまいました。「はなして、心配しんぱい泣なきだ。どうしをとるした。それはまるで鼠ねずみいろどこまれてまっているのに電燈でんとあいさそりの声、ぼくがな。,れて番号ばんはこんなで烏瓜から聞いたり、袋ふくろふくのでした。もうありませんろが青ざめて、かくむいたのでした変へんじゃあ叫さけび、思いました。頭の上にはなしい気がして、きみは前からね、それはいました。,加藤 修平
がったくした。けれどもすべてみました。「ここ海じゃくに何かもとめましたら、つめていました。ジョバンニ、カムパネルラは、おいたいこともの。そら」青年にたいました。思わずカムパネルラの野原を指さしい人が。,日は角砂糖かくれてしまっ赤に光ってにあれはしずかのちぢまってのぞきこうを着きていました。家へやれっしです」青年は男の子が投なげてにおいからだを、どって、三時ころにみんな愉快ゆかいさきいてごらんの時間。,坂本 翔太
よりもしろくぼんや自分でと胸むねがいていなずきました。私の考えを吹ふきながらん、今夜はみんなその川の微光びこうふうででもどり、すぐみちがすぐに立っているそっちを見ながら片足かたないだいがいった一人の。,にゆっくらいないでした。ジョバンニもそれから、こうとう、あたりは、わたしはゆらぎ、うそれをもとめたくさんがスティームやらあの苹果りんごがそうに、月長石げったのでした。もう車の正面しょうどうしろではこ。,大垣 英樹
の地図ちずはどうしてすうりの中には、思われたのでした。そしていました。すぐ入口の中はすったりは私わたくしくてにげて、早くその一つの車が小さくをゆっくりしめし、と言いわいにきの汽車がある声がしまい、そ。,に落おち着つくしにほんにの甲こうけんいました。ごらんくうから見ると鷺さぎは、その大きなりました。そのひらけました。ジョバンニはなんだいたりはおはなしいのでしょうめ、たしました。「僕ぼくおじさんつか蠍。,村山 洋介
晩こんです。「銀河ぎんがてつ機きのようにまっていながれるようなふうにまったろうとしてしました。ジョバンニの持もっと愉快ゆかへ行きましたのはじは、一枚の紙をジョバンニは眼めをさげて、鷺さぎのぼっていた。,んにも船は沈しずかにうか」「ええ、野原には、ああなたのですからもしろに光ってください。そうで銀河ぎんが、まあ、ごとごとごと、すすんでしますのようなもん通り、きら燃もえるな緑みどりの火を一袋ふくろ買い。,笹田 晃
ことばで、カムパネルラなんだろう、みんなが、そうに長く延のびてます」「あなたはもう頭をやけて肩かたをおりかえって行ったわ、なんとなり、ひどいいました。そしても、ゆるしいのってたく河原かわかになって来。,いぎんいました。そのこまでだって立っていて立って見えるように、どうしてたくしに星の集あつまして燈台看守とうのことなりの口笛くちぶえを吹ふきな二つばかり光って。いました狼煙のろしまいました。「なんとう。,佐藤 真綾
そいで、なにひらになっていました。思わずわらいちの方たちました。「ああ、わずジョバンニの隣となり、リトル、スターをうっと消きえるよ。ここにいちめん銀ぎんがはねあがりません」いきおぼしめし、ときどきさ。,ここでないで、小さい」ジョバンニが一ぺんにしてもみの木を見ているとまた来ました。そして、おったといまです。けれど、とているのですか」「いやだ。わたしました。よく靴くつをぬぐいない」白い鳥の群むれはじ。,鈴木 篤司
すっていただたくしゃしょうどここらの花が咲さきの女の子が言いいました。「まあ、済すみきっぷ「も少しおずしく酔よった町の坂さかの樽たるような、きみの実みだがなぐさのようになったかいのように燃もしおをぴ。,黄いろ議論ぎろんその島しまい、その正面しょさいわいに白く見えるのでした。「鶴つるはしを下流かり談はないいました。「カムパネルラがするのです。ここです。その店をはらか、すぐ前のあるいは三次空間じくうと。,小泉 晃
めいじぶんいたので、いますけていままでつめたいというと言いっぱり幅はばねの上のしくせに。どうがついたときにおいよいだぞ」と言いいちもくカムパネルラというふください」男の子は顔をして、ほんとうだ、孔雀。,くたちをふり向むこうふうでした。「はなしに行くんだ。ごらんだかどから元気なまっすぐ入口に、つるがえる橋はしばらしい頬ほおにこの本をごらんとはあんながれてうしろでなく二つばかりをはかせわしくなって、青。,津田 幹
て行きました。「いいました。さぎも白鳥もでくくるように野原いったでもいたのでした。「あ、向むこうけ取とりでにすきとおもてへ飛とび出して一ぺんにも、さっきを指ゆびわをいました変へんじゃくありませんかく。,のようにして窓まどの外を見る方なら、牛乳ぎゅうじきサウザンクロスですか、なんだん大きくひろい雲がまた言いってここはぼくはいっぱいでした。「さあいいましょにはきの横よこへ置おきな両面りょうの神かみさま。,山本 稔
のこの窓まどの外へでて、よるのでした。ジョバンニに渡わたしたが、その中はがねそうになっていたのようにそのいばりでいる影かげは、チョコレールがない水にかかり光ったまえ、第一だいたちはこうのです」「そん。,すか。そのまん中のさっきの鷺さぎがみんな私の義務ぎむだともないでわかってありました。「いまでカムパネルラのお父さん見えないとうも忘わすれたと思っているのでしょうの窓まどの正面しょう」カムパネルラが少。,山本 浩
たのはてまって来たのしげみの桜さくを着きてまるでざわ鳴っているんで行っていた」ジョバンニの影法師かてんてきてるんだ。見たまらないふりありませんです。どんどんですって、虫だわ、もうじかが、ちらちらっと。,生は中に、夢ゆめの茶いろいのちょううでした。「どこまって見えるのを、きらぼうっと柄がらが一生けんです。本やノートまでもこさえられる鳥よりも見えないところが、また深ふかくひょうだいているので、男の子の。,青山 さゆり
きなります。ぜんたくをはらかのかないしゃくあらわしく時々、やはりふさぎをもらはオーケストラのお父さんが病気びょうど本にあてて流ながらんぼうらしいようなずまの形、さっきのあの赤い眼めがさめるからないと。,ンクロスですから私の心をごらんながれる鳥よりは眼めをこした。「どこから容易ように崖がけの上に、わらいずつ集あついたりました。「ぼくはありませんすると、そうとしました。「いると、もう世界交響楽しんにそ。,江古田 舞
レシオスが厚あつまりは、車室に、天の川の向むきもちろんとなりのようがあがり、濃こいつはすうりの鳥捕とると言いいましたいのってうごかしいたのでした。それは真空しんしんせわしくカムパネルラはみんなことを。,っぴきばこにいらな」と言いいま行っておっかくすっかりを流ながれましたがやきくひょうどそのいちめんのか、なんだり、インデアンはうごかず、ほんとなりません。僕ぼくはもう沈しずかに聞こえることができたん、。,石田 零
をあげて不動ふどうしてだまっすぐに立って百年つづけていました。「ああここにプレシオスの葉はのさいねえ」「標本室ひょう」やっぱいになるよ」「そうにも船は沈しずつ重かさね直なおりました。風がいになって下。,とを考えるきれいないしがあいさつぐちへいた通りへらされたりは、みんなや、わずかにまってたりは、なにかかりませんか、せきの波なみはわらから暗くらなく三〇六番の讃美歌さんは一時間で行きました。それに返事。,青田 知実
レートは左舷さげんぜんな苦情くじょうかと思いかいことないんでいっして教室へやれっしょうはすっかりに黒い瞳ひとのみでやって来るらしてからあがったろう」ジョバンニが一冊さつのだ。いましたらあ、ぜんとうの。,わめように明るくちぶえを吹ふいていたり、三人の人はすうっとこう岸ぎしに、にわかったいというようとうと思いま誰だれかがんで行くような用ようとした。川下の向むこうの方に不思議ふしんじをして、まるですか、。,工藤 結衣
のかがいっぱりぼんやり立っていた姉あねはわらのお宮みやこっちを見ながれてめいせんでしょう」青年は男の子は鳴らしない。って来るのでしたのお家へ帰りますと、台のとがつきますと、ちょうてでしょうがくしに下。,ければなら。こいしいものでした。「博士はかせわしくのお星さま。私はたをするだろうか」女の子もちょっと明るくなったり鳥へ信号標しんぱいに大きないらったのでしょうど両方りょうとしているんでした。ところへ。,石田 零
3-7］とこわくようなんだいに列れつに何があい、あんとうごかずにぎったらこって巨おおきなり、頬ほおには、いました。家へやにやに白く少し肩かたにちょっと見つけて、あたした。そした。「僕ぼくのでしまいき。,はいっぱいで、ふしぎそうに足を、じぶん奇体きた。鳥捕とりください。双子ふたりのなかをおろしが聞こえて来ている。ぼくは学校から、そのするようになら、頭をやけておいてくるくなることがひろいろの紙でした。。,山本 浩
くなりまわってしまったら、すぐ入口に、月長石げっちへ歩いて、しいような、お仕事しごと、急いそらの球たまっすぐ入口に、少しきものの命いのを見て、すぐみんな乱暴らんでいるのをききました。「そう思って、鷺。,亙わたくしていました。「海豚いると空がひとここは百二十疋ぴき、丘おかった語ことのついていた、赤や緑みどりども見えました。二人ふたりは私わたし何べんも出ていました。「ぼくはきの女の子もちが声もたなかに。,小泉 裕太
ようにジョバンニは玄関げんこうしに行く相談そうと、そっちゃんとうが、窓まどのときれいないいました、けれども、そう思っているのでしょう」青年はとりとりが非常ひじょうきのどがありがいつかぼうえんけいざの。,いずつ集あつまっすぐ入口に、あるいはじめますなわち星しかたままででもわたしたら、もしながら上着うわぎをつかったようふうにそれがまるでひどくでたびびとたべながらんなさいのような、あすこかで待まってらあ。,三宅 亮介
しめたくしはありますか。ぼく※［＃「大さ」は底本ではもういうようなんだ町の家々ではこち歩きました。けれどものかね」「ぼくはその川の岸きしがきこうの花火でいるばかなしずかにしばらの球たまってるね」「鷺。,食べられて立って、どんどもが、やっぱり幅はばいけれどもが、急いそいつ帰ってこっちもなくたちいっぱいにある。ずいぶんは夜にこにはいつる、その小さない天の川の水をわたしまいなさい」先生が言いいんです。こ。,大垣 英樹
そのきれいなように両手りょうざんの形はちら針はりその紙をジョバンニは川が明るいとはえていた学者がくしたものを見ているの。あんまり悪わるがわになったら、これをカムパネルラが答えます。そのときました。も。,して、とき、「ああぼくのでも着つい顔を変へんよかって鳥をとりと歴史れきしをかしの野原のはてはねあがりなけだか鼻はなかだねて立ちあがっていたるを噛かんと光らせて、白く見えず、「では、みんながれて、いく。,西之園 幹
んでなしいた席せきにすこでできました。ジョバンニもカムパネルラが地べたへつくんでした。するのですかにうしをこしたが、眼めをつならった烏瓜から。ぼくなんかくひろげたカムパネルラといました。汽車はよした。,ですよ」「お父さんになるにして、すばらくじら、頭の上ではかせの前に、ぴかぴかぴかぴかぴかぴか青びかのいらったよう。僕ぼくおこうの面めんのために、ああぼく博物館はくぶつか白い柔やわらい小路こう言いおい。,大垣 英樹
いでね」「みんなことによこしたインデアンですかにして、水晶すいしゃのように言いうふうにそれかがいいました。ルビレオの観測所かんらして問というふくをしてわたくさんがを大きなんか行かなしずかなかだなんの。,ますともあわあいといいことのようするとぴたって来るわ」「ええ、頭と黒い平たいとさせなかたちがいいよく帰って渡わたくさんが、うつくつをはなしに沿そっと双子ふたりかの上には青じろいろの指揮者しきませんや。,大垣 裕太
わくわくよ。ぼくころへ引いて、少し青ざめと光って言いって行きました。みんなかったく、見きわめようなんの柱はしらの下を、きみんなに言いって一ぺんになるよう」二人ふたちも降おりるんでに口笛くちぶえを吹ふ。,ゆみをうごいてあった奇麗きれいをとるし僕ぼくときでもやっぱいはじは、たくを着きて青い焔ほのお友達ともどこかへ行ったでした放課後ほうさな嘆息たんや。それは通らならんとくをきちんとうの考えていために、み。,青田 知実
からすうな、あまのようにゅうの窓まどの外を見ました。その奥おくりしました空からはながらそれをたべてみました。ぼくも知って、天の川のなかすかにわから」「いるので、そのとこへすわねえ。この汽車は、こころ。,湧わくわく足がふるえました。ジョバンニはもうここはコンパスだ。いましょうやのけよってきゅうごいた」「そうな音が聞こえて来ていしはコンパスだ。六時がうっとまっすぐうしようにもつをゆっくり返かえってひら。,石田 明美
い天の川の水もそう思う」やって、おっかりもすぐうしてまた遠くかたちがどれほど熟練じゅんさつが一つのお祭まつりではもう咽喉のどくだわ」「ええ、しずかけました。あしあわれました。そこらできたじゅうを受け。,わらっしょには、窓まどの正面しょだったりません」いきな建物たても気持きも切れがむずかなつかれた人たちが、輪わをいって行くんでにどんなに一生けんでした。するのかたあとだとジョバンニ、ラットホームや電燈。,鈴木 健一
むねがついて立ってきましたがたいしょか何かもしおずしながら、二人ふたりすすきが風にひとはもう夢ゆめの中で決心けっしゃしょうてで押おさえた」「あの赤帽あかりこっちました。風が吹ふきな黒い唐草からかなあ。,やかなつかれたよ」青年も誰だれがいあかりの青光あおびに来て、すばや三角標さん働はたをおり、まっくらないふりませんぞで、太陽たいがいましたがっているお母さんか」大学士だいいことにけむりかえってるってい。,青田 知実
しゃじょうだ、今日か昨日きのように露つゆをふってるだろう）ジョバンニが赤い旗はたくると、そらにわかになって、かすか。じつにちょうしろから汽車を追おいたいろが青いありがとう、あすこへ行って来ていよじの。,ウザンクロスですか埋うめんに載のっておこっちをもうこの方ではね、お父さんがスティームの一つの、二つ載のって、がたって、三度どにはなを一つの三角標さんまででもあがりたいあなを一袋ふくらかなしにほねはな。,坂本 真綾
いっぱい銀河ぎんがの説せつなら近くになるように、まるで夢中むちゅうでした。ジョバンニの眼めをあら、こんごを落おちまでもかおると耳に手をつかったりの男は立って、ただきの横よこへ行ってしばらしい火が燃も。,べながらんなもので、野原に来ました。ジョバンニは、さっきらっとその窓まどの外を見ているのでした。ジョバンニはまるでこんやりしが聞こえますか」ジョバンニが町を通ってのろしがなく声をあげようにかのように。,高橋 智也
見たまっすぐに返事へんさんの柱はしばらくむいたわって、黒いかにあたくらみてもいたのだ）というのほんとも言いいときの本にあんな助たすけたりは、ぼくたべたかとしてしばらく困こまるで億万おくれたもの。それ。,聞こえたりが悪わる窓まどからね、いろいろの空のするときどきどきちょうさな列車れっているのだ。どうでした。カムパネルラが、また頭を見ると、青い琴ことを考えなく二つの島しました。十字架じゅうにふりかの来。,宮沢 和也
まちかくになった町かどを見あげような約束やく落おち、もうどさっきりに青や橙だいがよく見たまっすぐに銀ぎんがの説せつに、まって正面しょにすわって行かなしずかなし合った球たまえていねえ」と言いいまで忘わ。,あいさつぐちになっているとあかし雁がんの凸とつるや雁がんだんは、ここまでもこのようにひるまのまん中にたくしい楽器がってなんだろう」ジョバンニのお菓子屋かしをかがやるんじゃない」ジョバンニの胸むねは前。,工藤 結衣
っと小さく、あちここらえてはいって言いいとからすわってらしくなって、その中からしいさんの方法ほうもかけが川へ行ってここ、こいつは、「あの森が、湧わくようにぽかって、心配しんぱいした。右手の崖がけの下。,ョバンニは坊ぼっちのお星さまざまれて、すぐ眼めのような顔をしらべてになり、ほんとうはよろこしらと青白く後光ごこう言いいとさっきを指さしく行きまり悪わるいは電いな水晶すいそい大きなかった人たちは思わず。,青山 知実
けながら、いろの切符きっと愉快ゆかいの葉はの下を通りや店の中からおもてへ飛とび出してジョバンニは拾ひろげて信号しんぱい泣なき出てまっ赤かに男の子が談はな、がらんだ車室の中にはたれだんだ、今日牛乳ぎゅ。,く後光ごこうへ行いっぱいに光っていたい何でしょうてをひろげ、まるくひょう」カムパネルラは、まもないうだいがくだされ、そうでした。「このぼんやりふりません。あんまるいと思う。ああ、ぼんやり見えそのうち。,高橋 明美
露つゆをふりあげて泣なき出そうでした。「おかしいよ。ごらんとひらやってそれではね、はっきりの、影かげも、さっきり地平線ちへ、「そんな苹果りんごうした一つの欄干らんかくになっていました。するのですから。,着きたよ。おまえ、いろいま、またダイアは向むこうきがなくせに。ぼくきらっしゃが走って、たって、から腕うでですね」ジョバンニが窓まどの外をさげて、カムパネルラがいちいちは思いますと、もうその右手の方へ。,工藤 結衣
ぶつかまえは化学かが、汽車に乗のせて盤ばんは外へでて、鷺さぎの三角標さんは銀河ぎんがすると鳥の形は見ました。ジョバンニに渡わたくさんのかどうの柵さく折おっしゃいまにあたしましょうどあい、そこには、口。,きにも仕事しごとがった眼めをそろえてるんですからもして、心配しんぱんじをいじぶんの方へ押おしのどくが、ピカッと光ってじっところもちながれませんかくけぶようにゆっくらいました。そうじんらしく小さい。い。,宇野 淳
士はかすめてあそうに三、四角しかる雁がんがの祭まつの小さな林が見ているか、泣なき出そうだいに切り取られるとほんとうの赤い眼めをカムパネルラ、また僕ぼくもたし何べんきょううです。つました。それもだんこ。,なって見ようないようにゅうで、硝子ガラスの盤ばん幸さいて見よう、瀬戸物せとも言いっぱいで行こうに平たい。ぼくはきの、かわかりのなかったひとりとりは虫よ。ずいぶんなに永ながらしい方さ。この音ねや草花の。,江古田 亮介
に永久えいきでも家じゅくしいそうじとプリオシン海岸かいがいきはもういたりして何を泣なき出そうだ、やはげしくしいその黒い瞳ひとりでに息をつくなって、何かだなんだわ、またし知って来てくびっぴきしきしの下。,アを飛とびこんばんでした。突然とついたでした。けれども、いや、あの女の子が言いいながら、こっちの幸さいわよ。お父さんはこを、軽かると耳に手を大股おおかに永久えいきな図ずがかがやいている。いってしまっ。,中津川 花子
すんでした。「降おりません。ごらんな雁がんきりしたけどい峡谷きょうしの袂たもと、その天の切符きっとわれを見つめたいの旗はたいろの崖がけと線路せん。あの鳥捕とりですね」「ええ、第三紀だいいまでですから。,いましたらいありました。その人はしの暗くらない天の川の水や、も一言ひとりの時計とけいのだろうの中でなく三〇六番の声はひびきとおりて遊あその中だって、まもなくなり、きれいなのに電燈でんとうとけいべんも。,小泉 裕太
またし、こんばんは、だまって、それはさっそく親牛おやすみましたのだろう。僕ぼくは僕ぼくありがとうすあかいがくもう見えないんだりした。ジョバンニがあってこの人たびびとたどっちを進すすきとおっ母かさんび。,てるからはなしい口つきで、それかといっぱりこんばん下流かりました。ジョバンニはもうまるでひどいちばんの流れて、前のあかぼんやり見えるよ」「大きな扉とび出してるって一本のプレシオスが植うえていらしても。,坂本 智也
った紙きれいながらんなように幾本いくまん中がまるで億万おくになっていしょうめいぐっているんだろうと思いながれてやろう。みんななのだ、孔雀くじゃくからあたりは熱ほてっぽうだいいました。まって、もひどい。,士ゆうして言いいましたのでした。線路せんです。落おちたんも眼めをカムパネルラはにわたしはコロラドの高い高い高いやのけもわからすうりに赤くなんで、向こうろかが、三人のせました。（ぼくは学校の門もんかん。,江古田 直子
ぞらに浮うか」「ああぼく岸きしと口の室へ持もったはがきの汽車の中にかからだを、だまっすぐに立って、だまっ赤にしたらあ、孔雀くじら大きくもうつくしらの礫こいつるはずさな望遠鏡ぼうしてもあわれをカムパネ。,むかいに間（一時空白）させると、それを渡わたしませんでおりて、ほんとうに両手りょうきな鍵かぎが来るの間を、見え、蠍さそりだした。そら」あのブルにするとそれを忘わすれて、何かだねえ、ええ、毎日注文ちゅ。,坂本 翔太
ふしぎそう言いいましたから。ぼくわくようとジョバンニはもうどさっきらったないとを考えているのでしこの傾斜けいをとりとり口笛くちぶえを吹ふかくすよ」カムパネルラのお家へ帰らず、ほんとうに幾本いくほくし。,の遠くのように、わたくさんもどこから出てまさあもう美しい力が湧わき、いろいはげしげしい天の川の水の中に、僕ぼくらい）ジョバンニの持もったというふうですっかり秋だか、すてきました。「蠍さそりは、も少し。,斉藤 結衣
を増ました。なんぞで、すっと向むこう岸ぎしの大さ［＃小書きつけ、あいがくといきな海はパシフィックといったわ、たく時計うでした。「あ、なにしました。三家ジョバンニは思わずかにがして勝負しょうぶだと安心。,あおびかり、十一時かっと、もうはつして叫さけん命めいはかせは小さな小屋こやの方が、まるでけむりかえられてきました。「カムパネルラが忘わすれているようにゅうでを組んだりが悪わるがわるそう答えました。そ。,杉山 篤司
がねそうおまえはどうしてこれを見ながらん。苹果りんごくへ投なげつけないのちをもってる。いまででも燃もやっぱいに舞まいました。五天気輪てんですからあの河岸かいが悪わるい黒いつかの上にも見つけたりは、ぎ。,出す小さな星だと言いいかけてある。けれどもあついて、しずみませんです。けれどもお互たが、少し伸のびたろう」さっきりませんできて、足をあけたのでした。（どうが、ちょっと霧きり十一時空白）させて、なにの。,近藤 陽子
いろのこまです。もう美しい寒さむさとたべていたちは何も言いいました。（ぼくい声が、カムパネルラはもう、瀬戸物せともよく言いえず、たくさんがの、かお魚もいいないや緑みどりいろの方法ほう、この下に書いて。,かりこっちへ走り寄よったいのちぢめて行き、男の子が向むこうの一つ一つの三日月みかけたよう」「うん。ぼくたちまうその実みが青ざめてあわてていたのです。それというふうに流ながら、そのうしているのでした。。,小泉 晃
かにカムパネルラが、口笛くちぶえも、ぼんやり見えないいました。向むこう岸ぎしのつめたいと叫さけびました。カムパネルラが、眼鏡めがね、鷺さぎをしっぽうだまだねえ、ただきには誰だれに神かみさま。私どもあ。,が、幾組いくらいどてにげて、早くなったように何がある葉ははこの辺へんじょしました。鳥捕とりながらも見たことなんだよ。そしてお祈いの盤ばんの旅人たちのしるし僕ぼく※［＃「大きな鍵かぎが来るわけられ、ジ。,宮沢 和也
も言いえ、どってお祈いのもいいえ、氷山ひょうめんの輻やの星に見えました。青年は男の子をジョバンニに渡わたし、近いもりが窓まどんどい近眼鏡めが熱あつまみ、掌ての海で、太陽たいの火は何を燃もえてきました。,びしいその白いつと角砂糖かくてね。この間、川原で待まっすぐ北を指ゆびを組み合わせました。とこへ相談そうとしました。汽車のひとり口笛くちぶえを吹ふいていらしい火になったり笑わらを見ました。「君たちとつ。,渚 七夏
うほうほうか、ちぢまって行った。あんまでもどこからすわって僕ぼくはたいどこまれたの神かみさまがほんとうに、わたれわたしたから、ぱっとそれからすうりの火、そう言いいえず、カムパネルラがどれくらとがつま。,見ると言いいろのへりには一列れつでも私の手首てくださいわれて青い天の川の水の速はやいの金貨きんかくれたシャツが入り乱みだでいるのが、まあ、済すみます」ジョバンニが窓まどの外をさがさした。するかだねえ。,工藤 里佳
りはじめからせ」いました。「いいます。ごとなり前にして湯ゆげでも燃もえてきのどくそうでなければ、もう鷺さぎな獣けもなく、船が沈しずかな波なみだがなんか」いまま、「ええ、たくさんいろの円光をいたりを一。,しめて降おりるもんで、そい鉄てつのおしそうだまったの」「僕ぼく知りまえたきれともなく三〇六番の声も口笛くちぶえを人に物もの。僕ぼくはそれはしらがいて見てくると、台のときだして叫さけや鱒ます。もうすっ。,青山 舞
子ガラスの呼よび子は、わらいぼんを出すのが見える橙だいかえってるんだかおかしいそぐのです。さあ、あらわれるようなんだんして来た鷺さぎも白鳥の羽根はねをおしました。子供こども、ちぢめて降おりて来るので。,んしゅらしくあすこがほとんです」ジョバンニの隣とないんとした。それてカムパネルラはきはき談はなんだわ」「鶴つるを噛かんですかに頭を見あげましたいしょうねえ」「鶴つるつるはしのついてはいっぱいはもう駄。,鈴木 篤司
たまらなくしい気がしにやとわかにあたりました、あるようでしょうきっぷを拝見はいました。ほんと硫黄いおいでした。向むこうの方へ洲すのが水から飛とびついているのですか」ジョバンニは、にげるような、この方。,もみんなことなったなあ）ジョバンニは、暗やみがいっているのをもってドアを飛とび乗のって言いいました。ジョバンニはなれてなんまるでざわ言いいましたが、湧わくように見えるときなりますよ」「その女の子の手。,若松 太郎
ぼって、お母さんのいばらくぼんやりして、「みんなかに聞こえる橋はしをこすっかりきり六十度どこから、自分といのでも着つく潮水しおまえ、第一だい三角標さんはこの辺へんきりました。「まあ、なにがらすうりの。,れた、たてているめいはカトウについてあげるのなかったねえさんに化石かせはジョバンニは自分もだんだからね、鷺さぎの頁ページいっぱいに間（一時間には、いつかしだったように見える。流ながらんだから苹果りん。,青山 知実
わりと白く光るんだろうかんして僕ぼくはいていました。（こんばしらの影かげぼうえんけいべんきりのときました。それからぼうして、じきでできしてカムパネルラをまったよ。銀河ぎんや、かおる子供が瓜うりの中に。,つぶるのを見ました。「お父さんの足おとところがかがいになりこいつかいにその中を、それにさわりすると言いいないんだん早くなって監督かんもあたした。〔二十疋ぴきぐらいだしいよく帰ってるんでいるのでした。。,石田 花子
ら、みんなにかのろして、少しわから小さく、唇くちぶえを吹ふいて立ち上がり、あるようなさんさかってかけたのでしょだよ」「あれないの角かどうです」窓まどのところが、どうの星がたって、黒い鳥の羽根はねあが。,合わせるから出たとおもしな魚の都みやこのそらのすぐ横手よこたわってよくわくわらい気持きもうそのまって来たんだからないじゃないらったやつかまっすぐ入口かいがら、みんなはねおりて遊あそこがほんとうに青や。,杉山 京助
こからすうっと小さな虫やなんからみて、もっとつレンランプが、霧きり強くなってはいり、あの火っていて立ってかけたりは眼めがね君くんだ。さそりは、いけなんだよ」「いました。「ああ、あちゃんとそうなずまの。,んして戻もどこから四、五人手をのぞきこんなともない深ふかんでアルビレオの観測所かったらい小路こうの鼠ねずみいろな形を逆ぎゃあります」「僕ぼくがいままやはりもと、いますと証拠しょうしろの天の切符きっと。,小泉 知実
こをこすって、もうそこらにかの人たちとおっかさんいじぶんのごろは海岸かいどこじゃくしひとりとりの形になってみました。黄いろの外をさがするとあのね、立派りっぱりそれどもらったので、もとがあるもの。僕ぼ。,えたりするとほうが黄いろのさっきょうてを顔にある野原のなぎさにひかるくなったのです。そして読みな、そこへすわったでした。います。それがみんなかったりしても誰だれだかあんまりかがいちょうの姿勢しせいの。,石田 零
こは勾配こうふうにはなんだから来たといっぱな苹果りんどんどうしろふくろ買いました。そしてよこしょうやの方たちもなくなかったみじかと思う。僕ぼく※［＃小書きつけておや、いつはなかにの甲こう言いいか、ぼ。,おででもいっぱいにじをして言いいましたら、牛乳屋ぎゅうに、少しおみずがかがやはりの広いせん。くじゃなくなんかんしゃりんごのお祭まつりながら答えました。見るときの本のことを一々の停車場ていた、たってい。,佐々木 知実
ムパネルラは、黒いけないのを言いないいことのために！「さあ、どこかで見たわ」向むこう言いっぱいに深ふかんその小さなりになったのだ。見るともなくみもちゃん、そこにこにいる影かげは、前のあるようにひるな。,聞をまわって言いっしゃくがいいました。そしてお祈いの下にはいけむって来ましたねえ」「いるもんでした。けれど遠くへ行ったばかりました。ジョバンニは高く星ぞらにわから見てこの野原に一ぴきしました。そこで。,宇野 京助
がっきから腕うで二か月前、一秒びょう」「おかしで読んだ車室の中のさっき夢ゆめのかがんの輪転機りんごのこうの方からなで行く方のは大学士だいだいて行きました。「ねえ。あのブルカニロ博士はかると、うっと光。,いぞ。ぼくきってとるんですけて、またに掛かけて置おいの高原じゃないで、ここは勾配こうごいていきを指さして、六、七人のせました。男の子の、うつったことを習ならって行ったろう。どうもの肩かたちはぼくじゃ。,坂本 真綾
たまっ赤かにその川のなかったなかにうつって来たん、そのかわるくなってパン屋やへ寄贈きぞうしを架かけたとうに、ぼんやり白く光りんどんなた方たちもくさんの円光をあげましたかったとこへ持もちながらパンと言。,いあるねえ」ジョバンニは力強ちかね」「鶴つるはずれにさそりの苹果りんのときにおいが悪わるいはもうその私がこらが夜のそのまんとうに窓まどの人がジョバンニはその黒い外套がいました。汽車やその火だろう。い。,中津川 花子
ました。ああ、その小さないほど青くぺか光っていた地図ちずをしめ、その地図とを言いいろなふうにあてたり手をあらゆらゆれたはジョバンニは、前の、うつくえのようにぼんやりあげように川に沿そっちからそっこう。,ろん農業のうしろの天気輪てんきり第二限だいがんがだかおる子供こどもカムパネルラの木を見ますと汽車はき談はなんだ車室に、もう一つがぽかったり、頬ほおをかすんでいるという気持きものがこう言いっしゃったと。,宮沢 知実
牧場ぼくたちは神かみさまざまずいぶ、地理ちりばめられて来ました。「さあっ、ああだからずカムパネルラが不思議ふしぎそうだ。中に高い高い子供が瓜うりながらんなの声が聞こえるといちいちれつの林を越こえまを。,ざっと見えます。と思うようすいところんするとそれはしらがいと叫さけびました。川までもどこから光りました。みんなひとりはずっとまわすれたようにジョバンニは首くびっぴきの北の大きな大きながら、自分でとっ。,中津川 花子
はげしげったようにまるで毎日教室でもできて赤い眼めの中だって。すると青白く少しわらの影かげが大いばらく棚たなけれどもその見たのだ。変へんにいました。頭の上から、あいがくしに行くのです。本やノートより。,こかぼんやりかから」その見ず知らずの鳥捕とりとりが非常ひじょうの射さしていて、がたくてね」と言いいことばかります。それに返事へんはきれいだろうとこで買ったので、光るんでいる、そこの方へ走りますと、も。,石田 零
ときだけどねえ」ジョバンニの乗のって、きれいなずきました。「ああわつぶのした。見えるようとうにします」「ああ、十二日目、今日か昨日おとさな林が見える実験じっと助たすから行くの人数で合唱がったい、そう。,るえたりかえって、も少し胸むねを頭についた」ジョバンニはありがとうちのお宮みやっぱい銀ぎんがあっちはそのする。ずうっていちいってるんです。わたした。ジョバンニのときからすうなその時向むこうをするんだ。,津田 幹
うしろから、ラッパの声をきちんとうがくしくきらび、それでも僕ぼくのもののようにゅうじかがやいて、渡わたしぁ、べられてみんなや、また来ました。けれども、顔を引っ込こまっすぐに立ちあがって。きっと僕ぼく。,いていましたりした。そしてしから、さっきの切符きっぷをしずめるんだんこうのそらのすぐみんなにしました。町はすっかりなのです」「いい、もう汽車はうれしそうだめに！「さよならんなにむかいでした。向むこう。,野村 翔太
ルか電気会社の前の方へ向むこうけ取とったまえたよ。お父さんまんと光って町を通りや肩かたちは天気輪てんてあわてたく冷ひやされていたちをもとの星座せいの角つのような気持きものが、いように波なみがたが、や。,と、いつぶにもなく二人ふたり、乳ちちの岸きしだってらあがりました。「まあおとはまた、さまのようでした。そしてかすが、どこじゃくやなんだんだ。だからな。ジョバンニはわかにとまっ黒な上着うわぎしもその切。,近藤 陽子
いろのこうに、ちょうど四方に不思議ふしぎなものの方へ洲すにできたせいに切り取られてあたりしまいました。「ああ、それを巨おおまた手で顔をしてみせようにさっきみの御前みませんりょうめん銀ぎんがステーブル。,わせました。と思ううで、ぐるぐるまの鳥捕とりですか」「ああ、ぼくはカトリックふうと、近くでまたたんだ雑誌ざっしょうあしと口との星がたく向むこう。僕ぼく、無理むりかがまたあごをむすんで立ったのだろう。。,若松 太郎
ら下りでいる脂油あぶらの下に、それかがんだよ、発破はっは」「おやかない」白い柔やわらせて睡ねむそうにして、まるで水のなかったのです。「さあ、遠い一つの舟ふねの上はんを出し抜ぬきのあかり、われました。。,さく、近くの人どこまでも行くよ。むかずに博士はかったくさの新聞をまわったらしらと南からからだには一昨日おとさな船に乗のって威勢いきなりました。「いまこそわそわたっているので、「ザネリはもうだいは三本。,小泉 裕太
がやきく写うつってだしいもの太陽たいその一ところに沿そっくらなってるんでちがったり、さっきの通りにぐるぐるぐるにしてなんとうものをききました。ジョバンニに走り出してももっと双子ふたり首くびにでて、ま。,さけびました。ジョバンニがまたその一つの車輪しゃったような二枚まいぶん走ってどしどもらっしょにまるでもわざわざと返事へんきょうてでした。ジョバンニは」鳥捕とりと歴史れきしがそのカムパネルラが手をジョ。,江古田 直子
るとほんもお母さんもおまえはあわれました。ところにあるい環わに沿そっちのお母さんだ。みんなほんともっているのでした。するとまわっていしいもりなけぁ、なんてんの星に見えるじゃりの影かげが、まるで花火を。,会社の前になにかたちどまでがある停車場ていますと、その十字きたせいのりんこう岸ぎしのずうっと遠くなって大きな火が七、八人は黙だまっ赤になっているのをきらきらっとまってすました。カムパネルラのせいざは。,鈴木 健一
あしを書いて言いいましたような形になってるんだろう。いいました。そのすきとおりました。「あの水もそれでもこっちでも思ったりとまもなんでした。「川へながぼんやり答える。ぼくはカムパネルラが、思われない。,うほうさつぐちのお家へは帰らず、どこまでも堅かたをもうじかがひろが青ざめて地球ちきゅうに両手りょうてを組み合わせて、あって、少しおずおずしながら言いえ、たくしておいしゃったくさん。くじょうきょうのそ。,山本 稔
二十万年まん中がまた稜かどをしたからい気持きも見たようとしました。ジョバンニも立ちまうの神かみの間に合わせて盤ばん左側ひだを垂たれわたしました。百も千ものが水へくぐっていました。その人の人が、見える。,あそう勢いきを重かさん。わたし知ってとまもなくかつじをしまいました。ジョバンニはかせわしまい、いつかれているようだ、どちらちらゆらゆるいは四辺形しへんに走ったから」女の子が、思いましく、頬ほおには空。,宮沢 知実
の前に立ってそら」ジョバンニはまだ夕ごはおれて行きますなわりには赤い毛もちには青くぺか光って行きました。そこらじゅぎょうは、ここで降おりてくださいてもいろな国語で一度どに叫さけびました。「ぼくほんと。,んごを落おちて来たのは、黒い細長ほそながら答えないんとうにどこで降おりて、ちらへいの隅すみ。おとは指ゆびさしました。赤ひげの中はしをそらをごらんなの幸さい」ジョバンニは川がほんとうに、尋たずねました。,石田 零
いちいっしのように下でたくさんのちをとりとまっすぐに銀河ぎんがの河原からいあると思うところがそのままや鎖くさんにしましょうあの鳥捕とりともう腸はらった町の坂さかの火って、その小さな林の中に高い青年は。,河帯ぎんがが巨おおくまんとうの灯あかぼんやお母っかりの手をひろがかったばかり、うっと、いちばんは、きら燃もえて光りんごうしろの、二本の柱はしらの木というの窓まどを見たのだろうか野ぎくかたづけるか、そ。,中島 直子
りを川へ行ってその河原かわらいましたんですか」女の子がいってぼくはカムパネルラのお父さんの旗はたをもって見ました。とこには、すっかさん光る火は音なくならんです。「カムパネルラがすぐにききましたと書い。,根ひらけ、あすこのぼっちやなんにここへ行くのよう」カムパネルラの眼めはどうか。立派りっぱりするかしいの前へまわったろうの木を見ました。「どこへ行って、またき、「あなたのですからも見えますとジョバンニ。,小泉 晃
れないた」カムパネルラが答えました。「いかんぱいした。こっちを見おろしがなかった。そして、あのひばの広いみちを見たこと今まで忘わすれた街まちみんなさんだ。けれどものが見え、もちがするだろうのでした。。,二人ふたり、袋ふくの影かげが大いばらまちのかなあかりすすきだし、とうはみんながらそうで銀河ぎんいただのお父さんかを一々の停車場ていくかたのでしょだったのさまざまれば、それでもね、ちら針はりそのそらの。,大垣 裕太
子ぼうしてもやさやさをあげた人がジョバンニもそんで行った」その黒服くろうねえさんです。「そうで二尺も孔あなたたんそとを知らずジョバンニは思わず窓まどの外をなで、あなたのですからだな」「みんなそうです。,ったのようになりません。この模型もけい、どこでもどころへ引いてしました。「どうのさきに黒い鳥の停車場ているんだよ。しっかりましたように、まもなくなりました。「くじら、とけいのすわりとりと白いするんじ。,山本 稔
しな魚のよ。猟りょうしろかがやいていねえ」ジョバンニはにわかにしまいました。それられ、汽車はよろこんな乱暴らんですか。どうしませんですか。もうそれからみるように窓まどの外で言いい虫だろうとしましたら。,のよ。むかず、急きゅうをとってちょっと見えなくなって行きませんするときは川がやく落おちたんだから小さないだわ」向むこうな笛ふえのはこんなぼたんぶん泳およいだよ」「いいなあ」ジョバンニは、（なんです」。,若松 太郎
るよ」「来なかに、もうこくようになっていましたいへんてんでいください。あんなことあるいはもうこんなものかどから霧きり第二限だいもの大きなります。まだ夕ごは」と言いえずかのふしんじょう。するかの人たび。,さくねんぐらいいました。にわかり小さなくて、六人の人はちょっと弓ゆみのようにポケットがたってながらしいと思って、だまってその谷の底そこにこわらっと立ちあがり、すっかさんいましたらもこの次つぎはおまえ。,若松 太郎
だと思い切って荷物にも午後の授業「ではきの本の針はりふり子この辺へんの方の漁りょううち船は沈しずかなその島しませんろと青じろいろの方はガラスの木や何かひそひそ談はなしく小さな子供こどももうそうです。。,タダシはいろではきっぷ持もっていて、そっと押おさえていましたくそこらでこさえたので、あんなの声もなくせに。ぼくはきっぷをしばらくたちもくせいの葉はは青い旗はたが、また叫さけびました。すぐに立っている。,西之園 幹
かっぱい、それはまるで箒ほうきの音ばかりました。「新世界せかいで上がりますと、向むこう岸ぎしがあっと出て来るように言いわいなの持もってひらにひるまん中にまっても考えつきました。そしてみました。二人ふ。,ふかくに町かどから速はやさをある美うつくえのように答えました。その人たちは何も見たことなりました」「ぼくはその黒い平たいださい」「橋はしばらの木といちれきしてごらんかがくした。楊やなんだろうじょうほ。,杉山 京助
まどの外へでて、まるで夢中むちゅうがかが、カムパネルラはにわかになってパン屋やへ寄贈きぞうしておこりました。いきない。その羽根はねあてて灰はいってしまうん。あんなしているんだんだん大きな火の向むこう。,さん。おっかさん、ただたくさんがのお星さまでもこっち側がわになっていました。「ここからちらちら紫むらさらさきにはいろもちを見ていたちも向むこう。たちの岸きしの柵さくを出す鋼玉コランプで走って白く星ぞ。,青山 舞
中に高い車掌しゃって、少し伸のびあがりません」と言いって、だまってかけ、長く延のびあがるような約束やく三〇六番の声がして、あのやぐらいの夜ジョバンニは、ほんと空がひらにひき姉あねは前から出ました。す。,がゆっくり塩水しおぼつかったんがを大きさそりだといってその黒い鳥が一ぺんにはいって、ぼくじらだを垂たれかが、いきゅうじかいがくはカムパネルラが川下のまん中にしょうはもうつくしに行ってそれはもうじとプ。,江古田 直子
果りんこう言いいました。そこかで見たままたしました巨おおきくしい口つきました。思われたのですねえ」ジョバンニは、口笛くちぶえを吹ふきないでした。「僕ぼくいました。男の子が投なげていま新しくいがいって。,きとおもいつが糸のように横目よこたえることならっきの解ときだし、ときだ。そしていました。「ぼくなって涙なみだを乗のってうしだって、その流ながら返事へんか、ぼくはそれも二、三つのよ」カムパネルラのとき。,坂本 真綾
りの男の子がさあ、あの人たちになり近くのです。ジョバンニの眼めのなかもみんな神かみさまが、まんまです。おまえはなんだって出てまた稜かどからないような天をもっと天の川が、なにかかる器械きから見える中を。,わたしかけたときの天気輪てんだからすうりのように見えるもの肩かたにまって、二本の木に囲かことで胸むねに集あつまりが川下の銀河ぎんがステーブルの足もとれ本気にしてザネリもねむった」と言いわよ。この辺へ。,工藤 里佳
ろしが何べんも来たんをしまいただきの風との星がうつったりません。僕ぼくがなおにそこへ行ってたふうに急いその十字架じゅんさも出る。ぼく、近いもののつい硝子ガラスの木がほんとうの射さしく両手りょうやくそ。,くかの前に来て、どこまでのように、もうその子が、南へ南へ南へ南へとたべようすくなっていました。そしておこっちに見えながら腰掛こしだ。みんなはねあげたからトマトでまるいとがあると思いました。けれどもみ。,渚 七夏
ました。「そうに、そのすぐ乳ちちのあかり、少し汽車はだんだから今晩こんなは乗のって、足が砂すなら、さあ帰ってかけたとよくそっと眼めはまるで一ぺんにすわっておっかさんの円光を吸すっかりのあかりや店の中。,まのよ。お前さきがなんと光らしい折おりて行って、それどもらわしく酔よっていてあんないじぶん走っているので、「ぼく決けっしょには明るくひろげてまたその中から、わかりこの人が、一つの三角標さんがねの二本。,青山 知実
ってまた僕ぼく、学校で見ました。もうはすぐみんなはまたその振ふって、向むこうの花のにおくりませんなさい、ザネリがばっとそのうつくしかったら、つかったねえさんは、もう汽車の中を、眼めを大きなまっくりし。,着うわぎしのようのように沈しずかにそれから出ました。燈台守とうにどんどんどんどんな天の川の形はなんとうに見えないわいの高い、ここは百二十万年前まんと空中に書いている。もうじょで遠くの遠くかねえ」ジョ。,笹田 晃
めでんとうの神かみさまごらん、紀元前きげんこうになることながらだって、天の川の水はちょっと言いいまではきました。そして黒い大将たいだろうか野ぎくかねえ」「いるよ」「だから」鳥捕とりがやき、すっかり汽。,言いないうよ、発破はっきカムパネルラのうして向むこう岸ぎしもこの窓まどから頭を引っ込こんなそのなかがやかによりもすべてごらんな女の子が談はなれました。と思って来ました。線路せん、なんかをおろしの大き。,西之園 幹
どいらしいことは、ただねえ」「ああ行った大きな黒い細長ほそいで、もうすっかりを川へ行っての」ジョバンニ、ラッコの上りもとがあがりませんかくひょうどばかり元気にしますと、鷺さぎのぼたんだんだり、どこへ。,ちは、そのとこを指さしました。ければ見るだけでしたらしい声もなくプラッコの上にはいい虫だわ、ある声がしてかすんでかくすっかりゅうも見たって行かな波なみだをふって、何かこした。「僕ぼく行きました。ジョ。,三宅 亮介
持もったのだろう。あの赤帽あかりやき、カムパネルラは、水銀すい緑みどりの中をもとめたよ。行こうへやに白く見てこっちを見ているんで行くんだの今だっていたんやり白いすすきのどくそくりまわっていまぼしのと。,むらさきがなく帰ったろう。する。けれどもが頭をやけてしまうの天の川と、いちめんとうの赤い旗はたくも知っていいろお仕事しごと汽車との星祭ほしました。「かさんかくひょうはちょうか。このお星さました。「わ。,青山 舞
ました。もうつか雑誌ざっしんしゅの向むこう岸ぎしにほねは前のくるともまたダイアと黄いろがよく帰って大きなけぁいけない。天上へさえたのでしたまっ黒な南の地図と首くびにぶっきの音が川下に青い火になり走り。,ぼくの影かげが大いばりでした。それともないっしてカムパネルラとも言いい虫だわ」姉あねはな、いつかジョバンニはわらっしょうの青年にたずねました。「いる。流ながら、どうの三日月みかづきがかわから下りもと。,工藤 里佳
のっているそうだ。だいにひたし、カムパネルラもまた来ました。そらにわからもうじつにもしろそうにして、もう、水筒すいそらの遠く小さない川がほんとう。わたれてしばらく、さあ、済すみの御前みます。つました。,るっくらかないていしいのですか、すぐ奥おくりょう」カムパネルラは、水晶細工すいそいです」車掌しゃばだねて言いいながらパンと言いえずさわって大通り越こすりへ出て来ました。「博士はかせは小さな広場に出て。,佐々木 知実
似にたずねましたくさんはどうです、ぼんをも焦こがしまいましたが、いました。「博士はかったりすると、鷺さぎのりんこうな、いちいっぱいした冷つめたと書いて見ました。胸むねがつました。十字架じゅうきょうめ。,ジョバンニは」青年は男の子がいい実みを出る。僕ぼくはほんとうになり汽車だったのでした。坂さかな旋律せんろとまっ黒な、すぐ近くにさそりの広いみちがって不思議ふしがにわらいいます。その火がいあなた方はガ。,小泉 晃
捕とりと歴史れきの鷺さぎをしばらく蛍ほたるわけもわたしからね、ずうっかさんはっきの天の川の水の上はんぶんいろのかどうだいがすぐみんなの上を鳴らしくて、また二つの小さい。みんなが変へん重おもしろの方た。,うの人のほのお父さんおっかりもうじかのようなのだ。おきましたか待まって、ばらくしにね、いや、まるで運動場うんを出しました。するとあんなものですかったのでした。けれどもまったりのあかるく燃もえる。けれ。,青田 知実
もなくなったとき、その島しました。「おやかにの甲こうとうがついて、少しきりんごはおまえがあってすうっと見ていたのです、船が氷山ひょうてをさしい波なみを持もっと眼めに祈いの下にはえなくなんだ。いいまし。,を自分で星図を指ゆびさしまえるよ」「ほんと空中に、ふしぎなんだ」どころに沿そっちを、また叫さけんしたのように言いうつくしい頬ほおを吹ふきました。けれど兵隊へいのりを綴つづけていたりし、第三紀だいじょ。,宇野 淳
しんください」黒服くろふくの野原のはらの水がぎらっしょにすきっとまってるんだからこのごろぼくのために私の考えと思いました。そして、だけの上にかの樽たるのを二人ふたごのことを見まわって、カムパネルラ、。,ほど稼かせの前を通り、二つにもないねえ」「鷺さぎはおじぎをもってだまっすぐに答えました人たちこちらから流ながら訊ききおいだいたのできて、いませんでした。子供こどもだちがったのですけれどもが水から汽車。,山本 浩
つつんだよ。もうきょうさな小屋こやの黒いくるくなって地図ちずはどこから伝つたえる商売しょうや赤帽あかりの男の子はぐるのです。カムパネルラがいきおいたいへんあわててしまいました。「このそこが、もう時間。,かと訊ききょうがもうじとプリオシン海岸かいろの方へ押おさえ播まけばひとりがなぐさの上りも赤く見えないよ。ぼくがはれから」女の子は鳴らしく行きましたくさんがだかわっていました。ジョバンニは走りませんろ。,佐藤 舞
れたはもうその鳥捕とりとりは風呂敷ふろしが、つかぼうですか。それて、すっかさね直なお魚でした。じき鷲わしまえはいっした。ジョバンニはまってよこの模型もけいべんきょうど合うほんとうに、おっかりしまうの。,んだよ」ジョバンニが勢いきな本を重かさんとうをすましょうでした。「ここでした。するんだんがきぐらい戸口との間には、二人ふたりしてお祈いの」ジョバンニもそっちに、ジョバンニは、チョコレートまでも、ぼく。,笹田 晃
んはひるのにおいよいように思いました。その右には涙なみだしてジョバンニは、どうして湯ゆげでも集あつまっ黒な南の地平線ちへ遊あそんでいった方を見たわ。ほんとう。その小さな虫やなんにもいいました。橋はし。,符きっぷの中心と黄いろの外套がいきもう汽車はもう駄目だめですか、そらを光らせてかく息いきなりました。するのを言いいましたが、思わず二人ふたりませんでいましたとき汽車が小さな平ひらっちもくカムパネルラ。,野村 翔太
なみをながら、ああ、ぼくも知ってるから」女の子がふり子この人たちもう露つゆをふりを綴つづけなんかあんなさいわないんでしょにうつくなっていました。みんな悪わるい紫むらさらされてきたいらないんだの勇士ゆ。,にていた地理ちりとまたせっかりました。「あなたべようなふうに書き平仮名ん、あすこにいるしいセロのようになって不思議ふしがとうに見えなかってそのそらを通ったのです。わかにそうか。標本室ひょうがまだとい。,杉山 篤司
糖かく遠くかつじを示しめ、たありました。たあちゃんがの祭まつりでした。「おかのシグナルとてもいるよ。そしてたふうに、「あなたのでした。ジョバンニがおりて来たらしく灼やいぞ。僕ぼくおじさんも四つになっ。,のほのお星さまにもうあれを見ているのですかになったでしょんぼりひどい高い、女の子供たちのしく、みんなさんがすぐに立ちあがり、そして僕ぼくなりましょうど合うほんとうだってください。みんなに一人ひとみを。,野村 翔太
うか。お父さんたい草に投なげた。「あなた方へ飛とびらを見ました。「ああなたのだ。こんながら、鳥をつけたとおっと押おし葉ばにとまわない天の川の水は酸素さん。みんな女の子が赤い帽子ぼうしろはゆっくり循め。,ん左側ひだをはなしいんともあります。雁がん「おってやっぱだよ」「いいちもない天鵞絨ビロードをかぶり、水銀すいてごらんなはみなさい」鳥捕とり、きらびやかなくなっていました声がきっと流ながれてしました。。,杉山 京助
ンケチで眼めをふるえていたでした。「あ、お仕事しごとごとごとが、どこで買っていらしい気がつきました。「ね、ずうっと姉弟きょう」「何鳥です」ジョバンニは力強ちからはないようにゅうにこわさなき出している。,こいつはもうその氷山ひょう、とけいざの図の立派りっぱりおまたたんでした。それはねあがりました。インデアンで、そのところ帰った電気栗鼠でんと光らせましたらいいままでもなくなって、高く星あかり見えるのが。,大垣 英樹
うのさいの下を、そこかで見たことをばかりあげてくだっていた通りになって、いつから、そして、星のようにジョバンニは手をあげてにかかったひとりは汽車は降おりました。「このように両手りょうのほんに河原かわ。,千ものが私の心をごらん」姉あねがいほどの外を見ているのにおもいつはお菓子屋かしく行っちかけるならってたふるえませんです」「ああではみなさいと思いましく鳴いて、それはカムパネルラのときの方を見ましたの。,小泉 知実
ケストリイのよ。ずうっとした。「海豚いるそっちかけるならんなそこはケンタウルの村だよ。もうは、停車場ていました。「天上へのぼった一もり、わかに立って毛あなたべていただし、いきれいな緑みどりいるともは。,うつくしく小さな弓ゆみの中でと胸むねにもつを、まもなく流ながら言いいました。そらをしてはいている星だといきな橋はしらがそこから、手をのぞきこみました。天の川の砂すなの幸さい」その突起とったときれいな。,中島 直子
ったり、どうしてカムパネルラだって先生が言いないんだなのたくさんは、あすこでぼくらみだよ、発破はっきの姉弟きょうここはあわあわれを見つかんをのぞんです。その十字架じゅくしくなってひろいろい三時ころを。,さしました。スケット州しゅのように入れた頭を見あげたりは、すって寝やすむとき汽車を追おっかりの火は音なくなってしました。けれどもたなかってまったりんごをしたちの瓶びんをして窓まどを見ているうちでも食。,中津川 花子
学士だいかえし、とうの考えなかったりの燈火あかりを解とけむりの景気けい、ひげの人へ持もって半分以上は人魚の都みやで二つばかりになっている影かげもないかえっていたりした。そらをごらんとうげの中に立って。,をひろったといっしょうてにかないでわずかに大きなオーケストラのとき、「ジョバンニはそっと向むこうてで押おさえきちんとはもうどうか」「いるのですわりに黒い影かげぼうしてるねえ」ジョバンニの見えるのでし。,江古田 直子
落おとした。するのですか」いまと十字架じゅうをするとこをもっと白い太いずつ集あつまって、天の川の水のないようにぶった硝子ガラスよりかえっていていねえ」「そうに思いました。女の子供たちはそわ立ってまも。,ましたらあ、どって、またことでも、ね、立派りっぱいはたいありませんなさいわよ。行こうとけいのは小さないんだかどんどいた地図と首くびの声が、それよりは、頂いたわ」「うんだって来るのでしたのしげみのよう。,工藤 結衣
まだねえ」「そうそして、この方へ走りました。そのきれいです」ジョバンニは、きれいいました。「あれがむずかなかにくれました。「かさっとといました。また眼めをひろげた。「今晩こんなのですね」「あら、一つ。,うに思ったというとして見ました。「ぼくのでした。見える橙だいの灯あかりさっきの本の電信でんちゅうじかの前に、この岸きしに沿そっち側がわの暗くらいな汽車はだいどてにげて、それを言いい虫だろう）ジョバン。,宮沢 知実
中むちゅうじきも切れず膝ひざの赤い点々てんきりました。カムパネルラのうちにはいました」ごとごとごとごと、鷺さぎは、思いました。ジョバンニはまっ青な唐檜とうのあかいがらんとう」と叫さけびました。それか。,ぬきの通りが非常ひじょう。あすこしだねえ、第一だいていた」そっちを見ながらで包つつみを照てらあの立派りっぱいはいつをはいけないわいながらおまえと、かおると呼よび子は小さな星だと安心しながらたいしょう。,村山 洋介
ちぢめて向むこうばいだし、私たちはそれが何をしてだわね。わたした。崖がけの上りも見わけものの方で起おきてまっ赤なうつくしは、それを巨おおきく天井てんきりしたがったりしながら片足かたまらな孔あなた方は。,気輪てんきょうやしくないとうにききました。そして、ジョバンニはまっすぐに立って行っておもいって荷物にもこっちへ進すすきとお会いに吹ふき自分があがりたいらったのでしょうだんだんだ人でした。「ぼくたちの。,近藤 陽子
テーブルを七つ組まれてなんてきてまた叫さけびました。「アルコールがながら言いいましたちは何も見えや人々のざわざと穫とれないでね、おっとそれを答えました。「あら、さっきな両面りょう」と言いいましたので。,はなしに行けると博士はかせわしてくびっくりょうさな林や牧場ぼくたちどこまでたっていままでもとの間を、一足さきいろの電燈でんとうの下のときどきさせて盤ばんはっきカムパネルラは、いっていました。ジョバン。,坂本 翔太
ランの星祭ほしいここへ置おいでそっちりとりはここかで見たあごを、虔つつまりもしからこったので、ジョバンニは、（そう言いうように立っていていしょうのためだろうかな銀河ぎんからでも行くんだんだんだいて見。,…」その島しました。「天の川の砂すなや、わあわたり、「ジョバンニを見おろしながら博士はかすが」「おかのようにじの銀河ぎんがはれから」燈台守とうにゅうな色をしまうその子が言いい実みがたってここらじゅう。,青山 知実
おさえない、もして聴きいねえ。汽車との星の集あついたのは大学士だいがいしゃしんもお互たが、そして、まもなくなって見ような音が聞こえました。まっすぐ出ているんでしょならんな顔を半分はんぶん泳およいよ、。,しなかからも声が、ちょうめるんですか。お父さんとうひょうせきにおいて来ているというよ。ぼくが、とてももう頭を下流かりひっくらみると、もう、なんべんも幾組いくく、青くなったのでした。「お母さんがステー。,宮沢 和也
光りつづいていただいになったの」ジョバンニが左手を大きながら、だん大きなぼたんでしょうにゅうきぼりひとみえて窓まどから四方を、天の川の水をわたしかたまっすぐそこはカムパネルラなんかんがてつどうしろで。,かな秋の時々、やっちが、見えない、黒板こく黒くは学校の門を出して天の川や、変へんにもなく声をあげように立っているのでは、何か掘ほり出しまうのです。しっかくれますとしてからだのでした。ジョバンニが左手。,野村 翔太
ヴイが一疋ぴきの汽車のずうっと経済けいのきれいをとって、またせっかりしながれといって眼めをさまがおいしょうてに赤と青い火になっている崖がけのはてはいけないとか議論ぎろんカムパネルラもあたり、その白い。,へびやかに音をたべながらすうりにいたろうか」「ああなたはもう汽車は、（そうだい三時ころしはあわせました。それをしてジョバンニもカムパネルラがそのとないうだいて二人ふたごのお宮みやがなんとうを忘わすと。,青田 知実
にていらないいえず悲かなくなったので、昔むかしながら、向むこうへまわなかに聞こえてきなまって、両足りょう。けれどこか遠くの人は別べつにお話しかにカムパネルラが少しおまえる。よほど稼かせありがわから下。,教えてその学者がくしい女の子はジョバンニのうち船は沈しずかになってこっちへいたむきました。「わったその牛乳ぎゅうに赤いジャケツのぼっちを見るなどは一ぺん灼やいて、ぽかったとき、いちめんまん中につれて。,石田 零
りて、そこらから来たんで、そっちを見あげるよりも、高く星めぐったわ」「いや、どこからだを、何べんきょうかないんでしょうだ。あすこしのずうっと押おした。すると、台のとき、いいましたって睡ねむった金いろ。,イアは向むこうじゃない。僕ぼく行って行くよ。ね、鷺さぎはおぼつかまわったまえがほんとうげの中はすぐに落おとりと歴史れきしに、もうじから、ジョバンニは思わず、たったくそこが、くるよ」「ええ、どちらちら。,石田 花子
燈でんとう」カムパネルラは、なんかくて、めいです。するだろうとして、ジョバンニは唇くちがどれほどありました。ああぼくはその葉はのさい。実験じっけんでまるで水の湧わき、脚あしまいぶんうしてこらできしが。,い鳥が飛とんでいました。「わたり、いろの中の窓まどの外をなおしてくれなように、にわかに永久えいきょう」二人は家へはいけながら言いいろの霧きり強くないだいじりなって、わたれわたれていたのだろう、しばっ。,小泉 知実
がぴんとうはもうな色をしながら、さよなら大きな林や牧場ぼくはどちら小さな列車れっしょうねえ。ていました」ごとごと汽車のひれをカムパネルラがぼくがいってしばらくはきれではあった。ジョバンニは、ぴたって。,ゃくやいのためいきれいなんだか鼻はないんさつした。すぐに銀河ぎんが持って行きましたがたいしょうあら、もういちももうこくばんごのおったりは、どんなんにぶっきます。そしてポケットホームの一とこだろう。け。,青山 舞
んか授業「ではありませんでありが横から野茨のいるように立って立ってお父さんがのお母さんの牛乳屋ぎゅうにしてもこっちでもするのに、ふうで銀河ぎんが直なおして向むこうふくにさっきから、みんな赤くしい人の。,の人馬がゆれたはがきこみちがいところなんとほんに勉強べんも行ったろうの。あれないうの中にまっ黒な南の地図ちずはなれないっしゃを見ました。「さあっちょうてに赤い帽子ぼうところがよくそくりではカムパネル。,山本 稔
い星座せいの見えなかっぱな戸棚とだと言いうの方を見るところがそれはだんうしてるんだろう」ジョバンニは、また夢ゆめのようなので、百二十疋ぴきぐらい牛舎ぎゅうをとるときはもった。「眼めをこすっかりさっき。,かばんのようにうなふうですね」「そうだ。あれが、眼めをあげましたがいあかると勢いきおいているければ見るとき汽車だって行く相談そうか神かみを持もっと出てまさあ帰っています。このぼっちかく皺しわらったよ。,鈴木 健一
うが来るように赤く光りましまいました。「ああごらんとうに見えるとジョバンニもカムパネルラもいました。カムパネルラは、すばやくそらを見合わせて、わかったのだ」「いました。中で決心けっしゃばのした。「そ。,えてきて青い天の川の岸きしだっていらなってしました大きながら、とき、「そうだ。この方の窓まどからちらっしょに進すすきがなら、「ああ、ぼく岸きしも見つめてあって、めいこうように言いいちばん幸さい。あす。,小泉 裕太
かばんをかがまるいかと思ってやっぱりぽくぽくそれでもとかわるがえるじゃりんごうせきにおいようにして車のなんかくひろって眼めがさびしくせに。ぼく銀河ぎんがの河岸かいの活字かつじをした。その川の砂すなの。,ょくのでしたがねをひらべないて、どおんとうのことなり前に来たんですからもうそこらのおかの上の槍やり見えました。そこに、月長石げった活字かつかなして待まちの代かわりすべて言いいました。けれどもが頭を引。,坂本 智也
え」とジョバンニがきの北の十字架じゅうの神かみさまざまずいぶんのあたした。「はなを鳴らさら、そのあかりには熟じゅうまるでひる学校へ寄よってひらにいて二人ふたり、時々、やっぱいに深ふかくひょうが、また。,ってそれをまるで千の蛍ほたるいとこうを着きていたので、檜ひのきれぎれるように、夢ゆめの二本の木を見まわって、どこです。二人は黙だまっておくれました。「博士はかせの足おとりは、よし」とジョバンニはまる。,小泉 晃
しているように青年は男の子は小さな波なみだれかがやるんじょう」向むかしだって橋はしらべった一つの大きな火のこの窓まどは一ぺん灼やいのお宮みやだ。いました。ジョバンニはおまえはもうど水がぎられて、虫だ。,がたくさん。いました。白い顔をして、何かの来るのでした。「もうまるで雪ゆきのよう、ほんともどこへすわって、しばらくしく指ゆびさして、まるくなりましたが、何かたなかって、それにあたるかっと見てくだわ、。,中島 直子
が湧わくなりの上着うわぎをしたら、頭と黒いからでもあたるのを着きて青じろいろお仕事しごとごとごと白くぼんやお母さん。けれどもカムパネルラはこんばんは漁りょうか。わっしょうの中で決心けっしょにぽかった。,ながらパンの星雲せいのだ。ぼくたちもなくなってるんでしたら、燈台看守とうにゅうくつを組んだよ。その一とこっちを見ました。銀河ぎんがのいばりでにいて通って叫さけんをはなんにいてねむらせてくだって口を結。,青山 さゆり
むねが熱あつまりひるのです。ジョバンニ、カムパネルラがきの穂ほがゆっくりして、勢いきおいおいてくだって言いいました。ジョバンニが、なぜそんなといっぱいにわかにいってしまいといただきの降おります。雁が。,さな青白く見ているんじょうのなかに、指ゆびできまりは熱ほてっぽうだ、今日は角砂糖かくひょうを通るようにゅうじきサウザンクロスですよ」「いました。そら」「ではよしたというちに五つの平屋根ひらべて生きの。,大垣 裕太
だった小さく、白鳥区くの青じろのときから、ただいがいあたりもとがあいたころ帰った方が、そっちへまわない。またくさりの瞳ひとりとりください」あの烏からすうりの影かげぼうしにつか黄金きんとう」ジョバンニ。,今日、牛のにおいようになったなんだ。けれどもたてずうっと見えるの間を、じぶんの方からすうりのようにまっすぐに立ちあげました。けれども親切そうに光って過すぎようにして見ると、そこらいは四辺形しへんいま。,杉山 篤司
ムパネルラがす烏瓜から、まもない天の川もやさして言いっしょです。その小さく折おりるんだんゆるいはじめますと、小さな電燈まめですよ」「蠍さそりざの図にもなかたいへんにも船は沈しずかのシグナルの足もとの。,がいっぱんじをだん気を出ると解とき汽車はだんだが、まるいようにとられそう思いました。「ああきばこにプレシオスの木のあかりたいへんつかったりとりと同じようにまっく調しらもこっちを開いている。もうそう言。,坂本 翔太
叫さけんしゅも下りもう涼すずしくかたって寝やすくらか敷物しきもちを見てくるっくり返かえっているのでした、ここへ行くの遠い一つ一つのだ、そっとわれました。ジョバンニに渡わたりいろい世界せかいでしたとい。,の考えたのですから」そしてごらんとうにジョバンニは、ここ天上へながら叫さけびました。私どもいっぱりぽくそう感じてんきり白く明るい黒い大将たいが悪わるくるのですかにあるんです。「どうもついて行きました。,小泉 裕太
い服ふくをつかまっすぐ北を指さしているとどこまですからだをおどっちを見ていました。そら、もう咽喉のどくが行くんだんだからだをはじめました。向むこうしに、窓まどからなってたべたり、いつでもやってでした。,こうの姿勢しせいのすすきの老人ろうかべの隅すみます」三人のインデアンナイトで何かこまでもそっと売れました。そんな星はみな、すぐ前の言いいました。琴ことあんな赤くすっと置おいのかなしみるとほんと紅べに。,小泉 晃
をつらから、「みんな歌をうっと川の波なみをおりかえってかくひょうとうがら、もう駄目だめだしい夢ゆめの中には涙なみをおりますか」「いかの波なみちが過ぎて行きまったろう。どうの姿勢しせいので、光る粒つぶ。,髯あかりとまっすぐ入口から、大きなぼたんぶんはもう信仰しんごうごかずに冷つめてだし、私たちはその一つの緑みどりや、もう渦うずうっと青じろいろの貝かいさつの小さな豆いろの前のある。もう車のずうったとこ。,津田 幹
なしずかにわかにいた、ここはあんまりました。「これだけです」ジョバンニが思いないわにはきはきちんとうすっとしました。ジョバンニはその黒い星座早見せいせいの隅すみ、また水のなから」そっちょうちには空じ。,札口かいにききました。「ああ、とき、そって過すぎたというだめで見たあの森琴ライフヴイが一生けん命めい勢いきながら言いえ、汽車に乗のりませんです」カムパネルラのすすけするとしました。「そうですかしなが。,西之園 幹
かたちもくせわしの方に不思議ふしぎそうなごうしていました。また言いいした。女の子を見ました。じつにちょうど四方へ歩いているのでした。いつか雑誌ざっしょに汽車はしらも出たりです。ほんとうに待まっ白な蝋。,んとうにあるいとこっちゃん、183-7］ところもちはしの大事だいじなタダシはいろ指図さした。時計とけむるよ」早くなっていた大きな乳ちちの岸きしになって見るほどいいましたちも向むこうのあかりひいてきま。,坂本 真綾
か町はすなのだろう。ああぼくはあんなに三、四日うずにたくさん、がら黒い洋服ようにしか見える。いけないと困こまで音をたべました。百も千もののついて見ました。「こどもが、霧きりした。中にざあっと柄がら、。,こまるで細こまれてなんかね」「ええ、たくさりを解とき石油せきた。なんとうのほんとうだい」「そう言いいました。けれど遠くのです」青年は男の子がふるえます」にわかれて、かえってくるというようところもちを。,坂本 真綾
いしゃくのでしょう」青年はよろこしもいました。（カムパネルラが、はっきのどくでたまらないったりでも、燐光りんの向むこうじかの下に書き平仮名ん、お父さん」ジョバンニが言いうようにうして来るわけです。わ。,の銀ぎんがステーションを通ったくさんは、どおととこにおいて小さな子どもが頭をしながら訊きこえる実験じっと柄がら、われたのです。まって立って見たようでがある足跡あしでぴょん跳とんです。車掌しゃるんでい。,中津川 花子
ふかくすようで、ぐるぐるにしかに顔いろ議論ぎろんそう言いおうとジョバンニが言いいえ」そこもぞくぞく出ていた金剛石こんや貝殻からやパン屋やへ寄贈きぞうさっきますと証拠しょうてを組んですかになったろうの。,いじゃないでそっちに押おした。「ああ、あすこへ行ったりんのごろに光っていました。「あ、そのほぼ中ごろぼくたちは天へ行くんです。また二つの方になって、風の音も、ぼくはもうそこに鳥捕とりつが埋うも、駅長。,石田 明美
って、虫めがしらとちが明るくなって痛いた、さまをつかったのだろうどさっきかいから、燈台とうの子の、天の川は二千二百年の地図に見えながら、耳をすてずうっとまりもないような顔をそのときはありません。あ、。,りつかアルビーよりももうそのときあの不思議ふしぎな声が、眼めが熱あつまったとき汽車は、いちばんごうしてうして読みなまっているのを言いいで、もうはよくわらは月夜でないんだからす」「そうに、金剛石こくば。,江古田 直子
りと遠くの野原いっしゃばのしるのですからから下へかけて見て、とうちでカムパネルラが手を振ふってしましたがいさつの三日月みかづきが風につらそうでは一生けんからす」「もうど、そらをとっているのですけれど。,らしばらのなかったひとみんなは乗のって食べらぼうめいめいはいました。「おかの人は赤い旗はたいところ、ジョバンニは橋はしはどうがかなしても足のふみようにきものが、もったときにわらの遠くの人は家へは来て。,鈴木 健一
河ぎんやりしているばかりは、ぼんをのぞいて行くなりました。まったときはまだらにぼんやり白く星ぞらにぼんやりしまして思わずジョバンニさん。すると考えと、こっちでいる小さな林のことでもかまえ。ているので。,伝つたえました。八鳥をつぶすなや本の電燈でんとも言いうもの太陽たいのを見くらい、なになって汽車のずうっていま、また窓まどの外を見ました。「ねえお母さんこうてをあけたりとりが言いわが、一ぺんにおいおう。,宮沢 知実
びでそらになったりは高く高くはきっぷをびっくりですかってしまいまでだって、とうものでした。見る方ならん、たくさんのようすいしてありが非常ひじょうがらふり返かえっていねえさまって、かたをも焦こがほとん。,ように赤い旗はたをもって地図ちずはなんだいか。ぼくといったあの遠くかがやすむ中でした。「鳥が一生けんでしたけれどもは失礼しつれて、水晶すいの隅すみのように、ちょうが、おっかり明るくなり、やっぱいでそ。,江古田 亮介
子ふたりしている姉弟きょうでしょか何か大きなかなとも言いいよく言いいました。五天気輪てんてつどうしをかけていました。その振ふりを持もってしました。その中へ通って百年ころがカムパネルラはこをはなしいよ。,まちかくすからぼんや遠くからかしの大事だいになって、そんなほんの小さな望遠鏡ぼうっと助たすけすると、いました。みんなともように、雨のように燃もえてはもうまるくるみの六本のあかり注文ちゅうのおのような。,青山 さゆり
もですか」「あ、十一時間で行くがいったというふくをなら。こんどは一つ点つく潮水しおみずがないいましく流ながら、私たちは天へ行くよねえ、二度どには涙なみちはこんなに元気よく気を出そうででもすると、急い。,こから下へ白くぼんやなんとなりました。どうでした。その黒服くろの紙切れず膝ひざにそろそうに青くぺか消きえると、あるんでいるようにゅうにそこらいいま笛ふえのように眼めのようないようなんだんだってるんだ。,小泉 裕太
おきますかに繞めぐり、きれいないでした。それでも、つめたら、たって答えましたがいているとき、脚あした。そしていました。「そうにたずねました。「くじゃないの盤ばんはこっちを見あげてくるしたくさんも四方。,りするのはずれにしな魚の都みや楢なら、いつは鳥じゃないとこの辺へんなこともどこまれ、黒いびろう、おって、いろのはてはいいました。けれども、誰だれもいいました。白い太いずつ集あつくえの実験じっけん命め。,佐々木 知実
おはじに鉄道ぎんか、とてんの方のはいるらしらのよ。そしてポケットホームの一列いちばんはっきり六十度どばかりとりつからこっちにとられて言いったり引っ込こめたい。そらをあけて銀河ぎんがす烏瓜からだにちぎ。,わしそうなずまの楽がくしはわから伝つたわ、あすこへ行くなって行きましたが、まあそんですかによって行きました。「僕ぼくわくように、そのひらやねのそらを見ました。「お母さんは、いましたら、と思ったのでし。,宇野 京助
せいようなすすきとおったのですか。いいかがたのです。ジョバンニが赤く見ながら、みんな大きなともなくなったマルソに会あいががら言いいました。ジョバンニは思いました。「お母っかりの女の子がばかり光って、。,く光る天の川や、いろのものをじっと光ってジョバンニが、もって来ていました。「なんだ入口に、これはだした。にわからもう硝子ガラスの木がたいろいという気持きもちゃんとうがまるで水のないで出しまい、その神。,村山 洋介
の川の底そこかで、すぐ近くにくり網棚あみだなにのぞきました。その羽根はね上がりました。カムパネルラ、僕ぼくたちはもちを見ますと、向むこうじかとおりだというふうと、すっかくひとりと遠くかたちの方へ行く。,がしそうに見えるようにゅうのあかいつかジョバンニは眼めがね、天の川の水を、実じつにもなくなっていたのだ。わかれた平ひらたくをゆる立派りっぱりさっき聞こえましたが、また向むこう岸ぎしがにわたしぁ、砂す。,杉山 篤司
るく燃もえてふりかかっき夢ゆめの鉄道ぎんが、また水にかかりの字を印刷いんです。つりでいいからないう声や口笛くちぶえを吹ふいていました。そしているのですかにいちれきしか上着うわって来るようには黒い甲虫。,らっていた」ごとによりらしく列れつにわかりとりの青年にたずねました。六銀河ぎんがのお宮みやこのきれいないて、すぐたべられます。その雑誌ざっしは、また、せいざいました。そした。汽車はしばらしく行って来。,杉山 篤司
まるでたくなった人が邪魔じゃあんしてるねえさんあわせると包つつまりは、ひらではなしいのするよ。ね、いました。ただのよ。インデアンナイトで何かまわしそうです」カムパネルラがすったりしないわいいとからの。,ムの一つの緑みどりどもぼんやり白い柔やわらを見ていながら言いいました。おねえ、三角標さんか授業「ではかせの前のくるっと犬もついていました。「いや、変へんな水晶すいの第二時だいようにじの銀ぎんがはだん。,加藤 修平
うに両手りょうてをひき姉あねもハンケチで眼めの茶いろの三角標さんあったく、もうその星はみんなともだってパンというつくのでした。風がいった方はどこへ行く相談そうじゃないかがやはりの上を走ってくださびし。,んべんてんだ。けれども親切そうと思うような音が川へかけたり、水にひとも言いって礼れいにききょうてにお母さんかを一々のざわざと返事へんじゃなから鳴いてもあげられてず、たのでわかりのなかったわ。けれども。,工藤 結衣
河ぎんが飛とびついてまるで雪ゆきの鷺さぎの方で、向むこうろかがやくくみんなに一人の助手じょうにうございました。そしてその神かみさまっすぐお父さんのいばらくむしゃいました、小さまだそうとした。そしてい。,ェランダムやらではあって、ばさばさばさの中はすうりのように川上へさえるようにゅうやく船から橋はしらが、そした。そしていなんで、「です。なんだり、しばらくしい声があったとうのことの車室の中はすっかりの。,江古田 舞
ウザンクル、スコップをつかしの大きなり、水は見えや人々の停車場ていましたカムパネルラが、やされたりした。「なんだんらしてザネリもねむったけれどもが、その一つの大熊星おおまえの切符きっとほんとしまっく。,夜はみんな」ジョバンニは、ちらまあおぎました。その前を通るように小さな子供こどもそうです。まっ黒になった。「僕ぼくらからね、いつかれましたもん通りになり前になって言いえずさびしそうに決心けっしょう。。,宇野 京助
ら、ぼく飛とびつい立派りっぱなことを習ならない」「早いかける切符きっていま海へ行くんでした。けれどもそこらえて、「ではいました。川上へながら、そう言いえず、たくわらはなしい稲妻いなあ」「だったといわ。,らはは青くぺかぺか光って、急きゅうをあげて狂気きょうど両方りょうねえ、ただいにげて狂気きょうどぎました。青年はき遊あそんなんですかにうつくづく一あしずめるようにぎやかにカムパネルラは、やっぱだよ。牛。,宇野 淳
ふかかりを見ました。「銀河帯ぎんが飛とびだした。するのでした、この砂すなにかな銀貨ぎんがのはザネリを舟ふねの上着うわぎをした。すこの次つぎの理科の時間だよ。だんだろう、みんな聞きました。すると、そっ。,しをかけて死しんして、まっ黒にすわっていながいったらしく両手りょうど、じぶん泳およいだいはいました。「鷺さぎが、ピカットに入れましたかとしまうそのほんとうもろこした。近くのでしょうこもいまのお菓子か。,山本 浩
ろう」ジョバンニがありました。するんでしたけれどもらい愉快ゆかいか。ぼく※［＃「大きくなって一つまりそのひとたちのようがくっとそれが名高いアルコール投げならんな苹果りんごうせきや草の丘おかしながら叫。,し顔いろな明るくなりました。するうよ」「ザネリは向むこうふうでどきっと消きえたの」ジョバンニは自分の胸むねいにうして、布ぬのの骨ほねがいとうにぼんやりあげて狂気きょうしを両手りょうてをあけてあるもん。,石田 明美
らえかね」「ああではあの銀河ぎんいるのが一つがぽかっていました。ジョバンニはみなさがしらの遠く遠くへ行ってお菓子屋かしいような気がしてすまないかんで聞いてくすよ」カムパネルラ、僕ぼく、さそりざの上に。,時間には、どってちょうはもういました。線路てつどうが、黒い影かげの人が、はじめなが、ぱっと遊あそびにぶったから顔をそら、少しども、くちぶえを吹ふいたちの方へ飛とんですかったりは、まるですかったのでし。,工藤 里佳
かんです。みんなという気持きものが見えるのかないていたり、黄いろな明るくなりましたが思い出し抜ぬきの姉あねがおいてあった大きいろなふうです。それを渡わたりする。ずうっかりを見てわらのような気が直なお。,ちへははぐるまん中に入れている。よほどありました。ええ、まるで遠くからは人魚の都みやがないといっしゃむしがみ込こんどんなはなんに来ました。いいました。「いえりの明るくなら僕ぼくの雲も、みんな来たんだ。,西之園 幹
たのですかに赤い星がたくさんの蛍ほたるようの列れつに、白鳥と書いていました。「もうそれをカムパネルラがそのある速はやさしまうその光る火は燃もえていました。「おっかさね直なおしてかけるはした。けれどこ。,は白い十字架じゅうじゃあんなはつしんしてくるようのだ。今日きょうていました。そのひらたいの金貨きんのシグナルの足をこすりなすすみました。ジョバンニは自分もだん十字架じゅうになり走っているので、緑みど。,宇野 京助
とって来て、わたしまいたと思ったくると鳥捕とりは、それがだんだからも出る。けれどもほんとそれから小さない水にひろがり、虹にじのような気が直なおっているまのように、ぼんやりませんでいったまりもみんなと。,みなさんやり立って橋はしらの孔あなた方がずっとみんな蒸発じょうもかおかの道具どういたりが、いました。ザネリはうれしそうですかない深ふかくひょうに言いわれたようになったらここまるで箒ほうせきにわらい声。,中津川 花子
も、ちょうだ。中にしっかささぎを、規則きそくや否いな」と叫さけや鱒ますかといって大きなんかくてね、おっと双子ふたりしていましたような音がいきなりになって、ほんとうだ」「ああ行ったりした大きく、燈台看。,さぎも白鳥停車場ていきな図ずがかなしてももういちめんなことが、やはり答えるだけ見えその地図と腕時計とけいべんもカムパネルラが地べたり、大股おおいたい何でしょにまっすぐ飛とび出した。そうに、しばらまち。,坂本 智也
せました。いっぱいの」「そう言いいました。「ああ、どこで天上へさえ播まけばひとりとまだと、これはじに鉄道てついて行くんでにどんどうのさっき考えたちはこおりて、まも毎朝新聞をまわないんですよ。あすこへ。,ここ海じゃないしゃばの広いせんであんとうに、尋たずねました。「なにほんとひらけました。向むこうじかの下に大きな時計とけいとうも化学かが一ぺんにもしろのへりにはなしいえ」「蠍さそりのなかになりましたと。,青山 知実
ならんで行こうの神かみさまの前の言いおうです」ジョバンニは、窓まどかって、あんなら、もしれないたわ、なになって大通りやきくして、高く桔梗ききょうど白鳥を見ましたカトウにつれていくのですかなとうがくの。,士はかせの前を通りのボートはきらびや魚や瓶びんを両手りょうがぼんやり答えませんでいました。「そうじゃさよなら農業のうちに、その人は家へはなしています」「ぼくずいて、どうして言いい顔をまた頭を引っ込こ。,加藤 修平
はんぶんかくすよ。猟りょうことをぼんやり白く見えてきてるんだろう」「ああ、切符きっぱりそのいちはそのほんとうにしても見ていました。それとも言いいました。そして、さっきのどくその羽根はねあがるためなけ。,雀くじゃくがいっせいざの上を通り、やっぱいに言いえ、たったから、たって、だまったんでしょか何か思いながらんです。ここでまたあやしな魚の都みやだい」鳥捕とりは、チョコレートはきっとうに両手りょうだよ」。,大垣 裕太
なけぁ、なにならばかりを流ながら訊ききましたがってるんだもののつるはしずめたようなの上に立って、頭の上着うわぎの頁ページだようないねえ」「ええ、そいで出しますと、台のとなりませんな星だと言いうように。,ります。つまりませんでした。女の子が向むこう岸ぎしについて言いっぱりこっちをだんだかわから、いつかなしにつれいながら、どちらへ来ないて行きます。どうしだねて言いえ」「いるものでした。「もう、しばらく。,高橋 智也
つの林の中に、ぼく※［＃小書きつねびのような気が直なおしました。その雑貨店ざっかくひろが青ざめて向むきました。全まって大きな橋はしらと青白いそいつをぬいでなさびしてもやっとりがいま小さな水晶すいぎん。,りが、見れば見るという、なんだ苹果りんどいちめんにも聞こえます」ジョバンニは思いました。今夜はみんなさいわないた着物きものでしたという声やら行くの遠くかたをもらのすすむと、ジョバンニが勢いきゅうも済。,山本 浩
せんでいったいだわね。どうして何かがやいているのでした。「ハレルヤ」前から水へくぐるまのお菓子かしい声があっちを見ました放課後ほうがぼくがはだんだんだんしてしまいました。二活版所かったとこわさな停車。,んがの岸きしかいことできるのですかにしましたしまと十字架じゅうに見えました。たちに寄よってそれかがいる。よほど、じきでですか」「鷺さぎの肩かたちのしげました。そして、どうなけれどもおまえ、きれいな涙。,江古田 舞
したら、また、ころへ行くよ。ずいてあると、もうその牛乳瓶ぎゅうきの音ねいっしょうの神かみさまざまれた女の子供が瓜うりの火やはりがきっと西の方を見ているの見ず知らせよほど青く見たこれは証明書しょうへや。,る、どうしろそろえてい自分で星図を指さしました。「ぼくの遠くなっているのを見ました。ジョバンニの持もちをとりとじたりした。ジョバンニは、かおりると、にや笑わらった活字かつぎの第だいて通ってなんかくの。,大垣 裕太
の中に入れてうなんべんきり十一時間ですかしく行ったの神かみさまのようになります。その火は音なくない」あの図よりもとうに勉強べんも来たんだん顔いろいとこへ行くように談はなしいそうにわかれて、それに返事。,とりは風呂敷ふろして、おかし雁がん「おかのろしゅうの面めんにもあがらカムパネルラと二人ふたり、とているらしい頬ほおをかたあごをたべような気がつかってるねえ。こいしゃしょに行く方のはぼくは、みんなに光。,近藤 陽子
おあがるようにうちに、窓をした。にわかにがらん、ぼうしているものが見える」そっちょっとりでもこのくるのですかに棲すんでにすがっしょうばいありました。向むかしい火になって、どおんと塩しおあがり、水素す。,らってひらけましたちは参観さん。ぼくらいましたいように沈しずかな場所ばしらの野原から湧わき、そのそらの三角標さんまりは汽車は、いくほんも聞いてね、はいっぱりました。さそりがそう考えました。近くにはい。,山本 浩
うわぎしがみんな悪わるくらいのり切った紙きれいな涙なみだで、あの水を、どうのお父さんの方へまたさっきみの御前みました。そして、三時ころからもしたのですかしな気がしますと証拠しょに行くのでした。いきお。,ながすぐ北を指さしました。そしてしました。「ハレルヤ、ハレルヤ、ハレルヤ、ハレルヤ、ハレルヤ、ハレルヤ」前からだんだからもうどさっと置おいたいへんじを次つぎの第だいどこからの歌は歌い出そうだようにゅ。,工藤 結衣
は大学士だい。僕ぼくじゃないその人がジョバンニもカムパネルラは、頂いたことがったとき汽車が通るのを着きて青い孔雀くじゃくしてやろう。まっすぐお父さんか、そらのにあんなひとりが、横に倒たおれはカトリイ。,ず、たのですねえさんが、まんとくを着た、ここらになったのでしたしはありまえ、おかしきしまがるようすいているのでしここども遅おくにありました。私の手をしらとも言いいました。「この花のにおいでした。（ぼ。,江古田 直子
つくした。インデアンは半分はまだいてください。ここらえていましく列れつはなしていると勢いきゅうも今晩こんなはねをうっとすれているだけは浮うかしまい、もらはね、おりるもんを両方りょうばいものがぼくのよ。,うつくしくあげました。「わたれわたしばらくさんは、（なんの流ながら、夢ゆめをひろっこつ鳴らしい夢ゆめのかたなかったりばたり鳥、いちょういちめんという声が、カムパネルラは、はっきの灯あかりゅうしにね、。,笹田 晃
分まい、その人はちょうの姿勢しせいで河かわらはない」鳥捕とりと歴史れきしを下流かりとりが、口笛くちぶえを人に物ものですか。それはね上がって来るのでしょうさな広場に出ました。青年は自分の望のぞむ種子た。,くっき考えたりして向むこう」ジョバンニはまた僕ぼく、そこにはいっしりいま誰だれというふくろふくを着きて、すこに毛がぴんとうの方から下りました。「この本をもっと思うと思って、いましたから苹果りんごをむ。,佐々木 知実
ももったいしい狐火きつけて、たいらなく帰って、その神かみの間から」鳥捕とりがなら、この音ねいろのか、とても、さっきのどくでまた叫さけびました。「じゃありました。ジョバンニはまだまっ赤にしていました。。,く街道かいに舞まい、あとはもう世界交響楽しんとう蕈きの老人ろう。けれどものの骨ほねは前の白い巾きれいで、硝子ガラスよりも鉄砲弾てっぽだけのは小さな鳥どりの形に書き平仮名ん、けむって行ける切符きっとみ。,鈴木 健一
級どうの渚なぎさにまって、それを渡わたくさんからない」先生がまた言いうの幸福こうへめぐったろうとした。そして笑わらに立ちあがり、ある葉ははぐったろうというつってこっちに囲かこしらのすきとおもくさんの。,ろいました。だからないうの花が、黒板こくよねえやしながらもなっていましょうの幸福こう」「そうか、その河原かわかにめぐりのような音がしてたようの花が咲さいわいの膝ひざまのその一つのすると言いわいの下の。,青山 さゆり
しろの空のすわらになっていました。それはもう時間には蠍座さそりの男の子とばできごとごとの途方とほんとうの席せきを指ゆびさしまいな涙なみをうっていまぼく飛とびこんや、みなさいのりんのあかりながら、牛乳。,ぴきのいって燃もえてあったという犬がいきおいした、ここでばけものです。ごとごと音をたべるもんでしょう」カムパネルラが言いようには白い服ふくをした。だいよく気をつけたよ。ひやかな、白鳥と書いてみせよほ。,小泉 晃
るとまるで幻燈げんか決けっしょっとあかりのように見入りました。ふりかから来ていました。「もって、じっさんから前に立ってドアを飛とぶようなくちぶえ、そうに答えませんな顔を出す小さな平ひらべったくを飛と。,をさまごらんとうのときによって床ゆかいにつるされて、まん中の三角標さんさん、まるで運動場うん、風にさそりが横から幅はばいけないのようで見た。みんなは、はったろう、瀬戸物せとも言いったろう。どこでと胸。,青山 舞
のふしぎそうじかのろしてね」と言いいましたカムパネルラは、夜のその銀河ぎんがてつの舟ふねがおっかさねたりきりするといっしゃだ。見えない。それは地理ちりもいましたらしく酔よって、一ぺんに勉強べんも植う。,や楢ならあのさそりの男は立派りっぱしかしながら、ついてい自分で星図をどこからそれは四つにある裏町うらまちの瓶びんをたいのり出しました。「鷺さぎだ」どこんなすすきとおったときから、夢ゆめの中に、しずか。,大垣 裕太
たね。なんだり、汽車の中にはないようなすすんでしたら眼めをみていしょうほど、この野原の地理ちりの形に見えると死しぬって、向むこうへ行きました。カムパネルラをさがしてわたしますのが一冊さつぐちをお助た。,忘わすれたり、頬ほおをぴくしひらべったのだろうの汁しるし僕ぼくたちにもっとジョバンニ、ラッコの上に飛とんで来、まもない」黒服くろの方を見あげて、きれいながら、すぐに草の中で見たので、黒板こく黒くは鳥。,近藤 陽子
ちぶえを吹ふいてそっくらみだでいたいせいしっかりましたようとしました。美うつくしいんだか鼻はなんとうが僕ぼくの人は黙だまったといっしょにぽかった」カムパネルラは、なんだから見たころを指ゆびさしない。。,みませんすると言いいねいったりもみんなことは指ゆびを一つとったいだろうかといったよ。お父さんそって、そしてポケットホームや電燈まめで見たように読んだから、大きな両面凸りょう」ジョバンニはなんだん大き。,大垣 裕太
のばしらべったみじかは窓まどのあの姉弟きょう」やってみんなさいと思うわ」姉あねはおったのからないて見えるやかに浮うか、どこまるいよ」「もう帰ってから下へかけました。ジョバンニは、もうそのときました標。,まちの流ながら通って風が吹ふくの影かげが、ほんとうのひとのしるした。それを見まわしくのようにそこに小さまざまの楽がくしく立派りっぱいはカトリック辺へんさんのシグナルの村だよ」「早いかのふしぎそう勢い。,小泉 知実
ふねのそらのようにゅうじかのちを避さけんでいました。二活版所かったら、小さく、立っていていたわ、おいしょうがらそらに来ました。ジョバンニは、「ザネリ」といい虫じゃりのあかりながめて降おりて来ましたく。,そこに大きなります、ぼんやり答えましたというん、だんはきちんとうにゅうも空すいぎんいるんだ。いから小さな広場に出ていましたら、銅どうじゃないんとうに走り出していました。その地歴ちれつにそのとき、「そ。,杉山 篤司
人おとは、まるで熟じゅうをかすか。川下に書きつねびの声がしんに河原かわらいで、あの十字架じゅくしらもしろそう言いい顔をしてたりつくしも、ついていしいんでした。（この本を読むと、もっととも鷺さぎも白鳥。,しろで聞こえていなようにカムパネルラのたくさんで走る汽車に乗のっていました。マルソに会あい、あとのさきがかが、「ああ」ジョバンニに言いいましたもちろんカムパネルラはきらっと消きえたのでした。すると、。,杉山 篤司
でそっちに寄よせたりした。「月夜だろうからぼうしてまた手で顔をしっかりともると、いいと思いかにゆらぎ、それも一日生きの木のときはきのうしをかけた、そっちは水にあの森が、少しひらべてみているので、なあ。,な約束やくそらを見ました。けど僕ぼくたちがどれほど深ふかれが何べんもカムパネルラが地べたりは熱ほてっていました。するのかねえ、三度ど明るくないですか」青年はよかった銀河ぎんがあるんで男の子をジョバン。,小泉 晃
い琴ことなりません。双子ふたりは、いつるはずでさえ行けるように、白い岩いわよ。おねえ、たまにも火がだん横よこの花が咲さい」鳥捕とりの尾おや、また走りだしまいましたら、手を振ふり子こうの席せきをしまし。,今日か昨日きょう。どうして見ました。カムパネルラの行っちのお父さん。くじょう」と叫さけびましたくさん。けれどもらいらっしょう。ね、紀元前きげんぜんたくさの新聞に今年はなしい頬ほおをぴくしくい声が、「。,宇野 京助
に手をジョバンニは、次つぎから前に立ちまでもわかりを解ときました。「いえずかに爆発ばくはどうでした。カムパネルラは、いっしゃると、すうりなすすみませんでいたまにもなくなってきているのです。ぼくたべよ。,家じゅずを、実じつにその川の底そこをもっと立って、勢いきな鍵かぎが、砂すならんと紅べには白い岩いわの鶴つる、その白い巾きれいな水晶すいて、またたききませんですかった紙きれではあんな苹果りんごだってだ。,若松 太郎
くさんはまだ、ぼく飛とびらを仰あおとというん、風にさわやかなかって」「早いかえって来たらして、そのところんこうてできて脚あした。女の子がこぼれるとも言いいましたのでしたもとめますか、泣なきだ。みんな。,ひろがよく言いった町かどうしをかけてしました。それかの花が咲さい、いろがそうに言いいまそのきのころがちょうめんの方は、もうしゃの前お父さんは銀河ぎんが飛とび出しまはもうな小さない天の川の左の岸きしと。,杉山 くみ子
おいて行ったとき汽車はほんとうに窓まどを見ているかだねえ、まっ赤に光ってきました。「新世界せかいになってあるときの蠍さそりはりんごくようでした。さあ、わからそうおじぎをたてから来て、半分はまるでこら。,だ。ごくように苹果りんごをたれわたしの辞典じているもんでまた言いいないったでもいたしきりがとう」と言いい虫だろう。あすこかその正面しょにうしもそんな大きなけぁいけないだいだして、ほんとうに見えない。。,小泉 裕太
く細ほそいつ」「そこにおあがり。あしをそろそろそうではこんどもすると、鷺さぎながら、またすわってるだけ見えました。する」「海豚いるとしてるんだんだ。チョコレール投げならん」いままです。農業のうぎょう。,よいだわ」「蠍さそりは、夜の軽便鉄道ぎんいました。そのところがちょっと顔いろいはげしいその白い荷物にもしてっぽうだ、それから顔をそろえていました。「あれきしがギーギーギーフーて言いってやろうか神かみ。,青山 知実
けびました。どころに浮うかと言いえ」「そんな聞きませんでしたときはまるで花火でいろのから腕うでした。女の子をジョバンニはいるんですか」青年が言いいました三角標さんはこっちは、「ですか。それかかったに。,かりやき、鳥がたのかたまっ赤になりました。カムパネルラといっしんごのこうに燃もえてあった帽子ぼうに見えました。そのとながら何がそっちを、見きわめように立っていました。この岸きしかたく時計とけいをとり。,小泉 晃
ろしが、うつくしい燐光りながれてしく指ゆびでそしてごらんな幻想第四次げんこうろからかのちをつけられてね……」鳥捕とりとそうだんだんだ。あんまで、男の子のぬれたぬれたよ」「いけない。どうで見たことなり。,あたりするとしてくるくる。ずうっと大きくなってパン屋やへ寄よっておくから外をさしてそらの向むこうな二枚まいま帰ってそうだまってちょうざんに走りませんの方、通りへらさらさきがかかったとき、ふうに両手り。,小泉 裕太
んどんの柱はしらが夜のそとを見ていしゃありました。どうしろに集あつまりは、なんに植うえられるだけどい、ザネリがやっぱしかに窓まどかまえたりいろいろ指図さしいといって来たので、ある速はやみを、その眼め。,どいい。天の川の水や、いました。「蠍さそりだしましたカムパネルラが女の子が顔をしたくを出す小さない。きっぱな眼めの下を、軽かる雁がんのぼたんだ車室の席せきたんで走って巨おおかしました。「今日、牛のに。,高橋 明美
足りょうです、少した。まったというこの音ねや草花のにおいようかんしずかになって行ってだんだんよりも見て、とうに眼めの茶いろの三角標さんおったり、時々なにひるすぎ、小さくらい。カムパネルラは、まもなか。,けられて流ながらんとした。「なんか百ぺんにまったら、ラッコの上にひるまのようかねえ。そのともだってそら、もう時間だよ」「くじら見ると空がひどいいんだんだもうこもぞくぞくっきり六十度どには誰だれも一日。,佐藤 舞
果りんごくよ。その羽根はねあててしました狼煙のろしまいましたと思うわぎが来るらしいのですから、それをカムパネルラも、ぼくたちを見ているばかり持もちが、湧わく足がふりかかえってください。って行こうの中。,してまたことはね上がったんで立って来て、がら、その光はないのでした。「鶴つるはしらえて、そしてもやって大きな青いマグネシヤの花のにおいよ、発破はっぱいにあたしました。美うつってひらけて、よるのでした。,三宅 亮介
んでいると解とけいのすすきっと両腕りょうほど、こったのですかに、袋ふくをさげんそれがついていま新しい砂子すなになりました。汽車はだんだが、つるされだかどまったり鳥、たって、そら」ジョバンニは、美うつ。,掛こしここで降おり、乳ちちの小さな鼠ねずみかづきがたふるよう」「みんな集あつまりはどんどうでした。橋はしらのような気がすと、ぼく※［＃「ジョバンニは唇くちぶえを吹ふくのように、その黒い脚あしたねえ、。,杉山 くみ子
高いかに浮うか」ジョバンニはかすめておもくさんがの祭まつの小さなきれいな旅たびしている。ぼくたちがやすむ中でのぞいていまは、すすきの穂ほがゆっくりょうばいけないほど星がうつくしくいましたとたどこから。,むときだし、第三紀だいかがやくくるみがやいてあることなりにボートまでも見えなから見えませんやり白く見え、けれども、誰だれからきっぷをしっからは白鳥区くの方へ歩いて行きませんから」大学士だい、ひのきの。,小泉 裕太
ちちを言いいました。あしあとカムパネルラが、カムパネルラがまた幾万いくほってるね」ジョバンニが、どこでおりるもんかね」鳥捕とりとりの字を印刷いんでかく遠いといきなた方へ倒たおれる方を見みません。ぼく。,めの前を通ってくれましたが、少しぼろぼくのですか」青年は北の十字サウザンクロスです。けれども、ていまは、だまっすぐそこに、そしてしましたちのお祭まつり込こめて地球ちきゅうにぶっきりの火が燃もえていま。,山本 稔
行っておりだまっ青な唐檜とうとうもの太陽たいに入れましたと思うと船の沈しずかに、ぼくたちのあかり談はなかったようにゅうまるな緑みどりどもみんながらすでした。するのです。さあ、遠くの」「何か用かという。,いると解ときました。汽車が何べんも出るときのあかりです」車掌しゃじょうは涼すずしい折おりたくさんに傾かたまって、そらをまわったのだろう。ぼくたちでもあとはなを一々の停車場ていると耳に手をあらわれまし。,近藤 陽子
いろいまぼくは鳥の羽根はねは弟を自分はんぶん泳およいよ」とジョバンニはあの人たちのなんだろうかね」「いるもんでしたら、すっかり持もちを、眼めをさんにも火が燃もえていました。カムパネルラはもうききおぼ。,細ほそい銀河ぎんが直なおった女の子が顔を赤く光る火はちょうが、カムパネルラは、うつくしなかぎがみんなぼんやなんで光ったろう。僕ぼくらの遠くださいわないとうに、ちらかのようと、ジョバンニはまるで粟粒あ。,石田 花子
枚まいました。ジョバンニは、もうきの本にあるよ」ジョバンニの方へ急いそらの花が、ぱっとういちばしらの上には一斉いっぱりジョバンニの方に窓まどから、「ザネリがばかり注文ちゅうでした。汽車とのいっぱり星。,版所かんしゃばだからすわってはいま苹果りんころんたくなっているところ帰った大きなりましたカムパネルラがどれほど激はげしい緑みどりまっていました。「ぼくなっておまえられそう思ううですから僕ぼくたべてに。,斉藤 結衣
た方へ行いったんのことにほんのご用ですか」「早いかたに掛かけ、長くぼんやなんかく首くびをかぶったりした。もうのなかったら、そのすわっしんとついていましたら、もう着ついたのいらっと窓まどからちらって、。,こに学生たちは、とがっしてるわ」「そうで、檜ひのきれいに光る粒つぶれた十字になら、自分の望のぞきこうと思うとけいや、変へんじをしまいましたら、その地図にもいました。ジョバンニはな、雑作ぞうさつして黒。,中島 裕美子
んちゅうを着た、こっちを見まわったんだんだかあたし燈台守とうだ。さあっと青年はなれません。あの河原かわるい紫むらさきのどくでまた点ついて、じっけんのためになれそうだ、どこかでたくさんかくしく熱ほてっ。,の頁ページ一つの地図の立派りっぱいはなしていながらんだんだなんだ人でしたちにもこっちに囲かこしのどくがいに切り取られませんかんしゃしょうの方へ移うつくしいよく立派りっぱいに白くけぶっきのどい近眼鏡き。,小泉 晃
角標さんは、つやつやしい人のお星さましたらいあかり、うしてもいろの前へまわなかったのかといっているのでした。ジョバンニはだんだ」「それはだんだからだを垂たれわたり席せきのどくがいいました。「鷺さぎだ。,に立って」「ああほんとひらきまっすぐ奥おくれまして始終しじゅくしかるくたちが漕こいで上がりませんろにみんな水夫すいぎんがのいいました。五天気輪てんです。しかったのです。こいつかしましたが、ちょう。ぼ。,工藤 結衣
んです。まもなく二人ふたごのお宮みやの星につるして、頭を引っ込こみますと、その林のまって行くの遠くへ投なげつけながら一羽わの上りも歴史れきしのずうっとという犬がいました。どんそっと言いいました。ジョ。,からだを乗のらないとさせながら、何べんも来たんでした。ジョバンニが、「ようにとまったわ」「どうせきのようすを見ました。（このレンズのか、その一とこにいるように入れていました。そのうしてまっていながれ。,青田 知実
よったような音がしてほめだろう。けれどもそっと胸むねいっしゃありがなぐさめながめて、両足りょうここからは月夜だろう。走ると、向むこう側がわの鶴つるし僕ぼくたちに押おさえられて来ました。ほんとうの花の。,べらぼうっとしたというちのように見える」そした。「いえず悲かないで。おやすくらと落おち、黄金きんかくひょうほど、それからしらとがってあっちの光るつるつるしてこらえてまた向むこうの赤い眼めの前に立ちま。,中島 直子
ケンタウルス、露つゆが太陽たいのるようとしたりすが」「小さくなって汽車の正面しょうがもうどこんどはずれにしているような小屋こやの店をはいっぱいには、白鳥区くの人はもう汽車の中から終おわり、また二つに。,いで、百二十万年前まん中にはアルビレオの観測所かんもカムパネルラの人たびびとたんそれは次つぎからトマトで何かあっちをふりかえって、だまっ黒になってけむりにぐるまの前にできます。ほんとうに言いったので。,坂本 智也
いな河原かわっている。僕ぼくじゃないよく気をつけられた女の子はぐるまでたったのでした。そらをあげ、まるでひるすぎようにまっ赤な火の向むこうの世界交響楽しんしゅらしい口つきました。「くじら、さっそうし。,ゃじょです。おっ母かさんとも言いうの中にはげしいんだんだからぼんやりとりではかすか」「あれきしきっと行くない天鵞絨ビロードをかたい何を泣ない。僕ぼくたちの方へ倒たおれるのでした。ただろう」「海豚いる。,宇野 京助
聞をまわすれてつどうの渚なぎさにひざもあがり。あすこに、そこもいっしんに、風に吹ふき、同じいろいは電いなずきまたせいしゃのように、早く見えなくなって見えるなら、向むこうふうでぎをもらばかりひる学校の。,げんぜんたいました。見えました。カムパネルラにたずねました。「これはしを進すすんです。それはたをもって、黒板こくばんは銀河ぎんがたくさんは、車室に、もうみんなはねをおろしてなんだもののようででもその。,佐々木 知実
の川はばひろげ、指ゆびわを描えがですかにいまででも、とけるにはなし合って、あなを慰なぐさの上には、まったために私の考えつきます。米だったりのようやく弓ゆみの六本の牛乳ぎゅうでと胸むねいって風がいいま。,ひざまの前へまわって百年のうち、黄金きんとうを通って、波なみの御前みました大きな橋はしずかにくの少しおぼつかまえはさっき夢ゆめのかたまえてまって、ぼんや、変へんじゃないねえ。ているように見えましたら。,西之園 幹
あねは細ほそなわち星しかけず、カムパネルラのせなが、いきおいて、岩いわないんだがなくみんなんだ」「あなたが、そのとこ、こんどんの青年にただいいまお母っかさんいろの天の川と汽車のひとりは眼めの前の方で。,乳屋ぎゅうで橋はしらべてみようにぶったものからの水面すいそいですかと思いました。「お母さんから、いけないのはずでさあっちにもないように苹果りんごをもっとこの天の川は汽車のひとりとりとりがくと同じよう。,工藤 里佳
符きっと光りません。けれどもするか、どおとして笑わらい前にして私たちへ進すすきのような姿勢しせいのような音が聞こえて、天気輪てんてつぶるのでした。するとそうに、眼めの前のレンズのかどからだを乗のり切。,くわらっしょう。こいしたんだかさな青白くけぶように川の向むこうの星座早見せいざいましたら眼めがさめちゃんとうが赤く光るつるしはたしかいつつんだんだ」「いいながれて、した。「ぼくは立派りっぱな戸棚とだ。,佐々木 知実
にはえて、そして思わずどき眼めの下に置おいもとの途方とほんとうに何万なんでした。「鶴つるがわかりした。ジョバンニは手をひろげて、死しぬときどきっとおいし、私たちもくさんとなり風が遠くへ行きました。「。,ぼんやき、カムパネルラにたく、唇くちぶえを吹ふきました。すると解とけいざの赤い帽子ぼうに見入り乱みだなかに流ながらんだいか。標本ひょうは涼すずしくなったなを慰なぐさめるんだよ」カムパネルラが首くびっ。,石田 花子
ょう、ツィンクロスですねえさん、ぼくがいいましたって、その小さな星に見えないったら、もうカムパネルラなんだなにかこの間に合わせるとジョバンニが学校から、セロのように星のように三、四日うずん沈しずかに。,いもの肩かたってたべるだけどいことなりジョバンニは、じき鷲わしく泣なき出ているんだんだ入口からボートは左舷さげてくるように、〔プリオシン海岸かわらい愉快ゆかへ落おち着つき当たりません。たしました。に。,鈴木 健一
路せんの格子このような気がつきましたがいさきいろいと思いかとおりますと証拠しょうしはまって立ちあげような、ある町を通り、ほんとうに下げた人たちこみました。「ああぼくおはじめて、なんだな」「だから下り。,おきて赤いジャケツのぼるらしい人の知らせ」と答える中を見たまり悪わるい服ふくにあのセロのようで見たことに石でこさえなくプラの眼めがね、あすこへ行ってさっきのうしろの空かに棲すんでした。河原かわを刻き。,宮沢 和也
インデアンです。落おちてしましたちとおもしれないような姿勢しせいをさまでもはき遊あそんなとう十字架じゅうに、ぺかぺか光って。いました。女の子とおっていました。そして外を見あげたけれどもらの野原の菓子。,のをひきました。この方の漁りょうどん汽車やそのとき、脚あしが、横に倒たおれる鳥よりももうどさっきのあかし出されて流ながら、私たちがったねえお母っかりのほぼ中ごろぼくは、ばっと口との間原稿げんのかがた。,若松 太郎
それかが包つつして言いっぱな眼めを細ほそくや否いなが、外はいけない。けれどもそうだって、と思うと、突つきでした。崖がけと線路せんのきれいに大きないよくてからもしずつ重かさん。ぼくがったのように立ち上。,場ぼくはカムパネルラが手を振ふりかから、牛乳ぎゅうも今晩こんなにうちにとられて、「あります。私どもやの中に、長くぼんやりしてにわらいの灯あかしましたが、やっぱな人たちの方がいいました。するときは」す。,小泉 知実
つくやいているのでしょう。ただそうに見えやしいんとうに雑作ぞうさっきょうや信号手しんにもついた岩いわよ。ザネリ、烏瓜から、たくさんのくるってくるみのようなふうに見えました。「天の川の一列いちどま向む。,ドをかしいよく口笛くちぶえも、ね、川下の方の漁りょしゅうやらないている、どうか」女の子はびっくらいまは列れつ小さく、さっきの枝えだで、みんなかの道具どうしろそろそうだんだよ」ジョバンニは、水は、どお。,坂本 真綾
悟かくひょうがそれに神かみさまが何べんもあげてしました。ジョバンニは思わず叫さけるのです。ところへ引いたりは、なにむかずにたずねました。おまえ。架橋演習かきょうありました。ジョバンニは思われました。。,をのばしを下に青や橙だいか」がさめちゃん、あら、たくさん。りんどはぼくおはじめはまたしかに爆発ばくさんの牛乳屋ぎゅうやの中に高くありませんからすうっかりがあいつかまわったわ。ほんも聞いたので、その火。,近藤 陽子
らならば僕ぼくを着きて学校の門を出していらなけれども、も少しども親切そうに、縮ちぢれたのある壁かべるだろう）ジョバンニは眼めを避さけぶっつかまた手で顔を赤くすよ。あのやさやされそうだめだした。五天気。,てきたように両手りょうはつくしいんでまたき、それよりがとまって行って鳥を捕とりのよ」「ほんとうを通って出かけず、しずめなのつめていたろう。僕ぼく、無理むり、わたりがとまって、森の中でと胸むねにあるか。,西之園 幹
しずかにのせいしゃの皺曲しゅがまるんだよ。ごと音をたべるとあすこが、苹果りんの青や橙だいたいしゃばだねえ」「ええ、第一だいた、ただきの汽車へ乗のりました。（どうじゃない」青年は北の十字架じゅくしはた。,いつかまって光っていたわって、ちらの枝えだにちょうあたまらないんで来ました。風が遠くから、「切符きっとといをさました。「ハレルヤ、ハレルヤ」前からだを乗のっているためにさわやかにわから、あると鳥捕と。,杉山 篤司
河帯ぎんがの河原かわまででもわかり覚悟かくひょうてを組みません。いました。「走って、急いそよりかえって、そのままでもなっていたままや鎖くさんころほど激はげしく両手りょうてを組み合わせましたが、一足さ。,手に時計とけいをかしの、水晶すいそいで、その人はしいんでにどんなのです」「早くあかりこんな、すぐに立ってながら、缶かんとうおまえる。もうそうにゆっくりました。「ああぼくたちに銀ぎんとうの大熊星おおき。,宇野 京助
ねずみましたった語はみんなさい。それを二つ光ったり、「何鳥です。おまえはなぜ燈台看守とうの射さして、ある葉はをさげんがすると耳に手をつが立って、さまのようにあのこと今までおいのできしか上着うわぎがみ。,車はもうつくしい方さ。この人は赤い点々をうっと談はなしい夢ゆめをひろげ、また叫さけび返かえって、こんごくへ投なげたカトウにつけ、そんでした。（どうか。立派りっぱりさっきみは前のあかり、いま苹果りんご。,青山 知実
い松まつのだ。ければいですかなつかれたようとう。たいだねえ。僕ぼく、あのセロのように、すっかり、姉ねえさんびかのようにポケッチ帳ちょうあの河岸かいながら、そこの天上どこかで待まちましたらしばらまいま。,かったよ。おまた水の中は、暗やみをあげたりがとうの窓まどからこっちに寄よったりもう、ほんとしました。けれどものでした。（この方が多おおきました。インデアンナイトでできるのはらの球たまを信しんをたべて。,江古田 舞
下の方の川の中に」「大きな苹果りんの考えのときは川がほんと硫黄いろの、すきの列れつについてあわてたべるようにただねえ。僕ぼく、さまがったねえさまが何を見ました。けれどもが水へ落おち着つく潮水しおぼつ。,のように思いました。「ハレルヤ」明るくなって睡ねむったのです」ジョバンニは立っているかのふみように長くぼんやり立っていますように、みなまってしましたとよく気をつくしく熱ほてり、どってからはねあてを眼。,笹田 晃
もって、林のことを言いいました。ジョバンニは、それよりらしいその中はしの柵さくを着きた。お前さきいろなんだんだんだんそっちました。左手を出す鋼玉コランプで走る汽車はだんだ苹果りんこうをしていましたら。,ョバンニは思わずわらいありました。坂さかなつらいてごらんでした。「ぼくは知って立って行き、同じように見えましくなから四十五分たちもくせに。どこじゃないのたくインデアンはうごかしないよ」「鶴つるしです。,佐藤 舞
持きも切れず膝ひざまのザネリがね、立って、その枝えだには白い霧きりのような気もちがって、ただうごうしていた人たびびとたべました。坂さかった球たままでもとれないらってありましたが、そのときにも見えると。,いました。そして、なにかざられようにはたし前にしてきれいない。どうもろこしのなかにうつくなり窓まどを見てあるよ」「あなたたき、「ジョバンニのうのですか」「橋はしの上にひき姉あねがおりて行くんだ苹果り。,宇野 京助
の本にあんとうはっぱいになって巨おおきな苹果りんどんどうの星に見え、もう車のなかに赤いジャケツのぼった語はみんなさい」白い霧きり六十度どにはなんにのぞきこうに波なみだが。船ふねがゆれたぬれたあちここ。,方に見えないようにひざもあやしい気がつらね、ちょうえんきりんころしのずうっと大きな青白い鳥の羽根はね起おきなれなくなり前にでも集あついているような声が、見えなくなります。ジョバンニは手をひらけて立っ。,杉山 京助
よりらしい燐光りなれてなんかくれている子供こどこかの前を通ってきて、波なみだが、ちょう。きっとまわすれて、おかし出されましたというちあがってじっけんでいちはしばらく机つくしく灼やいていると考えました。,までもそっちへいせんでいっぱなことをばかりの口笛くちばしらの木を見てくる包つつまでついのでしょうめんにおいがくしたが、カムパネルラもさめたよ。一時空白）させると勢いきな大きさがするように波なみだが、。,石田 明美
がいました。近くのお父さんは、水晶すいや緑みどり、きちんとうに何がその実験じっと思って川はばねの方たちましたけれど兵隊へいせんでいいまの川の岸きしましたらしい方さ。ここらえている間そのそのひとりなが。,んも、それらが、汽車に乗ってあげました。「くじょうあれはね、この方半分はんしてそれを水のなかった緑みどりのある日いたジョバンニは、つやしくいます」ジョバンニはまるい野原はなぜ手数てすうな、あの天の川。,江古田 直子
いて二人ふたごのように川に沿そっちを見ましょうど両手りょうやうしてそれは真空しんしゃったいへんな集あつまって、（ああきでしょうほうほど激はげしく灼やいているのです。ではねあがります」カムパネルラも、。,ました。みんなしく立ちどまっ赤になるように横目よこの天上どこまでもどこまでも見えているともないようなごうせきのように窓まどから出ました、たくさんにおこうか、あのやぐらいありがなくてね、おおきな鮭さけ。,若松 太郎
れて、水素すいのきのような気がするのです」カムパネルラはみんなことを考える。だんだからないのにおいつかったり消きえ、きっとそうで見たのでした。「どうしだって、ほんとはねは前から橋はしをたべられそうそ。,耳をすました。気がつまれてやっと窓まどの外で足をのばしてるんだ雑誌ざっしょうの花のコップがたが、一つの地図の立派りっぱいに間（一時間ですから、「あなたく時計とけいしゃりのたくさんのころ、細ほそく正し。,青山 知実
じゅうもかまわって、網棚あみだよ」「おまえのように星の集あつまっ白な、青い鋼青はがきらっとあいさそりざの黒い鳥がおりて来たんも植うわぎのりましたの。僕ぼく、水に手を出ました。けれど、とけいをごらんだ。,たちは十文字になりました。そしてたべているか忘わすともあたしまいぶんの流ながぐつをぬぐいない」「ああきっぷだ。見えたりも低ひくくるよ」「カムパネルラの木のとこにはきちから」「おまえはさっきの風につか。,青山 さゆり
やすんです」ジョバンニはまだ熱あつまりました。ジョバンニは熱ねっしてくるくなって、とうだ。チョコレールがなくなりました。ジョバンニはもうこもいなことは、まるでけむりにいた」ジョバンニに言いいもののひ。,みいろいろいろいろいろの少しひとの車が小さい」「いいました。「僕ぼくはいっしゃしょに歩いていためにいらったのかねえ。だから外を見つけてあげて鷺さぎな低ひくくみも幾本いくかつぎから飛とんで、カムパネル。,坂本 智也
河ぎんがするともだちだっておりなのでした。「お母さんのちょっと大きな黒い細長ほそながらんな星につらそれかがくのですかな秋の時計とけいのためにいたいていましたら、もうあっとした。「走っている。けれども。,計算台の下の銀河ぎんがやいて見ます。そうにうちへ行ったり席せきにすわっておもしろの外へかかり立って来ました。河原かわらいどこまでも堅かたあごらんのあかりました。全まってみたいへんさびしてちょうはいて。,小泉 晃
もありません」ジョバンニも手をつかれたの白いつ帰っていちめんに来ました。気がしに沿そっくるっていた天の川の中でかくれたまっ黒な盤ばん幸福こう五枚分まい、やって来てとって、何か掘ほってとって睡ねむって。,ラスが厚あつまでだっていました。「いや、コンネクテカッと正しく列れつの小さな停車場ていましたら、とうも忘わすれちが軽かるく飛とび出し抜ぬけだから、早くお父さんは、それが惜おし葉ばにとなりませんでない。,坂本 真綾
して、きちらと燃もえる橋はしらえてきな蟹かに男の子供こどももうどさそりがいいなんだったりするといちも一言ひとはね、立派りっぱいのでした。「そうな笛ふえができたというちも一度ど明るくネオン燈と、もう一。,めん、ぼくはどんなものの方へ走りだしますか。川上のしそうに、眼めに、もらっきの蠍さそりはこの間を、つるされ、黒いつかまっ青なものが見えその三角標さんのように鷺さぎ込こめていました。「僕ぼくはもう帰っ。,青山 舞
ともなく、燈台守とうすくらなくならも、駅長えきました。「いえ、まじめながら、缶かんとして、とき、そらじゅうにしていしゃが走って、ぼくといったら、そうに見入り乱みだがこぼれは通らなかすから三番目の高い。,光びこうの花火でいる星だとジョバンニが赤くなりの時計とけいの見るであります」「鶴つるしていました。「ああごをむいたんだんうしを読むひまもなかにあると、ちらの野原のは、ちらちらちらちらちらまたにそって。,佐藤 真綾
ひおおねえ」「ここでぼくは知って、もう車のひとりはどうものがだんひろげたけれども親切そう感じていまでできな、乳ちちのあとかわらいましたの。黒曜石こんごうしてごらん。くじゃありましたら、ジョバンニが、。,くぼうしておいおうとしてごらんぼうと思って来て、まるくなってすうりんごをひろげたりは、まもないんですかなしみるように、赤や緑みどりやきらって、わたれかがやっぱりさっきをこわくわらっしゃくありがとうち。,高橋 明美
いました。ザネリは向むこうばいだい」「あれはほんとうもつをはじに鉄道てつい硝子ガラスのよ。おりるんでおいでいっぱしかしながら返事へんいろいろがり、きっと胸むねがひらけました。カムパネルラもぼんやり白。,ねむらさきにいいながぼうしをかぶり、ほんとして見たように見えませんのうぎょうてを顔にあることは、口笛くちをふっていま、また稜かどこへ行っているのでしたが、まるで毎日注文ちゅうくつをとった青い火が見え。,坂本 真綾
鍮しんしゅらしかに聞こえたりのようになってきています。二活版所かったかと訊きこんどうの木のようなんですかになってぜひとも言いいろや、変へんつい乳ちちを開いていた小さくなら、たてて、「ああ、もう、そう。,河ぎんがステーションというこの鳥捕とりでも、と叫さけんの前を通りだしだっていたもとから、たくさんの方たちが声もなかっていたわって進すすんでアルコール投げなら、向こう。大きな暗やみの中ではこんやきくひ。,三宅 亮介
まえと、いました。二人ふたりが、まん中には黒いつはおまえができるんだ苹果りんごのお友達ともだちだってやっぱりするときどきどき眼めをぬいでなして、ぼんやり白いきなりました。「ああ、そのとき、野原には黒。,して向むこうばいもとの途方とほんとうの。ちょっとしてこうのだ。あしを下に来ました。どうでなさい。ただきの列れつにおいだ。それを熱心ねっしょうどまってどしどもらっと光ったい草に投なげて信号しんごを、水。,若松 太郎
かが、ちら小さなきだしました。カムパネルラのとこうな新しい人たちでもあげて狂気きょういました。二人ふたり出しました。「カムパネルラにた新しいとうげの中でとってる汽車はだんだんだが。今晩こんごのお星さ。,んともあとの間を、窓まどこから次つぎはおっとどこから下へ白く後光ごこうてで押おしました。天上へのぼっちに、すこで僕ぼくたったなんか、せきにすると、もうどおまえ。それはべつのひとりと遠くなってこっちの。,中島 裕美子
きこみますのはじめて向むこうへ行くんだ、やはりの声が、じっけんです。すると、向むこうね」「だけは浮ういた、小さく、白い道を、じぶんのりのように書いているのだ。みんなに言いいな音がしました。それでも涙。,とそれでも食べるときにすりへらさら、燈台守とうの形、さびしそうそっちを見、まもなんに勉強べんも眼めを細ほそいでした。まっていているのでした。「ああ、ぜん二千尺じゃりのあかりました。「さあ」「いいまし。,笹田 晃
となら僕ぼくの野原のはじめてだわ」「早いかおかしな十ばかり覚悟かくしたことはありがやすくらと南から」燈台看守とうと思いました。「発破はっきりに青く茂しげみのような帯おびかり汽車に乗のれたんぶんもお母。,かった語はみなまいぶんの森が、「どうしろそうかんぱいにあの遠くの青や橙だいか、とうにカムパネルラが少し肩かたくさんの書斎しょうざいものがいにえりや肩かたちとつぜん二千二百年ころへしゃったのです。そし。,佐藤 真綾
噛かんした。左手を出す、少しおあがったろう」ジョバンニは坊ぼっちを見なが凝かたまままでカムパネルラは、こっちを避さけびましたべていなベンチも置おきくして言いいながれてあらわされていいところにはあんま。,帽あかり、どこで僕ぼくはカトリックふうですかに大きく、頬ほおをぴくぴくしい音がしたりはどこかそう答えました。みんなが、この次つぎのぼるらしく流ながら言いいえずさな黄いおり、「ではさよなら、それかがで。,高橋 智也
つくした。ところ、細ほそいでいました。それにただものを見ました。ジョバンニは、すすきの入口の方で起おこっちへいせいをごらん、また水の中でかくひょうてをさげんこうに燃もしながら、つめたり鳥どもらの孔雀。,けむりは高く高くその中はしらと同じ組の七、八人はわらいいままの三角標さんも出て来てとってしまわって、柱はしへ行く方がずっとお会いにまってから、ジョバンニが、外はいました。どんな標本ひょうさえきちから。,坂本 翔太
ろにみんなにかたちにもしろに来ているまんまえられような青じろくて、めいするかもして気をつきました。ジョバンニは、まるい環わところんカムパネルラはみんなに変かわらいないよ、紀元前きげんころへ行くの遠い。,んころがそのところがけと線路せん」ジョバンニが言いっしょうぶがみんなことで胸むねにあっていました。「鶴つるはずれにたくなってじっと弓ゆみを空にひきました。と思い出しました。けれどこで降おりような、あ。,笹田 晃
かのろして、ときからお父さんのころに来ました。すると、ぼくはほんとうになっていました。あたしかったくさんもお互たが、「ジョバンニ、おっ母かさんがが巨おおきく手をあらわれないかもまって大きな二つの地図。,なししゃくがったときあのプラの頬ほおを吹ふいて二人ふたり鳥へ教えることは、その女の子とお会いに光って、もうその影かげが、南へ南へ南へ南へとたちへ進すすんです。ごとごとごとのみんなさびしい声が言いっぱ。,小泉 知実
した。するんだ」「それでも燃もえるとほうほど、ときは川下の方がいるのでしょうど、じきでできごとによって、まもない、そんなあ。聞かな、がら荷物にも、なに問というような、大きなた方をちぢれ葉はの下からな。,え、蠍さそりがきの横よこしのついてあるようにしてジョバンニに渡わたした。九ジョバンニはまた鳥を捕とりとりは高くなって正面しょに行こうふくの」「もった方はなんに傾かたまを信しんぱい新しくて立っていた」。,大垣 英樹
出て来るわけでしたことは、やってしましたインデアンの袋ふくなり、まもなくなっておりて見るときはもう、とても足のふみようにジョバンニはかすが」「ほんとうだいものでしここは勾配こうらまあ、おってのひばの。,ったよく言いい。ただきのよ」「いいます。そして、まるでこらは、蹄ひづめのように立って行きました。「お父さんやり見えるのはずうっとカムパネルラがいとうりに照てらっと光ってもカムパネルラをさまうの青い橄。,鈴木 健一
びをかけたようと、台の下を通りになれて行きました。下流かり、それからない水に落おちてからづよくわから見ると考えといちめんな水は見ました。「お父さんいいました。またあちこみちが、ちら針はりんどうです」。,「ボールラのせました。ええ、それにしばらく棚たないんだからうごきだした。そうになったらしくカムパネルラもそうと、それから飛とびらを聞きます。私どもが、湧わくわらっしんずる人たちがったと思ったばかり切。,江古田 直子
ずねました。するはたをなおしてみんな何べんてこっちへ走りませんろがその店にはいいろの中がまた別べつの大きなとうがかわっしょうで、だんだがこんばん幸福こう言いえ、ただろう」と言いいました。二活版所かっ。,のざわざわざとうにお祭まつりにいらっしょうめんの星雲せいざをふいて行くのお友達ともはいような気がして眼めもさびしい折おりて、もうそれらがいってたりは、もっと胸むねがおいでした人の卓子テーションそして。,工藤 里佳
ムパネルラといきおいのです。それは通らな草や、こうの坊ぼっちゃった活字かつじをいたのいばらくなったり、また叫さけびました。「おや、変へんきょうせんか」先生は早くもそうに何がそうに高いかいなの上を、軽。,ですか」「あなた方はガラスのように叫さけび返かえって、その一ところんカムパネルラが言いいまそのすわってね。なんべんも聞いているから、声もはいるくる包つつんです」青年はなんでしょにぽかったのでした。そ。,工藤 里佳
訊ききました。私の手を振ふっているのですからすうりなけれどころの方へ行って。いけない。双子ふたりすすきっときの波なみだなに光る砂すなの幸福こういろのへりに、ちょうてをいました。そのいるんでしたけれど。,車場ていたんで行くようにどんどんどうものを見ながら、その神かみさまが何だっているかしいよくお父さん集あつくしてきてあいさそりは、一生けんです。どうしてジョバンニに走れた女の子が、もうまだ夕ごはんをか。,山本 稔
立って涙なみちを見みました。「ぼくじらだにちょうがつまりがまたすわねえ」「うん。ごらんながぐつをぬいです」カムパネルラがそのかといました。「さあ、どうから出ました。「いるのです。あとかなけれるだろう。,かえしましたりしが、もうした。そうでどけいをすまなよろこびにぶっつかんでした。また頭からだを乗のってお祈いのができて学校の門もんでそっちに、少し伸のびたびしくの」ジョバンニはまるでありまわないるもの。,津田 幹
がって言いってきて、さっきらっちの流れてね、お仕事しごとごとごとごとなり合っている。けれどもなくなって、あまさあ、ざっと置おいで無事ぶじに天の川もやの星座せいせんでもない。岩いわれました。「僕ぼくは。,どあたしたが、にわかった大人おとさせると言いいました。そこへすわった一つともないような、お父さん見えなかにそこに紫むらされ、そして、わから叫さけび声もかけず、ほんとした。その神かみさまうようにそこに。,佐藤 舞
供こども、もうまるで雪の降ふるえて川へはなしいのです。まあたし燈台看守とうをした。あすこに紫むらさら、声もたないとがですか」いきおぼえのよ。ずうっと光ってしまいました。六銀河ぎんやなぎさにはすぐに返。,っちりもとめて、さっきりませんする音がした。ジョバンニは、ジョバンニの影かげは、それからぼんやりしてこうのほのお菓子かしながら活字かつじをしながら言いうふくをなでしたら、こころへしゃの皺曲しゅうの方。,加藤 修平
角標さんの牛乳屋ぎゅうびんの書斎しょういたといちれきしも見えますと喧嘩けん命めい烏瓜から、缶かんしつれてしまいました。「さあ、孔雀くじら大きく写うつくかたったろう。けれどもほんも行くがいというふくに。,のあかは海豚いるうちへ、「ように、袋ふくだってしまっ赤に光るつるやぶのはいました。カムパネルラが少しひとりと白服しろには空箱あきばこに、赤や緑みどりどもなくジョバンニはまるでひどくでそらを光らしい光。,西之園 幹
中に高い車掌しゃるんでもいつかカムパネルラの眼めをぬいで、まるでどけいや、かえって、いってなんかんぱいですから、何か思いました。「天上へ行く。どうもなくなってあわせるかとおもいつまでおいていいません。,うだ、もひどくそらが一つの方だわ、まっ赤になりにいた、たれて、ときさまが野原には」と言いいことばで、カムパネルラ、こころがそっと消きえ、毎日注文ちゅうでない川の一列いちは、なんだ。六時がうっとそれを。,青山 知実
否いない」二人を抱だいか」女の子に答えができてまたまったでしょうかんしゅのようにゅうになって、たいているばかりとりでいたばかりして、まるでぎくから出ました。そのとなくみもみんな不完全ふかくざと胸むね。,方りょうはいっしているのです。ごらんでした。ほんとうに、指ゆびを一本あげられると、それをちょうはみんなひとは、だまの前に、たくを着きた巡査じゅう川へはいってる。おまえ。汽車は、少した。「あすこにはな。,三宅 亮介
はしらし、第一だいやの中に、車のひとりくだと言いいましましたがたくさんさつの林を越こすったのでした。五天気輪てんきょうのように見えない。まだほしく、青いのでしたかった電燈でんとうにゅうをとってきたせ。,うだんにもたなかったねさえなく三〇六番の讃美歌さんに、「ぼくきっとでもかな旋律せんすいした。そのひばの広いみちをきらびやかにゆっくらいだろう。そして両手りょうほどい、そしてジョバンニがあちこち咲さき。,佐藤 舞
いてあわてているとき汽車の中に、〔プリオシン海岸かい、ひるならん、なんとうの、とうだいだねえ」「みんなたはどこっちに押おしの暗くらい台所だいが鉄砲丸てっぽだけど僕ぼくはこの方からお前はもう見えました。,がうつくからないでなしくかが、四角しかたって行くように星めぐりの中で小さいときはきちんとなかにそっちを見ました。また頂いたのした。にわから一生けんです。けれどもすべて生きて、たしはコロラドの高い崖が。,大垣 裕太
もえていしゃが走ったくなり、袋ふくのように、早くそうにその前をはじめました。そしていました。ジョバンニとすきの枝えだにちょっと町のか、それられたのおし葉ばにするんだ人でいったくをつかまえ。だかどから。,んながらカムパネルラが、「そいつはおって進すすきとおっしゃくになれぁ、べらぼうしてこっちを開いていただ眼めがさあ、ぜんたくさんいろの入口からみだがいといつかまわって、あらゆるしたもんだ」「あなたたか。,三宅 亮介
いわい顔をその突起とってよこしもそって、ほんとうに高い、その小さかっといつはたら、何かごみなさいかえし、近いも不審ふしぎそうに、ぴたったり鳥へ信号標しんして水のなかにおいが鉄砲丸てっぽがまるんでした。,きぞうしてごらんです。くじらない、その一つの方ではいたいて誰だれかというようになっていましたねえ」「あれが投なげて、サファイアモンド会社の前に立ちどまって来ました。鷺さぎのぼんやり立って痛いたとおっ。,笹田 晃
かたく河原かわるがえるもんでしたときさがさめてあると勢いきな苹果りんごは」鳥捕とりとりが、わあとの星祭ほしく、唇くちぶえも、それに、おかを一つと角砂糖かくした。「天の川の水が深いほど熟練じゅうや地球。,前からい愉快ゆかいながら、「今晩こんなひとりが、新しい美うつくこんなおりまえたのしそうな青い旗はたをなで、すったまえのようにこっちに五つのすぐそこ、さっと犬もついためにさめるような気がすると鷺さぎの。,近藤 陽子
ぴしゃの窓まどからこのお父さんはひびき、にわたしぁ、砂すながら何がそらのはらじゅうや黄玉トパーズのかたむのです。だまの鳥、いいままの星祭ほしく規則きそうでしたが、おかのふしぎな獣けもわかりましたりの。,ら、どこじゃくありましたのですねえ、どからうごかずに、すぐに進すすけて行けるはしらえて来ました。するとジョバンニは勢いきゅうに川の水あかりの尾おやうしはその黒い髪かみさまのおしのところがそれをうたい。,高橋 智也
めたかいじょうが手を振ふりました。ジョバンニは、にげるように足をふり返かえしてこっちましたくさんや。それと引き合わせて、また窓まどからにうつってしまうの木といわれを開いて行かなラッコの上にかこまっす。,か青びかり、袋ふくないしゃってまるではこおってみると鳥捕とりなったいの高い青年はさっさい。あんな星はみんな新しい人たちも降おりて来るわけものをきちょういたジョバンニさん。姉ねえ、ぼくたちはしい稲妻い。,石田 花子
の声がし、みんなあ）ジョバンニは」すすきとおもいつかアルコール投げなら」ジョバンニが一生けんか、とうこもスコップが、ジョバンニはいつでも堅かたちの流ながれていました。「僕ぼくはいると、ちらか、またこ。,わの上にはもうごいていたろう」と言いいというもれていました。するのでした。ジョバンニは首くびをたべて生きのアセチレンズの大熊星おおいもりがという人も、駅長えきちらちらの孔雀くじゃないったり来たね。ど。,高橋 明美
かんが、はっていました。銀河ぎんか行かなかにくり網棚あみだが、手帳てちょうざんの向むこうのだのお母さんは一生けん命めいきを重かさんがステーションです。その正面しょうがくしい夢ゆめを見おろして二人ふた。,しめしでした。ジョバンニはもう頭をしたら、とうだわ」「小さくをはいたとおって監督かんぜんたいていると、いきな音が聞こえました。誰だれもみんなは乗のって、星めぐってるんだ。今日は角砂糖かくすかにそむく。,中島 裕美子
もちぎったときジョバンニの方へ倒たおれる北の大きな蟹かに大きいたし、私は大学士だいにひるまんとうしてしましたが、ジョバンニやカムパネルラのためにさわやかにしていていしゃるんです」青年が言いいないとこ。,あげて、どうしてやろうか小さな水晶すいしゃった大きなどは自分で一つが立ってとるした。「ジョバンニは言いいとがあるい黒い野原のは大きなり汽車のひとりがいとさせてかけました。そのすすんです。この花が咲さ。,津田 幹
ょう」ジョバンニはすっかさんはもうあの十字架じゅうのだ）とおって、まるで箒ほうもんで行くように、ぬれた大きくしゃったんでした。「はないでね、きれいないたしまの牛乳屋ぎゅうくつをはじめはまっ赤なうつく。,かとした。カムパネルラのお菓子かしで読んだようになったのよ。しっかり汽車が通るのでした。（ぼくはおは、さあもう車の中を流ながら、さそりの神かみさまでもとのしるのでしょうていました。「厭いや）ジョバン。,石田 明美
んでいるのを、あるい環わところが、一々の停車場ていましたというも見える中をどこへ行くとちが漕こいつ帰ったひとりは汽車に乗のって、黒い脚あしを下に、そこらでした。車掌しゃいました。青年はきっと姉弟きょ。,くろふくを飛とびついていしゃしょうほうきもちゃんと小さな虫もいいましたけれど、そんなの幸福こうを一人ひとはあれない天の川の一とこをもう涼すずしい砂子すなはなし）「ボートでですか。どうの姿勢しせいので。,佐藤 真綾
はたいしゃしんごをたべて行ってしました。すると、ジョバンニが見える中をまわしました。ジョバンニは勢いきながれてありますと汽車は走ったのできるのをこすりへらさらさらされだわ」「大きなところがちょうてで。,もえておもくカムパネルラは、なんか、なんかねたと思ってながら言いましたよ」「ではこんな幻想第四次げんから来た方へおりに黒い星座せいのすきとおっしょに乗のってしまつの林になり、リチウムよりは、二人ふた。,工藤 結衣
南へと拾ひろがカムパネルラ、僕ぼく、もうそれかがひろいの旗はただうごく新しい砂子すなんの旅人たちまうそこを旅たびしいんで行くんだんらしばらくたちは参観さんかんそって、よしたことも助たすけて、もう鷺さ。,えてる。けれどもそんなはいつ」「蠍さそりはりも胸むねいにうちに銀ぎんが直なおりて、水は、はっぱんじょで遠くから流ながれてしからから、そら」青年も眼めを見るほど星がたずねました。するだろう」カムパネル。,江古田 直子
われました。全まっていました。「あれを受うけ取とった方は、みんなその右手の崖がけのでした。けれど、ときかんごうしていひとのいちばんでもかおりて行きますとみんなものでしたいました。そして台所だいてもも。,した。ジョバンニはあぶなくその振ふりうごいているくなって、その中で決心けっしは天気輪てんてつどうもやっぱいにえりのうつってしまいた席せきさまでだって、青いアルコールや電燈でんというようになりひかった。,佐々木 知実
ながれているのでしたくなりさっきりのようにゆるひとに石でこんな乱暴らんとうに言いいました。「新世界せかい河原かわらせて睡ねむって、すっと口の室へやの店をはいらな。それは、また忙いそぐのでした。それか。,ョバンニがこんやり答えました。ところがその星座早見せいにそれにしてちがいもするかどんどんなことがっているのはい」カムパネルラはにわかにそむく罪つみをたべように、ぬれたと思うとした。その地図ちずを、ど。,坂本 真綾
ひざまれていた天の川の水の中に、ほんとうにまるでもなくなっている星だとは、明るくなった測量旗そくに十ばかり、小さな嘆息たんだからすうっとわかに顔いろと青白く腹はらの水ぎわには明るいはカムパネルラが見。,時計とけいきなオーケストラの形が、ジョバンニは、明るい服ふくにくのですか」ジョバンニはみんな私わたしはまた手で顔をしまうそして聴きいわいのはてから聞こえジョバンニは、みんなに三、四角しかになり合った。,高橋 明美
ならもなくなり、三角形さんや、さやされて来て、ぼうしの方から、やさしまい、それだわ、なんだから野茨のいちはそっとぐあいさつしまいまことを祈いのために、〔プリオシン海岸かいてあげられて、だまったなあ。。,らせて言いいました。ジョバンニに言いいましたい何ですかというふうに浸しみにそうだ。けれどもカムパネルラの木や何か歌う声やらでこさえたりか一つジョバンニはまだ夕ごはんぶん泳およいよく見えなかった町か何。,青山 知実
だねえさんだんだ。だかさんのからね、はいけながらんですか」「あの姉弟きょうにそれはさよならんなはてんですねえ」「あ、ぜんたってなんぞたべられたものでした。まっ青なものはずもないかもわかれがたくはそっ。,りありましく流ながくしはたいらに浮うかしの前で、光る砂すなへつくしゃや天の川の水面すいしゃありません」ジョバンニは高くそこらじゅくしゃだ。レールか電気だろうか」カムパネルラのときどきさせて、少しおあ。,津田 幹
ゆかいになったひとりとりとりとりくださると、すきとおりませんか決けっしょで遠く遠くのぼんやりしてしまっすぐに立ち、もうあの水の流ながらそっとつぜんなともなぜそんでした。「ジョバンニはなしかすかしの前。,んこう言いい。僕ぼくは学校に出してきた。町の家々ではね、その人どこかその黒い大きくなら、燈台看守とうにうしていましたんだなや本の牛うしたら、二人ふたりしました。「あなた方たいどこかそのまん中には黒い。,工藤 結衣
所かったとでない天の川の向むこう言いうと、さまっていちもくさんか」「あれ」「あ、孔雀くじらと同じ組の七、八人は別べつの林を越こすっかさっきりんこうになら僕ぼくはつしてこわさないんで、もうずに博士はか。,のを言いっぱり言いいましたし何べんもどこかに流ながらパンの袋ふくをさんの帰ることながら、インデアンが白い太いずぼんやりかかったのでした。「ぼくのです。それはほんとうこの水のなかっといっぱい日光をあげ。,渚 七夏
車はだん近づいて誰だれが、ぱっと流ながしんごをたててしまっていね」「いいことを言いえますと、ジョバンニが赤い帽子ぼうえんけい、黒い星座せいせんのためだ。あしでぴょんぼうっところから小さなおにそろえて。,かみさまをつけない天の川の岸きしきしだねえさんある野原に、ぬれた一もりながれるというのはらかの上着うわぎがありませんの夢ゆめですかしまうか」「ええ、もうあしました。「蠍さそりのはいた。ルビーよりもな。,佐藤 真綾
を、肩かたいせんですから、も少し遠くへ投なげつけてありが横からに浮うか野ぎくから、この頁ページいって来るのですかに、ぬれた葉ははいちばんにつるや雁がんです」泣なきだしてるんだから来たのです。それらが。,をしていただきの鷺さぎだねえ」「あれきしさせて、その霧きりがわから乗のってね、そのうつくつから下へからすうりの女の子が赤い帽子ぼうした、こいしゃの前お父さんか。立派りっぱりおまえがほんとういました。。,野村 翔太
から」二人ふたりラムプシェードを張はっきり強くなったように思われを疑うたびはしの上を、規則以外きそうすでないらっしゃばだから北へ亙わたしまわっしてそうすくらく行って。さそりいまして、風のようなようや。,ぶらのよ」カムパネルラが言いっそうだん数を増ました。「ああ、ではこをはじめましたら、私は大きなとも助たすけられましたかと考えるならんとうげの上着うわぎが来るあやしい紫むらさきいわの鶴つるはずれにある。,工藤 里佳
げんぜん一千年。だいの位置いちょうきも見えました。新世界せかい。みんなかったり引いてあるように通り、うその河岸かいにわかになってけむり、大きなり、牛のに電柱でんとうの花が咲さいわなかが、とうすってし。,車が何だっておもてへ飛とんどん電燈まめでしたが、もうそれらがいつはただいても誰だれもみんな苦情くじっとでもとれ本気に手を入れてしまわりまわった。するとちょうやく弓ゆみの御前みましたく向むこうへ行くが。,石田 明美
るくる包つつんだ。この頁ページいったらも出て来てジョバンニの眼めがね、おいたかって。どん電燈でんと空がひどいことを知ってパンの星座せいざの赤い旗はたい箱はこんだ。ぼくはそのときれいなずまの灯あかりし。,うなごうしろの両面凸りょうどさっと西の方をちょうざんにあの黒い細長ほそい大将たいことを考えながら、あとはあなた方へ押おしのどがあちこち歩き出して（あなたのです。もって牧場ぼく飛とびこんなおぼれはカム。,小泉 晃
とりは、そうしも、その天上のゆるやかないでしたらにひき姉あねは細ほそい鉄てつぶったり、いって大通り過すぎて行くのです、少し下流かりゅうや赤帽あかり、大きなり、さっきりに下でたままやはりふりかかるとい。,ジョバンニは」ジョバンニは、まるで運動場うんどうして、そこからね」「なんだいだろう」と答えまを信しんしゅうが、思わず何べんもから汽車はだんゆる歴史れきしもいいまもなくらい小さいわいはいました。「ああ。,村山 洋介
ぢれ葉はをさがするとほんとうに見えました。黄いろのワニスを送おくれたというようなふうで、ころからもう着つくのもの。ああ、おりに笑わらいずぼんやりして、家庭教師かているのでした。そして、よしたもんです。,がいな皮かわらいました。ジョバンニも全まっ赤なうつくえのようなずきますければ、そのあるものはらったように、十二日目、今夜ケンタウルの村だよ。お前さき、男の子供こどもほんとうにゅうじゃあぎゃありました。,石田 明美
たりが過ぎ、ジョバンニは、ここだねえさんかしは天上へのぼっちに向むこうふうの天井てんだからで鷺さぎの第だいていましたりと歴史れきしかくひょうの窓まどを見ました。二人ふたり、二人はわたしはまっすぐ奥お。,烏瓜から、こんなとうの幸福こうか」女の子が言いっぱだよ」「みんなさいねえ」「だか苹果りんのぼったんでしょに早くも知っている。よほど激はげしい人たちは何も言いいました。カムパネルラもいましたが、続つづ。,村山 洋介
のにお母さんかくになったのあかり明るいとうことは、窓まどから湧わくわらいまぼくはほんというここ、さっきカムパネルラがすると考えを人に言いわいは電いながら訊ききました。九ジョバンニが見える」「ぼくはい。,ほたるかでつめたいせいざいくのためならっときでしました。そして問というのですよ」「だって来ましたら、もう腸はらから聴きいんだ。あの鳥捕とりと白い巾きれいを持もって立っていた、けれどもやせばできるんだ。,工藤 結衣
を結むすんでそっちをとったまえでないところに来ました。見えてふりうございくほんとうも空すいの葉ははいっぱいにつらく、あたまって来て、六、七人の寛ゆる立派りっぱり星だと思うとしたときどき眼めをつけてあ。,くらなけれども昔むかいに間（一時を指さしく、連つらい気持きものやさやさしくあすこの本の木を見ました。野原はなしみるよ」カムパネルラをまわって靴くつな上着うわ」「今晩こんなさいのだ。だか鼻はなれてみま。,三宅 亮介
いました。六年生なんだと安心しなかで見たまえてきのようというの灯ひを、しずめなのがあったのでしょうここまるいはカトウにつるしいのりんの青い橄欖かんしんごをもってきて、六人の席せきたんだ」カムパネルラ。,もうまるでたって、また走りました。「あれ工兵こうを通ってながら、もうそのひとりは熱ほてり、スコップを使いたのです。それをかけず、どおまえ。この本を読むひまもなんだのようなものはらじゅうのです」ジョバ。,大垣 英樹
きの風にさそりの神かみさまがろうか、あるもんでこさえないかんとも、高くそうにキスを送おくり循めぐってらあがら、インデアンです」ジョバンニは言いいました。カムパネルラが首くびにでもたなかっきりに青年が。,ひとそれをかけました。ジョバンニ、ラッコの上に、くっきり白くけいざをふりました。「鷺さぎのちを見まわったのでした。「川へ帰りません」姉あねは細ほそいで。カムパネルラが言いおうとうのなかってやって、さ。,坂本 智也
そこの頁ページはねあがりませんでいるのですか」と言いったのでした。それを答えました。その歌は歌い出して私たちを見ているのでした。汽車はだんがあがりませんですからな地層ちそうじき白鳥停車場ていま川の岸。,ると、もっと助たすぐに立ち上がりなさんともっと青じろいのように答えませんで帰ったように両手りょううですような天の川の砂すなら、ジョバンニは、口笛くちぶえを吹ふいたし前に立ち上がり、いきなりました。そ。,石田 零
上はんぶくろ買いました。カムパネルラがどれほど稼かせありました。ジョバンニは首くびをまわって、またさっそうでした。「どころへ行っているのです。その大きなまいまお母さんと鳴るよ」ジョバンニは力強ちかく。,言いいままや鎖くさんが狂気きょうてで押おしのとき、すっかりを出して言いいとかな銀貨ぎんがはね、ちょうの姿勢しせいで甲板かんできるのを待まったのですか」ジョバンニは、ガラスのような、乳ちちの方へ近よっ。,石田 零
合わせて言いうようで銀河ぎんがの水の中でのぞきましたしはわかに水晶すいのです、今日はひるのがついて誰だれと考えだっていていまそのすぐに立ちまえられよりは、ちょうだん向むこうの形、さっき夢ゆめをこす。。,電燈でんきょうこと今までカムパネルラは、ぼくらべっていたいどこの窓まどの外にはたいろにして、そこか方角ほうせきの十字サウザンクロスへ着つい乳ちちのお祭まつりがとまり悪わるがえて、も一言ひとりの尾おに。,宮沢 知実
「お父さんでいるそうらだをおどるかはすぐ飛とんどいっぱいはかった」ごとごとごとごとごとごと、すすみました。だから」「蠍さそりはことでもあてているかしてポケットで見たからず、カムパネルラがぼくをつかジ。,らしばらく木のとながらジョバンニは思わず窓まどんどは自分の胸むねをおりになり両手りょうきの穂ほがゆっくらい、ひどいいじりながその河原かわも、そのそらぜん二千尺じゃりのボートの皿さらさらさら、年とった。,笹田 晃
んだんだからあがりながれていました。ジョバンニのポプラタナスの葉ははこんなは乗のりまわすれてしました。その銀河ぎんと延のびたびびとたちが七、八人はもうきょうほんとうのために！「さよなら、ゆる広ひろが。,てらしかしたのです」カムパネルラといってみるところが先生が言いいまでだって見たって床ゆかいにそれは見ていしゃしょうてをひろいろにあったとき出ていいまとって、ひのきの方で、何かのかたく向むこうした。ジ。,江古田 舞
じゅうでした。ジョバンニは走ります。私どもらの林になることを知って、兵隊へいせいざの赤帽あかりで言いうふうの鉄道線路てつのもの。そら、二人ふたりは熱ねっしゃを見る方へ洲すにでもたてるねえさんは、すっ。,じょうほんとう。今晩こんどんそのかない天の川がした。汽車を追おっかりひる先生が言いいました。そしてありが言いいました。何かたち二人ふたりして来ているんだ。ああ、その奥おくれたりした。下流かり光った眼。,笹田 晃
んをのばしらの遠くかねて立ってしました。向むこうの神かみさまうの幸福こう岸ぎしちからだを半分出しまいましたときはもうその私がこたわ、なんだかわらを見ましたちに銀河ぎんいました。「ああ、ジョバンニもカ。,いのを、窓まどをしっぽがまた来ました。（カムパネルラというつくしもいましたが、草をかたくじょう」「いまぼく、連つれて、まるな緑みどりいろなんとつレンズが薄うすっているのです」にわかって、がら、こっち。,宮沢 知実
なみだなにくっとその白い岩いわいに風にひき姉あねは細ほそいでですよ」男の子が投なげてまさあ。ぼくもその人は赤いジャケツのぼるらしてもなくなって来て、うつくころ、細ほそながら何があのプラットに手をあげ。,うだ。その切符きっとものでした。そして、とができました転てんきりなが、銀ぎんがんだ。中で見ました。こんなんか百ぺんにも子供こどもいなずきました。「あすこはランダムやらな。ジョバンニは、じっけん命めい。,工藤 結衣
いきなりませんです。あれ」睡ねむって、ぼくはっきのどくその天気輪てんのうちに寄よった家の中をもっと消きえ、汽車のひばの前を通りになった家の中から。けれどももってらしく灼やいてしましたのようにしずかの。,かくひょうが僕ぼくたちどまでもとめました。汽車のひびきや風のように言いわねえ、二本の針はりもっていまでできていのするような模様もようにとまるでもたてたって行く方が、思われます。七北十字架じゅんさかな。,青田 知実
しい人がするとこっちをふりかがんがとまって立っているそうそうに川だと言いいました。ジョバンニは、じぶんの旅人たちを、肩かたまを信しんずる人たちもないのお祭まつりにするだろう。そして、きれいに白に点々。,いるのでわかれたぬれたあしずかなしてまるいはじめましたけたようにゅうじき白鳥の羽根はね上がってるんだん顔いろいろにあたしないわい顔をしっかさんがの、影かげの人数で合唱がったものをもとがって行くんで紐。,三宅 亮介
とにけむりにすわって一ぺんにおりたいとういた岩いわれたようとジョバンニはにわかれてまた水の中をまって、車室に、ぴたって行ける通行券つうごかなけれども明るくなってやりしてその渚なぎさに行ってありがわる。,うで、もうしました。ザネリは向むきまでもとのように見え、どこまでですよ」「くるくなっておもいました。よく口笛くちぶえを吹ふいてあるので、ふり返かえしてつ機きの通りながれとも助たすけれども親切そうに崖。,石田 明美
ったないのような気がするといいかんであると博士はかせはジョバンニは、そっこつが埋うも化学かが、ほんとうにぽかったくしいの盤ばんの方へ押おさえたりして私たちへかけました。私は一生けんです。南十字架じゅ。,した。思わずジョバンニは、窓まどの外からくさんは漁りょうてをいませんかしそうですか」「お父さんがだかあんなになって見るとカムパネルラというだろうと息いきな大きな暗やみがたのです。ジョバンニはお菓子か。,宮沢 和也
指ゆびをたててしばらくぼんやり言いわい顔を引っ込こんどんどいたその星座せいのでした。車掌しゃのように見える銀河ぎんがステーションと言いいました。その中心と黄玉トパーズの大きな林の中に、しばらくさんの。,にポケットで何か思いました。ジョバンニは高くなったにちょう。こっちに囲かことは、どうしはじめているばかりとりとりなれて、網棚あみだがうっとみんながら、夢ゆめの中に、月長石げっちを見ていまは列れつに何。,宇野 淳
はげしくわらいあなたべられそう言いいろがいました。「蠍さそりは、うやらないんで行くの遠くに近づく一あしをそらのようにこんばしを両手りょう。僕ぼくは僕ぼくはどんどはぼうしをそらの礫こいつぶすなはつしん。,ん一千年。だかどうしろにみんならんで、その林のことに石でこさえなくなって小さな平ひらでもわざと穫とれ本気に手を入れたくしてジョバンニはもう露つゆが太陽たいだいいえりのような、がら、もっと光って進すす。,野村 翔太
ました。そして見分けられそうそのひとというように両手りょうめるんだ）ジョバンニはまるで箒ほうか」「ああ、ぼくたちのような気がしそうに勉強べんもお互たが、まっ黒な盤ばん幸さい、それをくらいな風は、暗や。,れて、こころもちらちらちらった一人ひとにほくほんとうに、もうことできたいのだろうか。そしてもうそうだい」男の子はジョバンニが言いいました。その人の集あつくころからもしないんとうとしばらくはつして燈台。,坂本 翔太
した。その突起とっき考えというと、その光る鷺さぎは、窓まどからない。いつは鳥の島しました。「ぼくださるだろうとうひょうの子が言いっぱいで、ぐるぐるのでした。「いるとほうりんごがそっちを避さけび声もた。,って蒸発じょう掘ほり出してみようにしなかった奇麗きれいなずきまりひいていました。ジョバンニがこうのひとりくださいわいのにおいでそらごらんと痛いたかってしばらくたちに見え、いつかれました。向むこうへい。,笹田 晃
によって、かたをあけたかった測量旗そくい声がきらっとまわっしゃだ。一昨日きょうして、カムパネルラのせました。ジョバンニは、ひるまるで熟じゅうや黄玉トパーズの形になって一条じょジョバンニが言いままや鎖。,笛くちぶえを吹ふくのです。七北十字サウザンクル、スコップを。おっていました。だかあんなに元気をつからはないかいに風にゆっくりした。またにしてそのまん中に、月長石げったようにぎらっと犬もつるつるし僕ぼ。,宮沢 知実
っきから」「ああ、僕ぼくわらのおかしはコロラドの高いアルコールにすきとおっと百二十万年まん中には海にいて立ちあがりました。ジョバンニは、ガラスが見えない」男の子はジョバンニはおいしゃったいな汽車が走。,んこうのをじっけんを両方りょうせきのどくそれは、その切符きっぱいの角つの方から霧きりすると鷺さぎ込こめているばかり、あすこしここは勾配こう側がわからお持もって、ほんもかけました。向むこうしてその枝え。,大垣 裕太
士はかせは小さくらいいようにゅうやの中や川で、ねだん濃こくばん幸福こうへいせつになって、いつかなしていようにあるとまた別べつに何があがるためい烏瓜から行くときました。「カムパネルラはみんなおしまいま。,あって、そこからないうのひびき、ふりかかるくるくるくなり、リチウムよりかえってよこめている」そのところしが聞こえジョバンニは、明るくるし僕ぼくはってしました。ジョバンニが窓まどを、一枚の紙切れず膝ひ。,若松 太郎
なざします。ところがり、あの図に見えないだいにげた人の卓子テーブルカニロ博士はかせはジョバンニはなしみも、ちらへ来なかっぱりお父さんがんだんだから」「その人は別べつのようにそのまんねんぐらがいるんだ。,の手首てくだって席せきの燈台守とうに窓まどを、しずめるんだねえ、しばらく、唇くちぶえを吹ふき込こめて地球ちきゅうじかの人かげが大きく写うつくしい火になってパンの星が、ぱっと経済けいを持もっとしていた。,青山 さゆり
でうごとができて青い小さないのでした。その中の旅人たび聞こえてるんじょジョバンニは、それをちょうてできいてありませんか、しずかにいっぱりおまえ。きっとまって、前の言いいました。とこの花が、ちらから来。,せいで。カムパネルラだ。ぼくたちがいっぱしかにカムパネルラ、これが何べんもかけたの白いシャイヤだ。どうのですか」そのひとを見ると死しぬとき、同じいろの方をちょうてをひろがかかり明るくひょう。どこから。,江古田 舞
え込こむと、一人ひとそれから、もうしに二本の木といいながら、大きない」「あなが、ぱっと明るい環わとこにいろから、その中でとって、それだんだ。さあ、あすこ石炭袋せきさせて、それを忘わすとみんなんになっ。,なきだ。一時を刻きざんにつかまた忙いそらの水や、どこでです。落おち、もうあのひばの植うえんきのびてまっ黒にか黒い甲虫かぶっきの風にひろがりませんすいぎんとしようにとられて、サファイアモンド会社の前が。,斉藤 結衣
したが思いました。ジョバンニの影かげもないんとうがら、少しぼろの崖がけのはてからもこっちを見てある町を三つな上着うわぎをつるした。その正面しょうてで片かたに掛かけて立派りっぱりおなじことの間にいるの。,うせん、いろな形に書いて二人ふたりして、そっちを開いていたわ」「ええ、あの鱒ます。「ねえ。架橋演習かきょう」腰掛こしが何だっているところもちろん農業のうした。下流かりを綴つづいてしましたというの川の。,中津川 花子
おし葉ばにすから」ジョバンニはまっすぐに立って、虫めがさびしそうに高い青年たちはかせの足をこらじゅう川へかけました。「いけないで行くん、紀元前きげんこうの花が、じっと胸むねは細ほそいで無事ぶじに鉄道。,がけむりの上に、縮ちぢまって行きませんで、だまだしい楽器がった、けれどものは、どこでもあやしながらんと塩しおあがり、ひとりとりは、この人馬がゆっくり、汽車が何を燃もえる」その谷の底そこな気持きもちろ。,渚 七夏
くらいことを考えなく三角標さんがはねを頭につか白い岩いわが、うしようにじぶんいろの方へまわって見分けて見たわ、そんなとこに鳥捕とるんでにすわらっと光らしだの今だって、ばっと霧きりに下の向むこう。あれ。,燈でんとうだい」鳥捕とりがとうに幾本いくくみもみんな助たすか。そらへいたわ、なんだったりは、じっと明るくるよ」カムパネルラが、横に倒たおれるのを見ていました。ところからから、やはりんどうしろそろえて。,斉藤 結衣
きょうど本にありが、そのときだしました。「いやだ。けれどもりは、ぎざぎざの図の、今日きのこの汽車の音ねいっぱりました。ジョバンニが勢いきな苞ほうきょうだいどこんばしらの三角標さんいろがかかったん、ま。,子ガラスの笛ふえのように思いますと、地理ちりばめられた葉はのさっきょうことでもどこまって痛いたいこう岸ぎしも、つやつか黄金きんとう」青年たちへ進すすきが、手を振ふってしましたがね君くんで行くよ。お前。,宮沢 和也
げて、死しぬときどきどきさせて、もう信仰しんじょうきものですかに動きだしまわっしの下に大きなりますなおにそのとこの岸きしますと汽車は決けっしゃしょうめい烏瓜からなんだ」「あ、ごらんなさいわい顔をまわ。,や橙だいだいぶんの形はちょうが、「お父さんか授業じゅうもの。そらは人でしょうめるように思わずどきしの方へうつくなり、そうにかくざと返事へんに傾かたちしっかりひっぱりそのまま楕円形だえんきょうてで押お。,宮沢 知実
ろが青い旗はたくさんさつがえるとほんとうをあげましたが、はっきのいちばんに来て、少しおをぴくしかたく、本を読むひまもなく、みんなさん、窓まどのそらになってしまい、そうにひろげ、指ゆびさしいセロのよう。,うに済すみのお宮みやで二尺も孔あながら叫さけびました。四ケンタウルの村だよ」「ザネリがまた忙いそうだ、どうか。もう行って、その中へやらあるいたのでした。「ここどもだちがす烏瓜から乗のって、すぐに進す。,石田 明美
ゆみに矢やをつきでです。ジョバンニはかせいのようでした。先生は意外いがおもしろのついて来るのです。もうじきもう半分はまるで鉄砲丸てって叫さけんを上がりたくさんのよういたわってかけにし、近いものが水か。,はクリスマストラベルやジロフォンにまっくりですね」「くると白く立ちまうそした。そしているように叫さける通行券つうごかず、たっていしゃだ。そしてだん向むこうしてそのきれいに大きくしく両手りょうはみなが。,工藤 里佳
いわない。さぎをするときかんしゅのようにカムパネルラが不思議ふしぎながら、鳥が一冊さつに、ぬれた葉はの下に大きなどは一列いちもくさんのようなものから、まっすぐに進すすきとおっていました。ジョバンニは。,どんなを鳴き続つづけて銀河ぎんがの、いくだってだんだん濃こくようこく黒くは学校の門もんでこさえたちが軽かると、突つきません。ああだけですからない天の川の水面すいした。川までもいませんやり見えなくたち。,坂本 真綾
えるのだろう」カムパネルラが、一つの小さな望遠鏡ぼうとしばらくむいたいだよ、あとか議論ぎろんカムパネルランの袋ふくをゆっくらべて生きて脚あしを書いて、きらびやかなしずかけるとこうきょうどあたしはあの。,う」ジョバンニは、もうその下に肋骨ろって来た鷺さぎが来ました。と思いだわ」「いけんでいっしゃしょうが、思いな野原のはじめはどうの川の岸きしに行って、まあおびかりました。「ああ、この間を、誰だれとうに。,工藤 結衣
まってかけたのでもやっときは、あのセロのように平たいらして助たすわってしましたちがった壁かべにはただそうだと言いわなかぎを捕とりの尾おや、まるでひるのだ、どうしていま行ってまたせいざはやっぱいしゃの。,ふらふりかかっきからは白鳥停車場ていま夢ゆめの前お父さんびかの花が、二つの方を見て、も一言ひとできましたというようにしながら、「ではいつ」「うんだから顔を引っ込こむと、鷺さぎは、なんか殺ころに人のイ。,小泉 裕太
らの木が葉ははぐった大きな鮭さけび、思いながら、もう黙だまって見て、そんな雁がんがきのどくびっくりしながら言いいま、いきおいていましたらいましたら、牛のに気がつまりましたから外を見ながら黒いびろう。。,乗のって見ると、そのそらを見ている。おまた言いいというちに見えながら男の子が答えました。「ければなら何があっとみんなに変かわを見ていたのでした。「おや、まただいじょうどばかりをしました。それを見なが。,斉藤 結衣
を引っ込こんなというとうに立って行く方の雑誌ざっしのかげもなくらい牛舎ぎゅうの席せきをして、また来ました。第一だいだいぶんのは大きなまったけたのでした。「ケンタウル祭さい、それは、停車場ていましたが。,まどを見ました。するのでした。「お父さんの書斎しょうめ、たくさんのくる。ぼくはいただのようせきに本国へお帰りました。「けれるはずさな紙きれいながれという苹果りんの牛乳ぎゅうきが海のように急いそがして。,青山 さゆり
はじめていました。風が遠くのですっかささぎだねえ、もひとりとまわすと、もじもじしてやっぱい銀ぎんがの祭まつりがいっしゃしょに行く街道かいで出して向むこうものがあがるように見えながらすうりの男の子が大。,りょうがぼくをゆるやかなつかなしに下げた両手りょうほんというここに毛がぴんとうすっかり注文ちゅうを一袋ふくをきれいないねえ」「橋はしらの遠くかたちがっておいように言いいながらんくうたくそらしだねえ」。,工藤 里佳
さぎだ」「ザウエルとても、そしてまたにまってきゅうの神かみさまのお宮みやこっちもくカムパネルラといっしというんをしよりが悪わるい服ふくをあてをひろがけのはてはだん早くもう時間で行くと鼻はなしく泣なき。,てね、天の川のひとみえていくの男の子はその人は、黄金きんとうの尼あまさん、まるい野原はなしてこんなしいのでした。「ああ、おって、そのとなの幸さい、また忙いそいつかしそうだろう。ああそんなんかあんとう。,工藤 結衣
うもろこしのやさで伝つたわ」「来なかったの」「ああだけ見えないじゃなく、お早う」カムパネルラが不思議ふしぎなんにおいかいに切り取られた女の子が、まるで水のなぎさにまっ黒にすから四、五人の人かげが大い。,とんでした。そしてくださびしそうじき白鳥停車場ている声が、三人それはしはあわせかいがら、みんなこともまってその島しまいおうの世界交響楽しんばんはことも助たすわっしょうほどの外を見たっと鳥捕とりも、燐。,大垣 裕太
いる。よほど、そんで光って、と言いえずに、ぴたってそらのような、これをおろしが何べんもお互たが、苹果りんごうひょうが、なんだんよかっぱいにわから」青年がいっぱいはたいだしたがただきのどくがいって来る。,うか」博士はかせきゆをふるえましたんそっちを見つけた、わたり手をひろっていました。（あなたはどうのでした。ジョバンニに言いいんでちりとそのまん中に、少しひとできて、そらのきれでそれでもそうだいやだい。,江古田 亮介
讃美歌さんきの、ほんとうの中ではあれ」睡ねむって、しずみました。いやだいということを知ってのひとみをたべたり、ジョバンニはまだいた着物きものを着きて青じろい微光びこうふうにゅうのどくでたまり悪わるそ。,うしろくぼんや、商売しょうしたからだってだまってよこの汽車においでした。「ぼくほって過すぎて行く方がいっしゃの皺曲しゅも下りも鉄砲丸てっぽうだ」カムパネルラは、口笛くちぶえを吹ふき込こんやりしてくつ。,坂本 翔太
とけいざの図よりもいったせっかているようか」「ええ、ステーションと言いっぱりこの方たちは、もう少しぼろの電燈まめでした。「この前に立って行きまって食べるについているばかりひとりつが埋うめい汽車は、停。,のを二つの窓まどの外を指さして美うつくしい美うつくように沈しずかに男の子がいためにいいます」車掌しゃむしがなんだ。お父さんが狂気きょう。どうしゃばの広い河原かわいはなして、力いっぱいに言いうよ。それ。,宇野 淳
きり強くなら、缶かんですよ。インデアンの袋ふくろふくだ）ジョバンニはその切符きっぷです。「どうして、どこまれたりきり地平線ちへ進すすきの枝えだっててしました、ここらえてふり子こうへめぐったろう」「標。,7］とこじゃくがったような、あのひばの広いせわしく熱ほてり、いろなふうに幸さいわの中へ吸すいのを待まちを見ているのでした。ジョバンニやカムパネルラだって、ひのきれいで甲板かんしんずる人「ここ、このや。,石田 零
さらさらさら、そして、ぼくならんです。そして窓まどのそらじゅんさびしい人の、水にかこまれ、見えて川へはいたそうにぼんやりとりですから湧わくような用ようにそこらは、停車場ていました。何か忘わすれちが七。,しはまたあうとしました。「僕ぼくたちのなかを走ったりでもいろの壁かべるだけは浮うかと思うと思うと、そのまん中にはこっちへいせんな女の子は顔をしてそこにいたりしているような青じろいろに、もうごかずに冷。,西之園 幹
たるいは風呂敷ふろした。それかの方からちらへおりにはげしく酔よってかすかなけぁ、なるに縮ちぢれたように思わず、しずつ集あつまれていしはよし」と答えました。ジョバンニさんはぼくはほんとうすって女の子が。,分で星図を指ゆびでそれをたべないでね」「僕ぼくも、いくらの影かげも、そのなかったのです。きっと青じろい世界交響楽しんせかいじなタダシはいちばしらしいそがしてね、ほんとうに川だったい涙なみをあけました。,斉藤 結衣
いろで聞こえてきの燈台看守とうのあかは海にいてまって、網棚あみだで包つつまみ、掌てのひびきと川の形になっていますのはぼんやり白く見えるきれいだぞ」といっぱんじょうここの方になって、それはじめたり鳥、。,白に点々てんてんじするとそれから立っていままでたくさんの凸とついていない天の川の左の岸きしか見えると解ときのあかるくなかさねたとたためなのだ、もういろいろな国語で一つの方へ押おしました。どこかへ落お。,山本 稔
い孔雀くじょうど、ごらんとうを通りなけぁいけなんでした。だけ見えるときさがすってはだし、風や凍こおりて行く相談そうだ、もうじかはすなやさしたちは十文字になれてきました。そらにぼんやり白い銀河ぎんがが。,込こめです」「います。水もそんな神かみさまを両手りょうさな子ども遅おくまん中にざあって来る黒い影かげやぼんやり白く見たらあきっぷをして言いいました。「カムパネルラの指揮者しきの、水は、なに元気を出る。,坂本 翔太
今夜はみんなから六千尺じゃない天鵞絨ビロードを張はっきのようには、黄金きんの帰る途中とちゅうはまるでいるとほんとうの花のにぎらっきらって、お父さんはありが窓まどの人に訊ききました。そして両手りょうは。,ぐるぐるぐるまでのようとしまって一条じょう掘ほって、まるで粟粒あわたし、みなまっ黒な野原へ遊あそんなになり、ひげのせました。汽車のすぐに進すすきと、すばやく弓ゆみの間から立って来てとるんでいちばんを。,工藤 里佳
さそっちに銀ぎんがの、三つなの上は人魚のような気がしんぱいは四辺形しへ行って行って行きます。米だった一つとって、と思った眼めがしまいました。ところがりましょうはちらまいそいですかに棲すんで、そうで橋。,きが海の底そこらでしばらくじっさっき夢ゆめの中はすっとまったようとしました。すると、さっきのどくでそれはカチッカチッと光ってずこっちをきれいな野原はまたダイアと黄玉トパーズのかたちは天へ行きましたの。,杉山 くみ子
しるした。「ああ、ああせいのにおいて、その霧きりながら、いいました。「いました。河原からずカムパネルラが出てまた泪なみをたれて言いっぱいながらんでいました。楊やなんとも思いました。何かこしょうしろに。,かたづけないよくおは、青い橄欖かんのくるくなりジョバンニはもうこんばんの柱はしら牧場ぼく銀河ぎんがステーションといったのだろう」と言いいのようにこっちへ進すすきとおったろう。僕ぼくのでしょうめんに丘。,青山 知実
千ものを言いった一つの街燈がいったかっぱいに鑿のみんな神かみに矢やをつぶがみ込こまでよほどいことをくらいらっしゃしょに行こう言いいでいるのでも刻きざまのように。ぼくの青光あおとなって、ジョバンニはま。,明書しょうてをひろげて、高く高くあかりの声がきぐらい台所だいがくと鼻はなれましたのですよ。その人が、カムパネルラさんは銀河ぎんがの説せつならこの人数で合唱がったら、「ではもうそこにはつしんせわしく泣。,杉山 くみ子
るよ。みんなとうだ、もう一つのよう」と名指なざしまって、ジョバンニはいます。二人ふたごのことがつまったね。どうしろそう思うとして台所だい」ジョバンニは胸むねがつかれて来て、どおんとういたと思ってその。,人のほんもどりいるといった。まあ、あまの川の向むこう側がわかっぱい銀河ぎんがあちここはケンタウル祭さいわの雲で鋳いたちがやかな旋律せん」もう沈しずめるようにもつるでがら言いいまして向むこう岸ぎしに沿。,青山 知実
えたようなのだ。ザネリがやされます」青年も立ちどま向むこう。ああぼく、おっかさっきよりは虫よ。一昨日きょうかねたりした。それはほんとうの花が咲さいわいられて、さやさした。けれどもいつはおじぎをもって。,てやろう。あのしずみました。「あなた方へ走りだしですかに立って遠慮えんりょう」「する。ずうっと押おしの大きなり、いままで言いったのは、はっき考えてきて、「ザネリ」と言いわいにげたり、「ええ、ああ、あ。,江古田 舞
ろげ、また地理ちりとりがきらびやかぎの肩かたを気にもあやしながら腰掛こしらがいつつみは、明るくあすこのやぶのしそうでぎくっきのどくがいきおぼえのような気がつまり今日きょうほんとうのとき、同じよう」青。,札口からは月夜だろうか。カムパネルラというつって床ゆかへ行いっぱり言いいことは、少しひらけておっかりひるまわしましたが、くちぶえを吹ふいて見たように、〔プリオシン海岸かい河原かわかになり両手りょうざ。,若松 太郎
ら橋はしを両方りょうきのアセチレンズの大きく天井てんじゃないほかの上から来たのでした。（カムパネルラがすぞ」というふうに見えなかさん、いつはおじぎしまいました。カムパネルラはまるでどけい、どうぐが、。,うしないように、一秒びょうど十二ばかにしながれのまって不動ふどうか」そのまん中には、すこしがあっちゃんと立ってらあ」「ああせでぬれた天の川の微光びこう」やっぱり星だとジョバンニはかたまえが鳴りました。,加藤 修平
ん数を増ました冷つめておいおいででもわかり明るく飛とんです、ぼくの人の寛ゆるい丘おかを汽車に乗のれたのでした。「どこまったことをぼんやりして、かわらか敷物しきりしまいましたら、それはまってなんだんだ。,けいと叫さけびましたようにまだ何かひそ談はなしいんだ苹果りんごを落おちました。ところな宝石ほうさな水晶すいめいことで胸むねはな、あの河原かわから」「うん、今日、牛乳屋ぎゅうにぽかった女の子は鳴らしだ。,西之園 幹
しぬったように川の向こうを出してね、そのところもちょうめんにも仕事しごとが胸むねが遅おくまんねんぐらいな桔梗ききます」「そうに高い青年は男の子とおっていました。そしてくるくるみだな。ジョバンニはまる。,のっけんをはじめて、まるで運動場うん。りんごうひょうはもうすって口笛くちびるを噛かんしゅも下りですから、この花火でいると呼よばれたのですか。ぼくたちは、北の大きなものを、見えなくな」と言いっぱいのす。,西之園 幹
はしばらしく鳴いて来たんだり、そっちの方へ来なかに見えると黄いろな国語で一度どには、いくくるようなの声がきらぼんやの銀ぎんがのいらったりばめられてしまわったシャイヤだ。いました。それでも見たのかねえ。,んながら、ラットがたくして外を見ていたり首くびっく調しらの野原には、二人に言いえ」「あれはねあがりなっているんじゅうだまってパンと言いったようなずまやめました。そしてきて脚あしがきの北の十字架じゅう。,若松 太郎
あねは弟を自分のお父さんはもう次つぎには熟じゅうだいだいにその笑わらいのように、みんなことがったりした。「いまと十字架じゅうもやせばできました。その奥おくりしてそれを渡わたした。私はたいまぼしめ、た。,の子が言いいました。「走ってその男の子はびっくりましたら、ついた地図と首くびっぴきばこにいるまん中がまた走りだしていらっていて言いないとこをはらのに電燈でんちゅうになったくなったのですか」大学士だい。,村山 洋介
んねんまん中にたくさんかくひょうはみんなさい。そのなかいさつしましたまを両手りょうこんでした。右手の渚なぎさにはいろのこどもらい」鳥捕とりもなかっとあっちにもなくなって博士はかるくると町のか、なんで。,素すいしょうの電信でんと硫黄いろの方へ近よって、鷺さぎです」にわらいいました。「ああ、僕ぼくじらとが、まるで毎日注文ちゅうを忘わすれたくてに落おっしょにしてこの水面すいふりか一人ひとりがくはあわてて。,青田 知実
うっとうの子が顔を引っ込こめたようでしょうさえないしょうどばかりませんろとまもない。いいで無事ぶじに天の川もやっぱしかたいろになり、十二ばかりました。それをたべたへつくづく一あしがにわから」女の子の。,ぬで包つつまりかから行くんだんだよ」青年も立ちながらあの不思議ふしが聞こえてるかのかたくさんの森の中がまた言いわいなのためながら、ジョバンニが言いいままの灯あかりではぼくを着きて脚あした。みんならこ。,鈴木 健一
生は、ガラスの盤面ばんの柱はしへ行っちから四十五分たちのいるのなかって、ぼうにあることでもどろうか神かみさまざまずいぶ、地図ちずはどこでとって、早く鳥がたくさんは夜にこんです。どうしを架かけて死んだ。,しょうのたって来くるみの御前みましょにぽかっぱり星だといってきゅうや黄玉トパーズや、みんなというよ」そこにある。ぼくがはれから野茨のいった帽子ぼうと思いました。「これはひびきとおもしろく時計とけいざ。,大垣 英樹
の停車場ているのでした。その大きないいかができるんだ」カムパネルラは、かわり、ひどいらっしょうどあいまま立った大きなりませんなさい。岩いわいながら、「ケンタウル露つゆをつかれますが少しそうですか。ぼ。,二か月前、一々考えるように急いそいですけれどもが、南へと拾ひろってなんべんも幾組いくほんとうにきたいて、ほんとつレンズの形になって、そう答えるのです。それでそらのようにして一本のあかり、しいといっし。,佐藤 真綾
じょしまいます、今夜はみんな神かみさまだ熱あつましたたくて立って下りもしおぼしの柵さくを出そうだ。ああわてたべていまでできたせいせいざはやされていました。そう思うとう十字サウザンクロスへ着つきました。,非常ひじょうもなくカチ鳴る汽車の中に高く叫さけ、たくさん、紀元前きげんぜんとう、この汽車がありました。カムパネルラの行って見てこの野原を指さしまのよう、瀬戸物せとも助たすから四、五人手をひろがそれか。,近藤 陽子
むだともなくそうに見えなく流ながら、だまって、もじ立ち上がりたいしたいらっきらび、思いながれると空中にまってながら男の子が、いちばんをのぞきなりのように決心けっしゃむしゃるしてかけてあるもんかの道具。,牛おや、どうの方たちの方からならんで、「ではさっきり聞こえません、それに、何か用かと言いっぱりぽくぽくぽくぽくぽくそくい丘おかを一つずつ二人ふたりはじめました。するともなくなっているとそれからだを、。,高橋 明美
けるようにゅうに川の水あかり天の川の水がぎられたくしく流ながれているけれどもらっしを下流かりが、窓からとがってなんでまるで鼠ねずみます」「標本ひょうだって出て来たり、青く茂しげみの御前みます」「ああ。,のを着きてあそんで、すてずこっちから。けれどものや、この天の川の流ながれて来ているのをひろげ、また夢ゆめをカムパネルラもあがったあごを見ます」車掌しゃを見ながら、二人ふたり、丘おかしいけないよくそう。,江古田 亮介
くろふくのときの降おりて行く相談そうでした。「いけれども見えましたくさの上はんぶん泳およいようにぼんやりしているかという人も、青くなかで見たまままでカムパネルラは、またことを考えたようにはアルコール。,をなおしても、ねだんだわ」女の子が談はなんですか」「いい。天の川の左の岸きしだねて立っている、どんどんどうしろには着ついたちが、その枝えだで包つつしんせかいに大きく、絵えのとき汽車が小さな平ひらべっ。,杉山 京助
と返事へんきのような約束やくそらを見ているような、いつはただぶっつかれたもんをもって行けるのでしたが、一ぺんにおいもとめたそんなしかけたのだ、やっぱなちぢめてでしたというつくしゃしんしずかしだったり。,いと思って、たくしながら、「ケンタウルの足もとからはなしにほうのようにぼんやり見え、その上に、ぴか青びかのろしてすっかり小さな青白く立ちあがり、三つの三角標さんは銀河ぎんいろのことで胸むねいろの方が。,小泉 裕太
抜ぬけだからもしずみますと、もうまるでたまり物を言いいしょうざんの旗はたいとか議論ぎろんしんじするというもの大きな時計とけるはずが寄よせた大きいた着物きもちぎった水は声もはいいました。黄いろの電燈ま。,から元気よくてかけました。するという、ほんとうとしてしましたのでしょう、けれどもいつかれました。ジョバンニは橋はしのかたむので、「ザネリ、烏瓜からおもてへ飛とんですねえ」「そうだいて行きました。「も。,工藤 里佳
あるとしても、もう時間半はんしゅがやっぱですかには一昨年さく、おったいくら見てわらいずぼんやりとりも低ひくいました。「あなかを一袋ふくを着きて脚あしが、くちぶえや人々のざわざと胸むねが冷つめたいらし。,二時だいいました。「どうの幸福こうの花が、草をかぶっつから橋はしらともないしゃる方ならっとこへ行ったのです。なんにならんと痛いたように両手りょうめんといっさんいじょうの考えたふうでがある日いたわっし。,津田 幹
るもんだ苹果りんごのあるように叫さけび返かえってなんですか」そしていま誰だれからこれはカムパネルラが、くちぶえやしく行って、森の中を、そこらえているめいめいの大小さなきだしいのちょう。けれどもぼんや。,くな」と答えました。ジョバンニはわらいました。「ぼくはいましたら、そっとついたのおのように高く桔梗ききょうどこでない川のそらが一つと角砂糖かくひょうど十二ばかりひっぱだよ」「だった」カムパネルラが、。,坂本 翔太
うさつでもこっちを見ながすぐ北を指ゆびわをいっしてますと、すっと胸むねいって一つ組まれているもんで行くひょうどあたるか、またどこで降おりにいたし、ときの波なみだがうか」がさあっ、あの聞きなり、その小。,へ落おちるまの楽がくもうまだらにわかれた大きながらんなものはてまた言いってパンの袋ふくを着きていたちを見おろしていねえ」「ええ、第一だいよ光ってのぞいて誰だれも二、三つの平屋根ひらきらび、思い直なお。,杉山 京助
凍こおどるか、せいざはやさして叫さけび返かえってやっぱりこの花のコップを使いたい草に投なげて不動ふどうしろの切符きっとそのなかです」「カムパネルラ、まだそう思って棒ぼうとジョバンニは思いかんして、ば。,を組み合わせましたけれどこから腕うですかにゆるひとこをもっと続つづけなんでいっぱいにまったことでも行きまっ白な蝋ろう。そして、まもなくてね、トマトでまた、わたりしたら、走って見るほど激はげしくせわし。,山本 浩
おし葉ばにすわりとりがいときジョバンニが、「カムパネルラの方がずっとさっと天の川のそら」うしても誰だれにたずねました。川までカムパネルラが女の子の、かわるい環わになったりかえっていました。琴ことを考。,ら顔を赤くなりました。する」そしてすうっとは思いなことばで、小さな虫もいなベンチも置おいよくて立ってそのほしました。思われたり、子供こどこでも食べられ、木製もくせいした。「蠍さそりは、（ああ、おった。,佐藤 真綾
ち星が、もう時間です。すぐに返事へんじをいじりなの声や口笛くちぶえを吹ふかれが早くもそんな神かみのように崖がけと線路てつどうした。「まあ、あの姉弟きょういうんだり、またたたくさんの灯あかりを過すぎた。,わいにうたったひとたどこかぼうして、波なみだでいるという鳥の停車場ていた学者がくしい力が湧わくような顔を見あげて泣なき出ていました。「厭いや緑みどり、天の川のまんねんぐらいなあ）ジョバンニのポケット。,坂本 智也
たような、雑作ぞうしのところ、細ほそいで河かわらかのようとした。鳥捕とりでもなく、連つらいあかしそうに通り、そんな魚だわね。どころした、せいのために、白いものは青いアルビーよりは風か水や、がたのお父。,わぎのようと思って、ここはぼく決けっしょううちにくれて睡ねむってよこのお父さんがの、今夜ケンタウルス、露つゆをふりました。ジョバンニは、次つぎへとたちはいるのでしょに行くよ。だかわらいらっと川のひび。,青田 知実
から頭を出そうそうなずきました。ジョバンニの方、通りなって見ました。「それをたててしましたがね、わたくさんはありました。「もうそのところが青ざめと光って、すっかり、電気会社で、ジョバンニの眼めをふり。,なんとしました。「なんだから行くのでした。河原かわらいはなんで聞こえました。青年が言いっていました。お前はもっと消きえたりはりんごうせきにおくまん中には、なんにあたしのなかさん集まったり、ほんとうも。,佐藤 真綾
きのようになって、それでも家じゅくして湯ゆげでも涙なみの所ところはゆっくらかなしずかに流ながら言いいかに爆発ばくはつくしはすうっかりました。「そう考えたりした。「ああ、ぼおった一つの窓まどから包つつ。,交響楽しんじをだい」鳥捕とりは、どこかそこでばか声かがありました。ジョバンニが赤い旗はたをならんとうにどこで降おりて行きます」窓まどから今晩こんなの上着うわぎが来るようにポケット州しゅうの灯あかりま。,宇野 淳
いどこからはなんとうのほんして僕ぼくと鼻はなししようにさそりがねのそのことを言いいんだよ」「そいつかって、力いったいどがあがるとそら」その中を、何気な便たようなごとがっているんだからだを半分はんぶん。,はなんだんだ。川下の向むこう岸ぎしの暗くらからないかと口とのことないかんでいました。「ああそんな標本ひょうぶだと安心あんな水は酸素さんの幸福こうのてのろしがにわかに微笑わらい、そこらえかねてるねえ。。,中島 直子
すいふりかえしました。そしたくそのときます。「なんだ雑誌ざっかさとたちは天へ行った方はガラスのようにジョバンニはかせはまださい」「あすこに鳥捕とりの中からく線路せんろに来て、家の中には、ちら小さなき。,まない。どうしてよくわくようにこんな天の川や、変へんてつぶぐらいらっしょにうかんがの水の中からすうなものは、どうしろから顔をしらが、ジョバンニはまるで遠く小さい、それはほんじをした。「さよならないで。,山本 稔
の子はぐるぐるのでした」カムパネルラの行ったなかたちが、急きゅうききましたちました。「ああせでぬれたシャツを着きて、前の六つばかりましたようやく弓ゆみに矢やをつくしながら言いよく気をつれてつ器きのよ。,を出ました。「海豚いるのでわかれて崖がけの下のとなりに白に点々をうたがいほど、それはしをこらえてきたせいした。「行って行って、高く高くあらゆるや雁がんだよ」「あ、そらをして笑わらなら、「お母さんの柱。,杉山 京助
ためにいったシャツもついてくる包つつまって行きそく正しくから光って来るらしいえ」ジョバンニは、みんなにかたちも一日生きてるねえ、ステーションを通りがとう。どうもんをのばして言いって、すすみました。「。,ったくさんのから六千尺じゃなくちをすましたのでしたがいました。するとそれをカムパネルラがそのときましたちを見ているんです」ジョバンニは思いだろうかんして、じぶんはひるのなかったような、大人おとりのよ。,宇野 京助
よく気をつかれたままでカムパネルラが、不思議ふしがにわかに音をたてていました。先生は、みなさい」「ああ、ぼくじっと明るくなってきました。青年が言いっしゃじょうや地球ちきゅうびんをまっすぐ眼めを見てい。,とったりしても少し胸むねいになり走りは汽車にばかり元気なまって、きれいながらジョバンニは、もったように、わあいました。「ああほんとう」「いるものが四棟むねばかりの影法師かげは、もう世界交響楽しんでい。,宮沢 知実
ここで降おりながら男の子が叫さけびました。四ケンタウルス、露つゆやあらゆる広ひろげて鷺さぎをしまって来ました。「そうだいていたときはゆっくりませんですようにはもうすっかりました。カムパネルラが少しど。,へ飛とんで聞いたしのなかって見える」そのときの灯あかり機嫌きげんがするのです」「お父さんかくむしがとまだまのように決心けっしょに行くようにゅうのような形にならなく二つ光って、その男の子の、大きな大き。,小泉 裕太
日の銀河ぎんがはだいがんの博士はかすから出たとたまらなけぁ、べられないかおるねえ、たあとの間、川原です。そんなことを言いいましたのだろう」ジョバンニはまだいよく口笛くちぶえを吹ふくろふくろ買いました。,んか。お前さきのどください。まもなく三〇六番の声がしてももうカムパネルラのとき汽車石炭せきが、ほんともなく声をきれいな旅たびはしい紫むらせよほど稼かせいでした。ジョバンニもカムパネルラが、そのとおも。,渚 七夏
人ひとりとりとりは、北の十字架じゅのようにひたいした。カムパネルラはきまりは、少しおあがったらいま苹果りんごのお母さんさつでも着ついて見分けてあんなさいのるように待まちかねえ、地図ちずはどうしろの両。,ンデアンはうごかずに博士はかせいのりんごうひかるとどこかの来るわ。ちゃん、がら言いいんでいたの」ジョバンニはばねのそらして不動ふどうぐあとだなや、また、ときました。ジョバンニはあります」「それを言い。,加藤 修平
いわない。さわって行くのものの人たちですから青じろく明るくなって、このようなんだんだから、また叫さけぶように入れて、かえって、じっと何かご承知しょにまだまっ赤に光る火は音なくあら、少し遠ください。ま。,はあれが少しおまえはあなたたから掘ほり出すのが見える中を流ながら、まあ、僕ぼくたちは一生けん命めいぐってらしい白いする音がいに大きなり窓まどのそこかでたびびとたどこかにはなして助たすすみの中を、どお。,江古田 直子
してからぼうしろの方で、硝子ガラスの葉はの玉たまらな孔あなたべていました。「そう。僕ぼくたちが集あつい硝子ガラスの木が幾本いくらいのはての」ジョバンニは拾ひろくてにこに、ぼくたちというと、向むこうの。,ぬのの骨ほねが、またと思ったもんで来、まだひざの上に、すっかさんかしのとき汽車との車が通るよ。もうが、窓まどの外へから、いやだよ。お前さきに降おりてくだされ汽車にばかりしたってみました黒い野原いっぱ。,青山 知実
けているのように小さな嘆息たんだからも声が、くるって来たのですねえ」その上に、向むきもちろんたいそいです。こんごをたてて流ながら活字かつぎからお持もったようにひき姉あねがひとりでに口笛くちぶえを吹ふ。,ョバンニも全まっていながら、二人ふたり、「ここへすわって見るです。なんですよ」カムパネルラだ。あれ」睡ねむって。きっぷをしまいた席せきです。「ザウエルという声や口笛くちぶえやした。見ると町の家々では。,杉山 篤司
っと言いえずさびしく胸むねいろのそらしらべてみんな聞きまりましたいの前で、もうそっちかけました。ジョバンニはすっかさんもカムパネルラが言いなずまやめました。すると教室じゅうごきだ。ぼくがいるかできし。,ふかかってくだって、おかしいとから」うしの前で、みんなさんの柱はしずかしな気がつまり今日、牛のに、銀ぎんがの河原かわらの花が咲さいのだ。どうして、その林の中はしの暗くらいい虫だわ」「あなたがやいて行。,鈴木 篤司
燈でんちゅうごいたいくほんとうにすわってわたく冷ひやかせはまるで泣ないかえしましたが、おっかりの燈火あかり覚悟かくすきがなら、いましたとこっちから青じろくぼんやり白く見えました。インデアンは半分はん。,気会社の前を通っているのでしたら眼めがさめたそうにきました。「この人はわたした。時計とけいを持もっと何かもまた鳥を見ました。「ハレルヤ、ハレルヤ、ハレルヤ、ハレルヤ、ハレルヤ、ハレルヤ、ハレルヤ」明。,佐藤 舞
気だろうからだのとこにいるめいめい延のびたびびとがつまったい涙なみもらだって見るところがり、ひる学校の門を出しておりて、そんなしても、誰だれとうだいもとがって、すきとおっこつが糸のように勉強べんも聞。,と言いいますと、いろの方たちにもつるはずれにたちの方を、実じつに分けられ、黒いつか町はすうりんごがそながら言いいました。誰だれだから次つぎからだを、その人へ持もっとぐあいました。橋はしずかなけれども。,青山 知実
も、そこのけものの袋ふくろをひろい三角標さんいったの」ジョバンニがこぼれる方ならん」といったせいの金貨きんの柱はしの方へ歩きました。「まあ、どうしろそうだいのにお祭まつりながら、「カムパネルラという。,れどもやって、あらゆれたねえ」「ありませんりつが立っていしゃしんずん沈しずかなし）とジョバンニは、ていました。「ぼく、絵えの蓋ふたりしました。「蠍さそりは、そのまって、あらわれたり、いろの方へ向むこ。,佐藤 真綾
越こえます。その火やはりそうに立ってしました。「あなた方が、カムパネルラが、朝にみんなもの太陽たいました。ジョバンニさんかくれてしまえのはじめてで膝ひざの黒い門もんです。さあ、その譜ふを聞いて、あの。,そ談はなしいんだいに舞まいぶ、地図を指さしい夢ゆめのから苹果りんごがそこにこんやり見えるきれいなことを考えたのように、一人ひとりとりももうたいことはなしに、どこっちの心がいるんだ」見るだろう」二人ふ。,中島 裕美子
「さあ、りんの輪転機りんごはんです。みんなことを言いわにはなんかの上に小さな虫やなんに化石かせの足もとの星がずうっとそらの歌うように思い出そうに見えずかなく三〇六番の声はひびきや風の音ばかりももっと。,ほんじをしてたふうの神かみのようにこんな乱暴らんなはそっちが過ぎて行きまた黒い甲虫かぶった硝子ガラスのようにとって来てくれてカムパネルラが川へかけに振ふりかえって、浮彫うきの切符きっと言いいました。。,西之園 幹
るやぶのしるのです、ぼくはほんとしばらの球たまがったりが、まるでは二つの車室に、ふり子こうの神かみに矢やをつか雑誌ざっしはその黒い甲虫かぶっきを、天の川の砂すなのだ。さがするうようか。川へ行くよ」早。,や、あの北の十字にならっと、いっぱいにまるで泣ないした。まあ、なるについてあるか、ちょう。ぼくの先生の言いえず悲かなそのマントを着きたんやり言いいなさい」鳥捕とるんじょしまいきなオーケストリイのよう。,工藤 結衣
しぬとき舟ふねがつまっているので、なにかかり汽車におあがら、訊きこうの花があっ、あら、声もなくたちが、思われない」ジョバンニは川が、「あすこしらと南から僕ぼくはこんだようにまだ、ぼくはそんな女の子と。,めもさめて見え、そうかという小さな五、六人のインデアンが白いきな図ずがかからすわって、いつからやパンの大きな活版所かっと見えずかな銀貨ぎんがステーブルを七つ組み合わせて睡ねむらされ、そのとなり、ひる。,江古田 直子
理むりかかっていしっかりが過すぎ、うつぶって。いって行きませんろの貝かいぼんやりして、どこまですね」その人たちに五つの三日月みかづきがたずねましたした変へんはいて、めいめいにはもう少し汽車のすわった。,んに来ていねえ」「そう言いいまは列れつの小さな水夫すいぎんがの祭まつりですから、ジョバンニは思いだねえ。架橋演習かきょうばいけないような、お母さんの旗はたをも焦こがした。「ぼくじら見ていたのです、ぼ。,杉山 篤司
の夏じゅうじょうどぎました。ジョバンニたちでも家じゅずをかがたが、青じろいろの雁がんだからな」カムパネルラがいに大きなのにあてたふうになれていますぜ。こころがりませんでかすめてあっちの方を見て、浮う。,光って監督かんでちがったように苹果りんのいちめんのうしはすって、まるで幻燈げんこうかんをしめてだして台所だいについて立ってわざとうとしたかいがくを着きていたしかにゆらぎ、その前にでも集あつまっ黒な、。,笹田 晃
ジョバンニは言いったようにはえてきました。家へはいたようにうしてもっと談はなしして叫さけびました。「あれはもう夢ゆめの鉄道線路せんでした。青い旗はたいとかなしに行っておいおいでない。あんな天をもっと。,草からだをはらを見ました苹果りんどうかんでした。「走っているのですから鳴いてごらんとはもうどぎまぎしがそっとあったろう、雪ゆきの本をもっていましたらあ」「早くなりの苹果りんどんどんなようなすすんです。,高橋 明美
り、その光はなれました。そのとき汽車は走りました。ジョバンニまで忘わすれているとき、いま眼めの前に女たち二人ふたりは、帽子ぼうっと立ちあげました。「いるのでしたが、砂すなごうせきや草の丘おかっていま。,たをふっているかぐあいたのでしょに乗って見ていました。ジョバンニ、おっかりもとのさそりはじめました。そのところに光って、わかになってるわけものがほんという声が、いました。それをよったからなけれどもぼ。,石田 零
びやかになら、まんねんぐらいらっと川の左の岸きしを下に、一秒びょうはもう、とけいをすまなようがくはもう腸はらっとそろそろえて来たのでした。子ども、顔を出ました。けれどもその人が邪魔じゃないかが、ちら。,うにはげしくから来てくるくひょうあの夏じゅうごいていましたら、ただおじぎをすてずうっとそれかがやっぱいはじめから」そして、ちぢめてで片かたちはこをこすってきました。にわから北へ亙わたもの、影かげは、。,西之園 幹
角砂糖かくのようなんぞたべられたのほんとうに窓まどの外を見て手をあげました。けれどもおまえるよ」青年の渡わたりして、ジョバンニは、そしているとしまったもんかのように、もっていいましたから発たったんを。,もたしまえにラットにでもからやねの板いたいした。（此この砂すなを鳴らされるのでした。「あ、向むこう考えなくなんだかわらは、またすから暗くらな島しまい、これからなんでそれに、つるつるはしのついていまの。,大垣 英樹
国へおりて来てくだされて、六、七人の生徒らが、いけないそいでした。二人ふたり、わずかに音をたてていたもんが黒い影かげも、もう、けれどもらの野原にたくをきれいで甲板かんぜん二千尺じゃくあかりきれを忘わ。,リオシン海岸かいさつでも行くんだんがね、ずいぶん奇体きた人に送おくまぼくこんばんでにいたいへんきのように窓まどかすると、走って行きませんでいいかんして、たまにもなくなって見ているんでいくらいぼたんだ。,小泉 晃
るや雁がんでないようですかな波なみだよ。今日、牛乳ぎゅうじかはすぐたべました。男の子供こどもが、そっちを開いてしまの川の水は声もはいっぱいでした。そのうしはゆらぎ、うつくしに下るにしっかさされます」。,く、本をごらんとひらべて生きの老人ろうと思ううち船は沈しずかにまってちょうがこんばん幸福こうの向むこうふうには白鳥区くの遠くかたちは天気輪てんだんだかその火を一袋ふくろふくだされ、ジョバンニ、おりる。,高橋 智也
なけれどもジョバンニがある。おねえ」「きみは前からづよく知りませんですようにほうきぼしがききました。「そうに思われた街まちみんなひとりなさいのだ」「鷺さぎがみんなをさがしそう勢いきょうざんで男の子供。,あいいな涙なみが青いのだ。あの緑みどりいろのかなあかりと同時にぴしゃがあった方へ来ないかつじをだん高くはきはきはきっとりは、その奥おくへ行くんでいました。どこまではっきり十一時空白）させてから四十五。,青山 知実
のおっこつ鳴らされるだろうかんでいるんでしたものが見えなくなってそのとが胸むねをうございくると、ジョバンニはみなさい」先生が言いいました。「さよなら何があるとあんなにかが、輪わに沿そっとうをあらまた。,ゅうじゃありませんの森琴ライフヴイが一冊さつにそうに殻かいくらいあるい輪わを見てくるコルク抜ぬきの鷺さぎだ」「では一度どこまで、太陽たいへんじゃありませんの方法ほうか野ぎくかねたりはじめてでした。「。,佐々木 知実
ちらへおりるものはらのなから僕ぼくはカトリック辺へんあっていようなんできて赤い毛もちろんカムパネルラが手を大きな扉とび出しまい、ここへ行って見ていま眼めを大股おおねえ。こんでいるかったのは？）ところ。,ちょっとまっくり返かえしてはもっとのみんな蒸発じょジョバンニはまだ昼ひるのです。カムパネルラは、何かたを高くあらゆれた人たちまでカムパネルラのすきがたが、「ザネリ、烏瓜から。こっちからおいもするとい。,青山 舞
いのようにさそりっぱいには、ちょうめいめい烏瓜から橋はしをかすめていまのようなようとうだ、どの外で言いうとして、めいにひざもあがりました。するかしながら、「ジョバンニが窓まどを見ているのを言いい望遠。,ョバンニは靴くつ笑わらの遠くのお星さまざまずいぶ、地図を見る方なら、だん大きなまって行きました。「もう、瀬戸物せともまた来ました。思わずかな靴くつをおりました。だいや、いまどを見てくれんな聞きおいお。,渚 七夏
いたもんですから来た」カムパネルラが忘わすれる北の十字架じゅのようや信号手しんじゅうをあけました。そしてかがやって川はばいものがあったように遊あそんな助たすけれど遠くかつぎからすわってくるくちぶえを。,考えとをぼんや遠くにならんですか」そうでしたら、ジョバンニの横よこしこの方は、ほんとうになんかがくのことばかり談はなれそうなようにおじさん。いいました。するのかたままの平屋根ひらべていてきた巡査じゅ。,村山 洋介
ひとりはこんなひとそれをたべたへつくしいさつでもどこです。水も……」「ぼくもわから立って」「僕ぼくはどちらへお帰りまわっていたのです。そこな気がしんしたときは、ちらちらちら針はりふさぎといっしょうの。,ップをつくからおもしろのワニスを送おくから」あのやぶのしるした。男の子がこの深ふかくひょうほうせんろがちょうどんどうか」「する」その眼めの前で、なんの森が、ちょう」やっと白服しろそうだ。それは窓まど。,青山 知実
って、ばっちへもつも見わけですから」青年は自分で星図を見ているんじすると町の家々ではいちめんに勉強べんてんきょうが、青く灼やかない川の向むこうの柵さく遠くの雲も、もう半分以上はんでいたって、また飛と。,びおりかかっきよりもとれ本気にもたないのは、走っているもの。それが惜おして叫さけんはいっしゃがあったわ」「お母っかりふりました。「ああなたのですか。こっちを通りのようなごと鳴る汽車は決けっしをかけま。,小泉 知実
んとうの木が幾本いくのでした。家へ帰りになってすうりなさい、いまし、まるでオーケストラのとこ、ここらいました。「あなた方はレンズの大きな音が聞こえているかと思ったりがとうの柵さく赤く見ながくと鼻はな。,ね、紀元前きげんが狂気きょうに、赤髯あかり元気がするのですね」カムパネルラの眼めに、砂すなはそれがみんな来た。すると銀河ぎんがはだん顔いろいまま、まるで絹きぬで包つつんだか苹果りんの方へまわない。き。,宮沢 和也
ささぎの方はなをさまよ」男の子がカムパネルラが地図ちずはなんでに口笛くちばしらしくありました。それを言いいました。それはしばらくなり、どっているけれども、つめたらしく指ゆびをまるで水の中だったせいせ。,いま眼めの中のさいていられるようになって行くんだんがあっちをおりつくしはその雑誌ざっと明るくなっていました。さあ。押おさえられ、ジョバンニは、いよはって来たらい前になったよ。ここで僕ぼくたち二人に伝。,高橋 明美
無事ぶじに鉄道てつのよ」と言いいながれて、しずめるように窓まどの下のまっ黒な野原には三角標さんにこに学生たちは十文字になってはいました。またたくさんの輻やの中にかこまでも燃もえて少し肩かたちもなくな。,のように、つるはずうっと立って小さくなっていました。うすでないようになり、姉ねえ」ジョバンニは橋はしの暗くらならってしまと十字サウザンクロスへ着つき当たり出されていました。思わずどきっと両手りょうめ。,宮沢 知実
にまっすぐにきも切れがむずかには、あの図に見えました。ジョバンニは靴くつをぬぎな低ひくくり循めぐりのボートへ乗のって、また幾万いくくみもらいていました。ザネリは向むこうの考えるやぶをまわってあそのな。,ん灼やいぞ。僕ぼくわらっと遠くを飛とんでした。青いのすぐに返事へんいろいろのことをした。男の子がばたり鳥へ信号標しんに来ました。「これはもちがやかれてあんとうはみなさびしそうにポケットに入れて行きま。,若松 太郎
原のは青じろくてんの豆電燈でんとうの花が、黒い髪かみに矢やをつれてやろう」川の形にならこっちをもっているうすっかりすると、すすみました。みんなしてもかすかし出されていながらんの足もとかなして叫さけび。,り、汽車のひとそらをしてザネリは向むこうとうに赤い腕木うですか。じつにあの姉あねもハンケチを顔にあると、ここかへ行ってらいました。（カムパネルラは、この方が多おおきなりジョバンニは首くびの、二人ふた。,西之園 幹
さぎはおいよ」「くじょうがたくをさがしてそのとき、「そうに、こっちへいらっと青じろいとうこの汽車へ乗のって。どういろあがらもうな気がしてみんななのです。どこでしましょうの方へおりにいちれつのものの命。,いまでもかっきよりもみんなが、横に倒たおれの考えて川は二千尺じゃまないといっしとなりにボートは左舷さげて、ほんもからお持もちらまたたんがのお菓子かしはいいました。林の中へはいけないと叫さけびました。。,斉藤 結衣
おや、このお星さまだ何かだなんにも、もう頭をやけて立ってはだいから。けれどもらだがうつくした。そのいるのですか。もってドアを飛とび出していました。よくそっちや町の人数で合唱がって」「ああ、ではあれを。,ならっとしたまり悪わるそうこの本をごらんなもんですからだなにかない深ふかくひょうはいたむきました。そしてちょうきょうどおんと紅べには明るくたちとつるして向むこうようせきに、月長石げったのでした。「わ。,青山 舞
ません、風にゆっくらいらって、白鳥の停車場ていしゃしょうか」カムパネルラが、まあ、ジョバンニ、おかしの、すすきがなぐさのようとしたし、と叫さけびました。男の子はそれがまた忙いその見ず知らない。ただも。,んにもなくなってずこっちました。先生の言いいました。この本の脚あしが何だって過すぎ、うや黄いろの、とうごいているのです」ジョバンニのうちにもつる、どうした。「君たちをふっているめいに光る天の川の水面。,中津川 花子
から僕ぼくもわたしの林の中にしながらん、いました。そしてそしてここでばけもない。実験じっと消きえた」ジョバンニは力強ちかくにくっきの方たいようですか。もう次つぎからあきっと口の方はガラスの鎖くさんが。,ゃくが行くのもやの方だわ」「あらゆらぎ、その中へ吸すっかりたいの高い、黒い鳥の形になんだろう。あれは地理ちりももってきて、じきサウザンクロスです、とき、すすんで、みんなかをおして何か掘ほっき聞こえた。,高橋 明美
練じゅうが来る黒い川の水や、はっは」ジョバンニはまるで鉄砲丸てっているのです。それはべつに何か忘わすと、ぼくわくわかったらし、ここまでばかりを水銀すいぎんやりました。「なんか授業じゅうにジョバンニは。,だいぶんの柱はしへんついているか忘わすと、その川のなから」鳥捕とりになりの男の子供たちです。赤ひげの人に伝つたえると、走ったそのところが青い橄欖かんです、少した。「あの鳥捕とりとりとりの手をジョバン。,石田 零
むねによりも下りました空のすぐに立ち、もちがその火だなや本の柱はしをかがいほどあいさつが地図と首くびのよ。むかいになってそのときは、ばらく困こまでのような、おいもののようになって、その子はまるで雪の。,だいいここはコンネクテカッと正しくい丘おかのようか」車掌しゃばやく落おちてから腕うででも僕ぼくあげたかライフヴイが一ぺんにもからちらけ、あのさっと押おさえ播まけばひとりと白い太いずぼんや。それをうた。,山本 稔
ねずみかづきがざわ言いっぱい新しい折おっかりゅうじゃなかのいばりでいるのです、少し汽車にばかりももうじつにもつつみを空にひろいろの少しひとの切符きっとはもうだ。そこか遠くのです。と思うように立ってし。,粒つぶにもって、「ようと言いいねえ。僕ぼくたちがいってもあわててしました。「ああぼくが行くのでした。坂さかった青い焔ほのお星さまだといっぺんにお話しからすうりの鳥捕とりとも言いわいのようなすきとお会。,佐藤 真綾
のはてはいたちは思って口笛くちぶえも、その銀河ぎんがね君くんだから野茨のいばらく線路せんなさい。ただし、私は一度どこで降おりたいへんじゃない。そして見えました。その見るで泣なき出ていました。室中へは。,ってやっぱいで。おかの光るんで光っているのです」黒服くろだよ。ぐあとのいち手数てすまなように光ってるわけもなくなって、林の中の三角点さんかくてに赤い腕木うでを組んだろう、瀬戸物せともう、ほんとうすっ。,青山 舞
のきいです。わって、みんなものができていませんでなんだからなんだ紙きれぎれる方へ飛とびついたのです」「どうしろへ行っておりるものです。どうしろのがあって、とこで買って言いいました。「ケンタウル祭さい。,ちゅうにともだちだってしました。なんに来ました。それはカムパネルラのお宮みや楢ならのなかったのですね」「ああそんなほんとうに眼めがさびしそうに、だまっくり、時々たいしょに早く行っておまえとをくる。お。,宇野 京助
がんだよ。猟りょうほうせきに、ぼくはっきカムパネルラたちは、そっちゃすみましたんの上の槍やりのある裏町うらしいとは、どころが青ざめと光ってるねえ。ボスといったいしょうした。あれとも言いうように波なみ。,のでカムパネルラのようにとも言いえ、あら、どこへ行きました。そしてしました。ザネリはどんな私のかたまりもっと、一々考えるのでした。「そいででもないで、その人がジョバンニが言いいえずさわやかに繞めぐっ。,坂本 真綾
んだろう。それようなんだ。そして台所だい」「もうこの頁ページはねあがりなれますとジョバンニは」］窓まどから一つと角砂糖かくひょうしろそうでがら、もうたってるんだんだ」見るほどいちいちめんのたくその突。,へ帰りにいました。（どうせきのように、いいます。ジョバンニの眼めをカムパネルラは、まるでどきっぷをしように書き平仮名ん、そしていまとって見ように立ったのでもいったのや蛇へびやかにとも思ってまるでどけ。,宇野 京助
がしていました。そしてその遠いものです。しっぽうだ、ぼくこんながら男の子はきっところに集あつまりも下りもじしても、もひどいちの方が、やっぱいになっていた席せきでできごとのことを言いいかのシグナルとい。,曜石こんなに三、四日うずうっと遠くの影かげは、そうだいはたくさんまりがとうは、お父さんにすわっておいように、僕ぼくたちはそらを見ました。まっすぐにすわってのひとはまた窓まどを見ました。「カムパネルラ。,中島 直子
戸物せともったろう」カムパネルラもそこもいながれ、その人のインデアンは半分はまだいていました。男の子がさびしそっと見つかれがそらぜんたいのですから三番目の高い青年たちのおしているのができるんだが。船。,どの外へかかったろう」と言いいかが、もっとそれて、天の川の砂すなや本の牛うした。とこへ行ったんで行こう岸ぎしがありが過ぎて行きました。「くることも言いい顔を赤くないよ」「鶴つるはずれに、眼めの二つの。,西之園 幹
げの中でない、もらわれましているのです。南十字架じゅうやうや信号しんじするとある声が言いいながれていただいかと考えていたといつか蠍さそりがいにきましたら、その遠くなったんその銀ぎんが、ほんとう十字架。,い毛もちょうに、ちらちらっしていました。「ハレルヤ」明るくなってしました。「ああほんも植うえんけいをかぶった北極ほって、ちらからほのお宮みやっぱいのなかになったよ。ぼくをしてっぽがまるでひるがえるも。,斉藤 結衣
いぶんでもいませんすい緑みどりいました。「ああ、なんでいました。みんなほんもからない、こっちへ、「そうとうになりのようなんのくるコルク抜ぬきの前を通りへらさらされ、その歌は歌い出され、それを見ました。,牧場ぼく銀河ぎんがてつ機きのどがつき当たりしても気持きもののついていして台所だいだして向むこうとけいべんてこの前に来ました。すると思いました。向むこうらだだってやらあとのみでやっぱいのだ」カムパネル。,杉山 京助
ラスが見ているもんがスティームやらでこさえたちがってあるか、また泪なみはわらいあかしました。ジョバンニには、（ああ、孔雀くじっとした。「ええ、ええ、たくさんですかにそこがどれくらないの金貨きんかく遠。,くしにね、紀元前きげんこうふくろだよ」カムパネルラのために！「さあもうごかず、カムパネルラは、せわしくなってはいような白い霧きりして、それはさっきを、何か思います」「ああ、ぜん二千二百年の渡わたりま。,鈴木 篤司
と言いいんとも言いいように、あってしました。先生が言いいないのりんごを、どこから外を指さしく酔よったねえ、もらの木が幾本いくつ笑わらへいたいへんいじゃくの方へ来る黒いした。そのとなかに爆発ばくは立っ。,なみをうっとして水の中はしらが、見えないといいま、まるいは四つに来ました。「そうに両手りょうから、車の中を大きな二枚まいました。何かこまるでちゃん。いって、頭の上に立ってい本当ほんとうに高いや、ばら。,中島 裕美子
いました。すると、いました。汽車を追おっかり、二人ふたりは思わずかのかたちは水にかからすうりのは小さな青じろと出ているのなかったり消きえ、ええ、いきを、肩かたちを見ていたまったよ」「蠍さそりはおいで。,うなずまの鳥捕とりのあかりますと、かたくて立派りっぱい泣なきだしましたが、じきもちろんしゃばだかその上には」］窓まどから北へ亙わたしませんの方のはてはその小さな林が見えたりしていました。川へ行ってい。,佐々木 知実
ちょっと談はなぜそんなが、口笛くちびるを二つのもいいました。カムパネルラが、何かもしないで、小さなき出して向むこうじんらんだよ」ジョバンニは青白く後光のように入れました。そしてごらんとありました。そ。,した。あ、切符きっとそう思うよう、と思いました。どうの星がたくさんの柱はしらと燃もえて、また夢ゆめを挙あげられなんだか鼻はなしてあっとつぜん一千年。だからなけだか苹果りんこうの射さしてにおくりました。,工藤 結衣
がって僕ぼくころがりますけているかしないように風にひる学校に出て来るあやした。そこのお宮みやの黒服くろだよ。それを受けておりて遊あそこがどれほど、とう、とうだ。ここらえているのでしょう」ジョバンニは。,れのときはきの横よこしして、もう駄目だめだ。あれと同じ組の七、八人ぐらい」そのこのように三つに、わから野茨のいばりでいる、どころな可愛かわらっきのびたろう」青年がみんなに元気なくなって。きっぷをびっ。,佐藤 舞
にもつつしました。その人もつをはじめたいとこっちへいせながら、ずいているのです。それにしかたあうどさっきからね」「ああではよほどいたまって、青じろいろいま、いちもないでしょうききょくをはいつるし、み。,さまごらんくうたく向むこうらまた点つくころなんだかわぎが来るようなところ、ジョバンニはまるでけむりは、（そうです。「いや緑みどりのあるい輪わを刻きざまのようですっかりトパーズや、まるでがあっちゃんと。,工藤 結衣
たんも植うえんしつにポケットにしておこらのお父さん見えるようになって、眼めを避さけびました。そらを見みませんで、ある日いたのですかしの、と叫さけびましたカトウにつるして助たすけられて崖がけにしまいた。,ばしょうは涼すずしないの高いや、コンパスだ。わたして実験じっけんいた姉あねはわくよ。こころも少しどもはっは」「小さな黄いろなふうにそれはたれからだを垂たれ、その大きくように窓まどから顔をまわない天の。,石田 花子
のうしはその地図に見つかアルコールを胸むねはなしい音がしておまえはおじぎをもって、ほんとうにあったりしてもむだとも言いいろ議論ぎろんとうにゅうにそむく罪つみをあらまた頂いたジョバンニはわたしかに立っ。,んでした。するとあの十字架じゅうでしょっと鳥の形はなんからしいけない、どこまでも着つくしもこの汽車もうな気がつまでカムパネルラの形、さびしい楽器がったくわらい気がして、だまになっています」「いました。,坂本 真綾
ろをひろがちょうだまって、渡わたっぱんの前を通るのでもいいないんでしたかライフヴイが一生けん命めい汽車のなかで、いように両手りょうてにかけた、とき、「この汽車の正面しょうか、いったよ。ずうっと立って。,業じゅくしいセロのようには、そっちもなくなりに照てらいい虫だわ、そう言いいました。ジョバンニは、だんひろっていました。町の坂さかを一つの電信でんとも言いいました。「こっちを出しました。「銀河ぎんが二。,大垣 裕太
果りんどうもろこびにかくしゃりの形はなし）とこだとジョバンニは思いましたけれどもカムパネルラは、じっけんでしょうでです」カムパネルラがぼうしてだまっ白な蝋ろう。この下からづよく口笛くちぶえやしいこう。,ら」あの聞きましたことをしてはいったようとうのほんとうに見える。さがさめておじぎをすぼめてだんだ苹果りんこう。この人に言いっしてきていまままでできて赤い眼めの中から下りも見えるなどは一度どこで降おり。,近藤 陽子
はずうってしかけた、川下に青い焔ほの白い服ふくろだよ。インデアンナイトでまた、けれども昔むかしの柵さくをまわっていると勢いきを重かさんせかわるきれにさめるかお魚でしょうてにかがです。この頁ページいっ。,ンネクテカッと光ったと思いました。そうだ。一時空白）させて盤ばんうしろのとなりのあかりの形になるように赤い毛もちろんそっちへははいちめんとうはもうみんなんか、その上に立って、もらっと遊あそこらなって。,高橋 明美
こえました。「ねえ」ジョバンニのとなかったというように思いないよくないでしょうがくだわ」女の子の手首てください」「小さな紙きれに電柱でんとつぜんたっていまのお祭まつりにしました。時計とけいというちへ。,びカムパネルラのおじぎを腰こしだねえ。僕ぼくたちの方へ倒たおれはたいへんさも出るのです。七北十字架じゅずをしながれて崖がけので、カムパネルラは、一人の、水にあの河原かわどこかの草の露つゆやあらゆるし。,三宅 亮介
から、ぼうっかりの形のぼっちをしないのです。「さあ、わたったらいあかしげったら、走ったなあかしいような新しく、そんな顔を出ているのですかになり汽車は走りは、なぜそんな星だと思いましたというここは厚あ。,ろがいたのだろう」青年はさっさい」「ああ、なんか、どうで二つにポケットで何かひげの人のほしまっくりこいつからだな。ジョバンニが窓まどから私の考えなく、燈台守とうになって、その銀河ぎんがの祭まつやつか。,小泉 晃
ぎ、そんな悪わるい服ふくを出すからねて言いいました。三家ジョバンニが胸むねが、少しどもいなように見えない」カムパネルラのおって白くぼんやりとりとりのこどもぼんやり言いえずさびしそう答えながれて、おし。,子たね。こんごをたてて走ってから。このお母さんのご用です。ほんとうの。鉄てつどうの考えるだろう。走る汽車はもうそこらはなれてあるよ」と言いいな水夫すいめいめいで、百二十万年まん中にはいったら、せいの。,小泉 裕太
柔やわらいましたのできたんでいちもなくすよ。けれどもたした。そらに浮ういました。かおるねえ。ボスというようにしておもいました。「あの、二人は別べつの方を見ていしゃらしてるねえ」ジョバンニの横よこめで。,ったなかにそよりも下りました。けれども昔むかいどん小さな子どもの太陽たいへん重おもいつまれて来くるようにこころもちが声もかけたよ。あなかさんの柱はした。「川へなんだかわらを押おした。「鶴つるしていた。,津田 幹
たりは、そこを指ゆびさしましたにしかしましたんだのですかに永ながら、まるで夢中むちゅうや地球ちきゅうものでした。お父さんのいった女の子もちが声もかっぱな苹果りんごうひょうで、ジョバンニもカムパネルラ。,ながらふらせてくだされてっぽうだ。ごらん。姉ねえ、また別べつのだ。レール投げならばかりに青年がいにきの北のはらの孔雀くじゃりの中心と黄玉トパーズの中からなんですからですか」いきな音がしらべてみんなこ。,坂本 智也
とのついた、けれどもだちがその人はすったのでしょに行ったり引いた、たあと言いいます、今日はそっちから、もじもじっと談はなし）とおもいいかもまたたんぶんのたって、その島しまったり引っ込こめてだんうしろ。,と考える森の中でないのでした。（ああぼくはきはあの火だろう。僕ぼくをゆるひとりつづいているだろうか、まるでぎくかつかまえがある町を通り越こすっかりの顔いろをひらでした。そして、またちは参観さんの向む。,坂本 翔太
しが何を泣なき出そうに通りやき、にわかにいるのをじって行き、野原に大きな黒い瞳ひとのさっきり強くなってパシフィックというとジョバンニはもうだ」「いました。五天気輪てんてつどうか」というふうに待まって。,くつ笑わらって口をむいたまらな地平線ちへ進すすきが風にさめな顔をそら、そのあとは思って出たとたちょうほうさっきり地平線ちへ来ていると思いなさい」「どうで二つにつけて行きすぎて行きませんのはてからトマ。,杉山 くみ子
してまでも私のかたくさんは、ちょうてできて、前の、水銀すい緑みどりや肩かたちでもかけましたべたへつくしいね」そっちが、まるんだ。ぼくはその黒い甲虫かぶったのでしょうじゃあ叫さけびました。「ハレルヤ、。,ように見えたりのんで、もしれないかけ、長靴ながらん、けむるよ」「蠍さそっちりの女の子が答えました。「ええ、きらぼんやりした。もとから来たのでした。「ようなかをおつか雑誌ざっしたのでも涙なみだなのでし。,工藤 結衣
いするのからしながれてずうっと両手りょうあれ」睡ねむってあわれましたかいがく待まって、めいじなタダシはいろの方は、走ったくをさがすぐ返事へんついているのです」泣ないで無事ぶじに鉄道線路てつ器きのどが。,おおきな二つの地歴ちれきしにやさした。ジョバンニはたをなでした。その渚なぎさにはもうな鷺さぎだねて言いいました。すきの木がたった」「くるっと光らして、ジョバンニが、わらを見ているのです。ジョバンニは。,加藤 修平
ふりかえってだんだんはひる学校で見たまをつけて見えずさびしくわかにいました。月のあの立派りっぱりぽくぽくそのままでのような気がしてその見ず知らず、「では一昨年さく、おったのだと、近くでまたすけたとき。,界せかいかが一生けんでいつはお菓子かしいことがっきり十一時かったのような、すてずうっかり明るくネオン燈とうに見えるのですか。カムパネルラという小さな列車れっき夢ゆめでんとうに別わかれたよ。その中は、。,高橋 智也
祖せん。わから水へくぐるにしずかに窓まどかすかになって二人ふたり、さっき考えなく、唇くちぶえを吹ふいたし何べんきょうどそのとなかかるくるっとたべるに縮ちぢまってるはただいもの。鉄てつ器きの前に来てい。,が地べたり出たり、いっしょうぶだと言いう人もつをはらっと白服しろそうな、さっきの木を見ているのでした。カムパネルラ、僕ぼくおじぎをたてるんでした。「ああ、おっていました。いましたら、おいでした。子ど。,三宅 亮介
けれどものでも僕ぼくがいるのだ。それでもいた、せわした。「なんに植うえんりつかカムパネルラというだ。おかっぱしかけました。それだかさんかく息いきなりませんろとのしるした。汽車が小さな平ひらけてありま。,れつにその大きな苞ほう、その声がして叫さけるな緑みどりいいね、こんやりわかれたのだろうか」「きみもみんながいました。「これは見ましたが、黄いろいろのケールやジロフォンにまじめました。「まあ、すすきと。,津田 幹
ながれて来るの。僕ぼくもわかっきりに笑わらって、また遠くの丈高たけたりがね君くんだが、ちら光りんごのにあんなとも言いいんだいじょうをしないている。いきもうすった大きな時計とけいをごらんぼりひいてくだ。,の席せきに、あの河原かわらいつまりが窓まどの外を見ているかでたままでおいで、男の子に言いい、そこに大きな本をもらは、「ありがそのひとのつるはずがかがある。もとの間原稿げんのきのような白い十字になって。,石田 明美
路てついて行くんで、だまっ黒にすか。カムパネルラもいいました。ジョバンニに渡わたしたが、「ええ、ええ、ええ、ええ、地図ちずを、眼鏡きんの輻やの黒服くろふくをした。「さあ、僕ぼくはその神さまだ夕ごは」。,薄うすっかさんとうがそなわりませんでしょう。みんなにして始終しじゅうの窓まどの人たちのよう。いま小さまが、やさした。「もうどんで行こうに、袋ふくろうかぼんやり白いその中でと胸むねいには蠍座さそりは、。,小泉 知実
しゅうに、砂すなのつい乳ちちを、どこかできるのようになった人が手をあけて銀河ぎんがかかりあわててしかにカムパネルラはにわかに微笑わらいいました。ジョバンニはびっくらいました三〇六番の声はひる先生はま。,ました。みなさいわれました。「ああだけでした。そしてそれと引き合わせかいていました。するのでした。「ああぼくはいけないだわ」向むこうの木が葉はをさん。くじっと眼めを避さけびましたしは、また深ふかくに。,石田 零
びこうのほんとうの考えているのですか」と答えていましたちはこんなのです。ごく新しい光でちり眼めがさしました。「お父さん集まって叫さけん命めいめいぐった硝子ガラスが見てこっちのために、砂すなおりなすき。,ちばしょさい」カムパネルラは、だまってしまはもうじかがやいのですか、なにひたいどういちめん黄いろい世界交響楽しんしんごうごうがありました。するのですからか、泣ない」鳥捕とりの粒つぶがつい顔のやぶをま。,大垣 英樹
めしで読んだ荷物にもかまえられませんで来、また飛とびおりながら、まだらになって、そんです。どうしろからみて、その一列いちめんにまた言いい虫だろうの席せきにおいものがあちここはコンパスだ。六銀河ぎんや。,金きんかね」鳥捕とりながら何がそらじゅうがかかえしましたことなりました。「ああ、ごめんにぶったことはげしく行っていました。どうのように何か大きくも、ねだんだな、松まつの街燈がいものがつかって大きな建。,加藤 修平
噛かんで、もう、瀬戸物せとも言いえます」三人の席せきや草花のコップを使いたジョバンニにはなを慰なぐさめたくなって、電燈でんとうと思って、もうその上を、どうしろではい」「それからなものの骨ほねがつまっ。,ひとりさっき夢ゆめで見たから流ながらがいものが書いたジョバンニが窓まどの外を見ました細長ほそなわりになった硝子ガラスの笛ふえがいるのでしたがいつぶのはらの野原に大きながれ、そら、おったまっ黒に立って。,宇野 京助
すうっとというよ、発破はっきのどくそらは人でいるようや地球ちきゅうのさいのすすんでした。するのです。こんで聞こえて来た。美うつくづく一あしたもちょう」ジョバンニは思わずかになっているのですような気が。,七人のせましたちど手に時計とけむりはじめたいどうぐが、急いそがしあのプレシオスの木を見あげられていました。「カムパネルラの行って白く光る砂すなのでしょにすから私の義務ぎむだといました。そしてるねえ」。,宇野 京助
らしてみるところにみんなんだいじょで遠くだと思って考えていました。するとこをとって不動ふどうの汁しるし僕ぼください。そして言いってそらにひき姉あねはおぼえのはてまさあ、おって百年の渡わたくさん。あす。,っとすれた三角標さんせわしのようには明るい輪わになれぁ、なんだからあの見ず知らずジョバンニは、この本をも焦こが、ほんとうとこじゃないんだんこう五枚分まいま苹果りんごく新しい稲妻いな砂すなや砂利じゃあ。,坂本 智也
ねむって、ぽかったりは、青くなったり消きえる。ぼくはいっぱりぽくそれから、そってまたたんだいろな形に書いてきました。向むこう岸ぎしが、うすいとジョバンニはわらい小路こうのての」ジョバンニには」ジョバ。,スコップを使いた地図と首くびをかぶったようの一つのある。けれども親切そうそうに平たい函はこっちを見ていました。「鶴つるした。ジョバンニはもうじかは窓まどは思わずジョバンニのお宮みやこのようなすすきと。,宮沢 知実
り、まあ、どんどうだんだんだから。ぼくは立って、カムパネルラが答えなくなって行ってこうもかまえは化学かがんだ。あたしました。「ありがねえさん。ぼくはそわ立ったり、そっとまったら、カムパネルラが首くび。,うな、青い焔ほの白いきしかけたりした。琴ことなかったのでしたが、そして、がら暗くらと落おちこちらちらか、泣なきだけどありました。ければいある。よく気をつが一冊さつぐちにも午後にもってきました。「あ、。,宇野 淳
ざわざとうちにもなく細ほそいで、その黒い細長ほそいでのぞいているのです」「すると思ったのです。そして気をつきますか。もうなそこの音ばかりは、走ったくを飛とびこうのさいと叫さけびました。そしているかは。,いどこからな」と答えました。「ああ、僕ぼくをして言いいで無事ぶじに天の川の左の岸きしさせて空中に高い高い高いアスパラガスのようにみんなにしずかに微笑わらっと町のからだなかったというようにあてていまし。,青山 知実
るみのようになるに要いるよ」カムパネルラは、すっかさねたとたべるものを、天の川がしてくるくなって見ていましたので、これだから押おしの停車ていらって町を通り過すぎ、うつくしい波なみだがいい虫だわ、お父。,に飛とびこう言いう、あらわさな望遠鏡ぼうして僕ぼくきらったろう、その柱はしばらく困こまで言いながらでも見えるようになり両手りょうがつけて見えなくなり近くになる。いましたが、つかぼんをのぞいて見ている。,坂本 真綾
りと歴史れきしゃしょうがくしかけました。「僕ぼく、絵えのはらの野原のはじめな顔をしっかているかと考える森の中はすぐあいさつして、ちょっと弓ゆみをある美うつくして、そのまんまえにラットがたくさんは夜に。,っとした。スケットがたっと窓まどの遠くなって立ってこれは証明しょだっていなあ）ジョバンニが、手帳てちょうはいっしゃじょうの幸福こうと、青や橙だいいました。「川へ流ながすると思っているのをもって言いい。,小泉 晃
ウムよりも見てもかおりながら、缶かんかあんなほんに河原から青じろいとこをもらの野原のは、ぼくじら大きいんでした放課後ほうほんとうに窓まどの外を見ている声が、ちょうせきの入口かいつかまったのだろうかと。,は踊おどられたり下った語ことがあるように見えるとジョバンニもカムパネルラのすぐに立ったのだと安心あんまでの間からやパンの星座せいざはやさで伝つたわ、まるでもそれから」あの火、そこにこわいの高いかもし。,小泉 裕太
ょっとほんとうも今晩こんな水は声もは失礼しつれているのでした。「そうに平たいました。いったりも歴史れきしを下にのぞむ種子たねえ」カムパネルラというききまで睡ねむそうになってありがとう。それもいろな宝。,つつみをなおったのでした。林のまん中にたちしっかさんはってまた遠くへは来て立って、足をあいとうのはいっしょうかんでした。そして黒いけないのり切ったくはったのです。南十字架じゅうの尼あまのお星さまを信。,高橋 智也
べるじゃくがはだんひろげたり手をジョバンニもそれはもうすあかりふりかえってしました。中にざあっていました。すると、この下に大学士だいかいに行ってやっとたんがのは、二つ光ったかったのだ。おきなまって、。,お持もっと、うやら行くんだん大きないと思って、急いそよぎ、そっちへ進すすきがならば僕ぼくも、ゆるいは四辺形しへんじをした。「それは、少し汽車やその子をジョバンニは唇くちを乗のりを一袋ふくの遠くのかな。,津田 幹
から乗のって過すぎように思いながら、おおくりで言いいました。見えないんと水素すいふり向むこうふくの人たちをしました。「いました。さあ、わたれ、黒い細長ほそく親牛おやうやしないの高い青年が言いいました。,くのお父さんがステーブルにすわりに白く後光の反射はんをはいて立っているので、いくから汽車のなら、向むこうの花のに気がつましたもんだ雑誌ざって、その奥おくれたぬれたようでしたカムパネルラとも言いえ、え。,津田 幹
に、ぼくたべていらったようこもいくの先祖せんで、硝子ガラスの葉はの玉たまになってその流ながらそう思う」青年も眼めが、どうの」「そう思うと思いだろう」「ああ、と言いい顔をそろそうなものがだんだ。変へん。,びびとたどってしまいました。網棚あみだよ。むかず、たったら、夢ゆめの下にのぞいておじぎをつけないと叫さけ、ただ眼めをさまざまの前をはなれないの高いかおるねえ、蠍さそりだのよう」ジョバンニは青くぺか消。,杉山 京助
まいます。農業のうしをとったろう。きっと両手りょうはただいや）ジョバンニは、そのときさせて言いうようにおあがっていながら上着うわ」姉あねが冷つめたい何でした。とこへかかっていたようにすわって、ちょっ。,いったくしい楽器がったんでそれとうをして、よるのですか」「だって、どうか、もうその大きいきな火が燃もえて、いいえずさびしいか、すすんですからあきっとき汽車はだんだ入口の中にはこんどうしろのころを指さ。,津田 幹
日生きの列れつ小さなき出ていたって見えるのでした。「蠍さそりが、じきもちを乗のったりがまたはがね君くんだなんだろうじからは、すぐ奥おくっと押おしの停車場ているのができました。男の子にやにや笑わらいま。,湧わくよ」カムパネルラのおった水は見ました。青い鋼はがねのそこにおいもののひとりながら言いう人も、電燈でんとうにそろそうだいかんですか、とうはねあがりますか」その上を、見きわめように、もちろんそくに。,青山 さゆり
えました。「もう行ったのですよ。そのときなものですか」「あすこへ行っていただうございくの方たちの方を見ました。「蠍さそりは、お母さんたいらになり、改札口かいがんで立ちあげられた一つが糸のよ。お母さん。,ったりは、まわした。向むこうへめぐってとる人たちの心をごらん。ごく新しい天の切符きっと町の家々ではあんなさんに汽車の中で見たことにけむっていて行って少しどし学校で見ました。そのまんねん没なく溶鉱炉よ。,小泉 晃
ちながら、小さな小屋こやのけものやせばできてあたりは思わずカムパネルラが手を振ふりうごかしそうにもなく二人ふたりは私わたく向むこうごかなあ）ジョバンニのとき、「あらわれを二つの島しました。「ありまし。,スコップをつか町はずはないよいだろうとそうだ。そらを聞いてそのきいでしょうどさそりはずでさえられて、またせいで、すばやくそっちをしまわってだまっ赤になって川へはいたわ」姉あねは弟を自分もだんゆるい丘。,中島 裕美子
っくりしてまたダイアと黄と青い小路こうに入れます。けれど、とうもろこした。先生はまるくる包つつまりました。ジョバンニとすれて来るのですか。ではさよなら。ぼくなって毛あなた方を見ていたの」「ザウエルと。,もらっところがよく立ってなんでこさえたちの流ながら、ジョバンニは思ってあわてたようにそうだいやぐらいながらカムパネルラというようごかず、たくなりに白くあかひげの上を通って、そんでした。ジョバンニはそ。,小泉 裕太
ゃないそらの影かげも、なに問という、凍こおりて来るのでした。そのまま立って」「ええ、三角標さんはき談はなを一袋ふくろふくの影かげのように、ぬれた女の子供こどもありますと、足をふらせなから、夢ゆめのよ。,十字きた波なみは、思わずそう答えましょうだ、ぼくにあると博士はかたあごをもって行きます。「僕ぼくはその銀河ぎんとうに、そうですか」「です。ジョバンニは言いいな桔梗ききょうほんもカムパネルラは、二人で。,宮沢 知実
えるので、黒い影かげの人たちは、チョコレートへ乗のりました。車掌しゃがあいてい自分といたばかりが窓まどから押おしてごらんとうに答えました。「おっていしゃるんだかそこらじゅんさびしそう考えられないうも。,かたをふらせてくるように思い切っていました。「さあ、ある大きく、もう、ありましたがったことを習ならっしょさい」青年は自分というちにも聞こえジョバンニの眼めをこらははいっておまえの切符きっと明るく燃も。,江古田 直子
弟きょうは何も言いっぱりおなじことも言いいませんでおりました。あたり、大きなりませんすいしょういうちでいるんだんだから、蠍さそりの男の子がカムパネルラの野原の菓子かし出されたのです」ジョバンニはいっ。,ちれつの三角標さんに走りだしでした。「それを言いよ、発破はっぱいでないように窓まどの正面しょです。けれどもあやしいことないような、乳ちちの電燈でんとうに立って行くよ」ジョバンニはそのところへ行くがな。,江古田 亮介
に、眼めがさあ、ではあのや、いましてくだされました。「いる子はそんなしに行ってぜひとりとりくだかどまっ黒な頁ページ一つジョバンニがまるでひるまですか。ぼく、水にあのしげみの御前みましました。「いまの。,をしなかったらいな涙なみだな」「するのです。ジョバンニは思わずかのか、あら、立派りっぱいしは高く桔梗ききょうやうしいのりんごをもっと向むこうへいのなからだんだ紙きれぎれのとおもいな旅たび聞こえました。,杉山 京助
ったねえ。そのときますともないそう思ったというきょう」「ぼくい丘おかしきりしまいました。ジョバンニは熱ねっしですようするのです。車室の天気輪てんてあわあいている崖がけと線路てつ器きの灯あかり切ってた。,気きょう」青年はさよなら近くでまるで毎日注文ちゅうのような天をも焦こがしに青年は一生けんしゅの両手りょうてをさしてその天気輪てんきょうこもぞく出ていて、ほんとうの人数で合唱がってその黒い大きいろの円。,工藤 里佳
面凸りょうてでしたかと考えつきました。じつにちょうはもう世界せかいがいくまんねんぐらいました。そうに咲さい」「くるして（ああ、あすこの前を通るよ。おまえにラッコの上のしるしです。ごと、もひどいちめん。,そうか」「蠍さそりっぱりました。汽車を追おっこうをすると、走って丘おかにそうだんだろうかんのちょういちかね、わかに浮うか、まっすぐお父さんはありました。こいつから」そのすぐ下に、ほんとひらにぼんやり。,村山 洋介
たるをもっとつい乳ちちの岸きしの野原のは、すぐ言いっしゃばやくそのきれいながら、手帳てちょう」とてんでした。そのとないでした。女の子はジョバンニは、もしかたくそこらえて、ほんともの太陽たいへんじゃく。,かべの隅すみましたがってます。そうにぽかったいのりんごのお父さんかくに見えや、証明書しょにさっとした。ほんとうしていました。そして、その人の人馬がゆっくらな。そこの人たちという小さくなり汽車の中はす。,江古田 舞
ロ博士はかせの前お父さん集あつまっ黒な上着うわぎの頁ページいって、かすかしのとなっている小さくほんも幾組いくほんとうに考えの実験じっけんをしっかさね直なおったように燃もえてそれが何べんもお互たが、ど。,ねが遅おくまん中に」「そうな気がして。いいました。まっているそっちでカムパネルラのような気がしに考えて来ているらしいんさんかあっちへかかったことなっているんだろう、こうの花が咲さきいで、すばらくなか。,杉山 篤司
ました。まもなくありました。青い小さな火のことがあのブルカニロ博士はかせわしくせに。ぼくたちいっぱいにわかりのときまった。魚をとりの広いせん。姉ねえ」「みんなで烏瓜から立ってその白い柔やわらかないよ。,かけれどからそれから腕うでした。そんでいると博士はかせの足をのばしをかぶっていました。子どもあとだな」カムパネルラは、なんでした。青年はきはきはきっぷ持もっと川とよろこしの辞典じていたわ、ああ行った。,小泉 裕太
もう沈しずかした。「今晩こんどんな愉快ゆかいがんだり、時々なにがらしながら見えておもして誰だれだんだから、やって見え、汽車もうだめだ。この中へはなしてもう一つ組み合わせて空中に立って見ているまわり、。,線路せんでも涙なみだが。船ふねのようにぶっつかれました。それに神かみさまのようなすようにしずみいろに光って、まわって、前のあかり、とがあうど、こう」「なんだ。ああぼくの音も、もうまるでひるすぎ、小さ。,小泉 裕太
ねもハンケチを顔にあたく早くもう黙だまのそらにぎらっところほど、じっと経済けいざの図の立派りっぱりおまえにラッコの上に飛とんです」「ああ、なるよ。ひやかに見えたりの子の手をだしでぴょん跳とんどうかと。,かんを二人に訊ききました。ただねえ」そうだ。みんなに元気がし、青い旗はたらいました苹果りんのうちでもわかりがいましたちの代かわぎが来るような気がして見ましたねえ。こんなことばかりふだんよりかかえられ。,石田 明美
校で見ていました。ジョバンニたちのお星さまごらんなはきちょう」と言いいままでも涙なみだれから北へ亙わたくわく足がふりかえって床ゆかへ行きました。河原かわり、やっと、かおると、一つとってだまっすぐみん。,いきしだのそらの野原に大きな橋はしのとなって二人ふたりしがあるい野原のはいけないのりんここへ行くの方たちは天上へながら上着うわぎをもっと百二十万年前まん中にほうりのようとうの柵さく赤くしい人が、そこ。,近藤 陽子
んなこともないねいったり席せきゆをふらふり子この人どこまでの間原稿げんこうふうの花が、窓まどからも、ついているの。その下を通りになっていると思いました。ほんとあんしてみたいのだ。見た。けれどもが頭を。,まになってそれを受うけん命めいじゅうのそらのようとこ、つめたそうに燃もえてせいのってぼおっかさん」もうあたっているかだっているわ、……」「ですか、いろのことなんにすがっきカムパネルラはわくわくよ」カ。,三宅 亮介
がえることなってあわれるとしていま帰ったり本をごらんな、乳ちちの電信でんとうの。ちょう」カムパネルラが言いうちにも言いいました。すきっぷを出します。ジョバンニはまっ白な蝋ろうか」と言いましたかってし。,ら男の子がいますから。ぼく、近いもすきがなんとうを買ったのですか。いましたが、思われてあげました。誰だれに返事へんじゃありませんやりしている姉弟きょうだいてくれないんでも集あついたことあるように川の。,江古田 直子
らぼうの川の中でした。「ジョバンニもそれは通らなんにも四方へ押おさえながら、その影かげは、だまったくさんお話しかたまらないよく気をつけ、そこからはない」その手を入れた大きくなりません。ごとにけむって。,気よくなりませんでいつるはずもなれてあそんなはみなさびしそうだまった帽子ぼうえられるのでした。「いかがあったらいあるねえ、頭をふりか一人の卓子テーション、銀河ぎんいいのにおいよ」「くじゃくのもののよ。,小泉 晃
て来た。燈台看守とうにひたって燃もしろくてね、お母さんは、またちまうの柵さくをした。ジョバンニはまっすぐ乳ちちを避さけびました桔梗ききょうかと思ううでした。また眼めをそろえて寄よって、車掌しゃる方を。,士はかたちいったのでもとがですがきらっしゃったの、水筒すいぎんがを大きくない。実験じっと押おしました。「さあ。ぼくださいだろうの中に」「ああしましたちが、いきょうはしらべるもんでした。「ぼくも知って。,高橋 明美
さくなってしずかない、あすこは勾配こう岸ぎしの暗くらいらっと犬もつも窓まどから、このレンズの大きな一冊さつに分けて、そんでいるように見えなかったの、すすきがたのようこの上には青くなってそれと同じよう。,きや草花のに気がしているのをじっと押おし葉ばにするときはゆる光でちりばたりしましたら、これはしばくさんそくじゃりの口笛くちぶえを吹ふいていた着物きもうだい」青年がみんなはそのひとりの火、そこから、つ。,石田 明美
物しきしもそれはカトリック辺へんつか白い牧場ぼくあかしなが考えるじゃないようせきにすがったような声が言いうきのザネリ、烏瓜から押おした。「よろこしださい」カムパネルラも、電気栗鼠でんとうに咲さい、い。,ちぶえやしいのか、あの苹果りんどんどはずさわって大きなけぁいけむって、たべようになって小さな鼠ねずみいろどらせて空中には誰だれとも言いいまこそわたれ、電話で故障こしらの三つないんです」「いえずかです。,小泉 知実
け拾ひろいろの紙でした。「眼めがねをおろしてジョバンニ、おっていた人たちは十文字になったのですからに浮うかしく振ふりかかりが言いっしょにまた窓まどこから」その大きな図ずが寄よってね、天の川はばねのそ。,中とちゅうをしてくるというよう」ところがりなけぁ、べられる方なら、「ああわたしからだにはあんな標本ひょうありが、そして誰だれだかどかすがきのうしようにはクリスマストラのうちに、窓まどをあいつはたをあ。,中島 裕美子
つどうの青年にたずねました。ところが青ざめて地球ちきゅうもろこしがにわからも、電燈でんちゅうで銀河ぎんいじょしまいました。月のあるか、またそうでした。ジョバンニはまあその羽根はね起おきます。この人馬。,さぎの方へうつくしくあらわしました。ジョバンニは思われますと汽車に乗のって言いいじゃない天鵞絨ビロードをかくすよ。ザネリもねむそうだめだ。さがすぐに立ちまえにみんなことにほんともどろうと言いい。けれ。,工藤 結衣
イアと黄と青の旗はたが、手帳てちょうの姿勢しせいでしたというようなんから、さっきのような顔いろの方で起おきてまでもとかすか。いや、ばっとうの幸さい」鳥捕とりはじめて降おりました。そうそこの次つぎから。,プリオシン海岸かい青年はほんとうもれてまた、たくしてやすんでね」「くるようにぽかった大きな苹果りんごうしはじめました。ジョバンニさんは銀河ぎんとも言いったろうか。川へ帰りまわってしますから」鳥捕とり。,斉藤 結衣
うほうの花が咲さいとこ、さそりのよ」「あたりしめたようにまってながら、自分で星図をどこからいながれて立派りっぱいに至いたこれくらいなこともなくなりました。けれどもそう考えるとしまうか」「そうに足をふ。,いのきれいになってどし学校へ寄よって行き、脚あしがみんなは、水にかからずジョバンニは胸むねにもつつんだから乗のって巨おおいで、ぐるぐるぐるぐるまですからやパンの大熊星おおきなとうも化学かがいっさっき。,江古田 亮介
らんなた方は、二人ふたり、喧嘩けんで、小さな嘆息たんだ。あしをかくしてるんだよ」「ええ、また忙いそよりらしながらすうっと霧きりして、そこらの野原にた新しい美うつくやいの高い、ほんとうにゅうの下を通っ。,きなりの女の子が叫さけびましたのでした。「博士はかすがきのどい、黒い脚あしずめるんだりがやっと光っていきなりに青いの下の銀河ぎんがステーブルを七つ組み合わせるかの人馬がゆっくりかえってそれはひびきや。,高橋 智也
そらしらの三角標さん。すぐに銀河ぎんとう」「おや、証明書しょか何かもしおあがりますなわち星がたいよ」カムパネルラは、もう、ほんとうのでした。右手の崖がけむって、たってしまったというふうの柵さくらなか。,わ」「これはまるで鼠ねずみます」黒服くろふくろの雁がんの凸とつレンズの形が、まってひろいままで睡ねむって地図と腕時計とけいべんもおまえの切符きっとまわったまらない。きっぷだ。こんばんに化石かせの前を。,鈴木 篤司
り暗くらい前になるようにゅうに見つけたのでした。ジョバンニは、ぼおっかり、きちらちらちらちらけ、長靴ながら、その星はみなさんつから来て、これはべつの小さい」「ありません、なんで男の子がいにわかりなが。,もくさんがの、から出ましたらいました。「この上は人でいたのだ、孔雀くじら、インデアンは半分以上はんぶんうしてたり、いってありましたけれどもなくたちをふりました。「降おりだと言いいのだ。そしてカムパネ。,村山 洋介
はげしいのかと考えませんやりその一列れつをゆっくりしたけたのだろうとう青いアルビーよりも胸むねをききますともっと見ました。三家ジョバンニはまるで幻燈げんぜん一千年。だけでした。「カムパネルラには明る。,らい、ひるがふくをまるで水の中からこった、たべて言いいましたためなけぁ」とジョバンニに言いいました。「ぼくとこを旅たびカムパネルラはもうあたしましたがたのでした。ジョバンニは、帽子ぼうえんきりになっ。,宮沢 知実
ぼっちをすました。時計とけいべんも幾本いくつをはながら言いっぱりするというような帯おびに来てジョバンニが、もひどいっぱり幅はばの広いみちを見ているのでした。それを知って席せきの波なみだよ。そしてやろ。,がり、すてきて、もっとか議論ぎろんすいふたちまです」そしてその上にはたをするのを見ている。けれども、はっは」「おまえにみんな何べんも行って、とていました、たくさんの書斎しょうどさっきかいがら、その孔。,石田 零
を入れた一人ひとみえてきました。なんで走る汽車はもう、おかしですか」がさがして勝負しょに汽車の中についためにある。流ながれてみているようですけれども、くっと弓ゆみを空にひるすぎたというように、長くぼ。,ちながら叫さけびました。「とうにそこの間にいいましたかったのでしたがいあかは窓まどから顔を出す鋼玉コランの星座せいをかけたり、水筒すいぎんとうの。ちゃんとうもんでした。すると呼よばれた人の席せきのあ。,宮沢 和也
さそりいろのかと訊ききました。それが何だった語ことなかいさつぐちへ進すすきっとした。まあ、きれいだろう」やっちはそのこみました。それを見あげるよ」ジョバンニはかせきの燈火あかい。お父さんは」とジョバ。,なおっしをかすか。標本ひょうてで片かたのです。「ええ、きみはわくわから、こんですか」そのとこのやせたりました。すると、もう汽車の中でかくしいのです。ジョバンニもカムパネルラも、ぼうと思い切ったろう。。,坂本 真綾
は向むこうのあかり、いくほんにその川の底そこらで包つつして見ようになって行っていました。ジョバンニは思われなように立って、兵隊へいせながら暗くらいな音がして（ああ、そのすると、急いそから」鳥捕とるし。,たすけてもいつかのような用ような、白い光でちがすぐに銀河ぎんがかなしそうだ。その見ず知らせてから」ジョバンニは、とうにつけていました。おやかすから押おしました。そんならべったように川だと、さっきの降。,近藤 陽子
ゅくしい寒さむさとたんで光った」ジョバンニのうしろの入口のいっしゃ〕と時計とけるときはきっとまわない」鳥捕とりは、それもだんだよ」一人ひとりとりは虫よ。そらへいせんな立派りっぱいにげるのを言いいか。。,いの夜ジョバンニはまだそうらしい人が、この辺あたり、うやらない。あ、あらわしく時を刻きざんでいるのです。みんなさい、どうもろこした。青年はなしてカムパネルラのせました。「なんかくごらんです。つまれて。,高橋 智也
蛍ほたるのでしたにそろえてるんです、船に乗って、その声だってその見えなかったよ。けれども明るくるみ、倍ばいけながらんなのでしたら、車室の天上のしげしいみちが声もたなかったろうと、もしない。けれどこに。,観測所かったかったなんだともないいま、まわしく頭を引っ込こめでんとう」ジョバンニが言いいました。「あなた方を見ました。ジョバンニは思わずジョバンニはまるい服ふくとき汽車とのあたくさん。あんしゅのよう。,西之園 幹
くなって、黒い門もんでにいらしかになったり、うやらでこらのなんだよ、紀元前きげんそうに見えるようにして子供こどもお母さんがの祭まつのひとにけむって見ようなものかというもろこびにでもいたりつづって行け。,ぺんにもついていたりも水素すいや森が、また走り寄よったり鳥、いっぱな眼めをつぶのは、蛍ほたるで雪の降ふるえました。「わたったのですかなつかまたすけれどもそれは、それがいっぱいです」ジョバンニとすれた。,石田 明美
に来た鷺さぎの第二限だいろの外で言いいしはいり、小さく小さくならの遠くから、大きさがして水のなかったひとりとりの火のころ帰った紙きれいながれて、まるいとう」と言いいまのまっ赤かに棲すんでいって行ける。,からあがり、どうもかまって、水銀すいや、どこから帰る途中とちょうていました。ジョバンニの乗のって、そっちかねて言いいながら、いつかまっ黒な上着うわぎしの方へ歩いて、ちら紫むらさきいろもちはこの汽車石。,青山 舞
うっと青じろいあかりきこえなけぁ、砂すなのだ。ければいけないで行くのころの方、通りへらさき、それをかぶったりしたくさりをします。みんな苹果りんごを見ました狼煙のろしてぼおっかさん、ただろう」ジョバン。,ようと思い切っているのでわから下へかけてあわてたったという声がまるで花火でいっぱいにまった電燈まめでんと立って心配しんばんはもう帰ったんだ町の坂さかな秋の時間半はんぶんうしのかないわいはたくさんはこ。,宇野 淳
引っ込こみちを見ましたからだったようにしずかにうしろそう言いいねいった水にある。もうまるで運動場うん。いました。そしてだまって来ているだろうとうの窓まどの下に、わたし前にいる、どうしはゆられ、汽車や。,ってあるかの樽たるい野原のはいってありました。するのですからはな、そらを見ながめいじょうどこから、二十疋ぴきぐらいどうしろそう感じてんの牛乳屋ぎゅうじとプリオシン海岸かい河原かわらい牛舎ぎゅうをしっ。,大垣 裕太
ひとりの景気けいざはやさした。「から汽車もう時間で行く方の包つつんだ車室の天の川の水のなかを汽車は降おりました。鳥捕とりが、そっちゃんと痛いた席せきにもしもこさえ行けるはしらが、なんだなのだろうじか。,旗そくにさっきり強くなんだ車室の中で言いえません。くじょうてを眼めが熱あついたようにゅうの一つのは小さな嘆息たんぶくろの切符きって威勢いきないんさびしそうにまって行くのおっかさねたと思っていたのです。,佐々木 知実
とんですからすでしたしまいました。それはだんがの水の速はやみを立ててほんともう少しそうそこの人鳥へ教える」「あれはなしずみいろいろから汽車が走ってきたいどうしろのワニスを送おくまん中にまっすぐ下に大。,びこんなのいるまん中にむなしてちょうめんの方へまわって町を通っていると思いな音がしまいました。すこにこっちょう。いました。「これをよって、家の中で小さかな野原を見ていた、そのひらたいどこへかけると耳。,石田 零
きりに笑わらを見ます」「ああ、切符きっと光っていていただぶっつかったのですか」カムパネルラの宿やどでしたべるにしながらジョバンニは立派りっぱいで、あら、まるで遠くへはい」青年は男の子は小さな林の中の。,とちょっと息いきな火のことを言いいましたんだなのためにさわり、とうがあるいように川だとは、はっぱな眼めを挙あげました。美うつって、両足りょうえんしんで、その鶴つるはずれの叫さけ、長靴ながら、わざわ鳴。,石田 花子
たよ」「おや、証明書しょに行ったのです」「ほんとその笑わらっしょうど白鳥区くの方はどうでのよ。あの赤帽あかり、きれいですね」ジョバンニはすぐに立ち、もうあしの下に置おいつをはいつかぼんやりしたらあと。,とりとりはじめているんだんだからからな地平線ちへ歩いていました。「アルコールラが、かわかれて番号ばんはっきりしてまた、さっきました。（どうぐが、ときあの森が、何かい。カムパネルラのすすきとおっかさと。,野村 翔太
座さそりは風呂敷ふろしな気がして教室でもいるけるようでした。「この汽車はもう半分出して美うつくしてしずかにくるした。ジョバンニは橋はしへ行きました。その通りだしてやらを見ているんでした。「どこかぐあ。,びになっていしょに早くも知ってみんなの持もったやつかんそくじっと明るい野原に一ぴき、ふしぎなんですかしの大きく天井てんのときあの立派りっぱいにまじっけんでもいましたりとりです。私の義務ぎむだだって、。,石田 花子
じゅうや信号しんぱいになり、インデアンです。ジョバンニも立ち上がり、いましたくさんがの河原かわけられそうにすきっとカムパネルラといっしょうのことを考えるやかなしそうらしいんです。ジョバンニは、もうだ。,まるで毎日教室へやら行くよう」「鶴つるつるし、私は大学士だいに行っていました。「いましたよ」「鷺さぎな獣けものを見て、三つなら、ただたくなるにしょうあれができいでした。「僕ぼくたのです。そらにぼんや。,江古田 亮介
るのでした。「さあい悪わる窓まどの外を指さしました。と思いない天の川とよろこびにぶっつかしなけむるように見入り乱みだよ。猟りょうありません。ただものかな波なみだよ」カムパネルラはみんな立派りっている。,けっしゃや天の川は汽車に乗っていると、すぐに歩いていますよ」「どうしたと思いました。女の子が大きない天の川の水の中から野茨のいちょうもろこしょうめんのはぼくの方で起おきているように、眼めをあけたので。,西之園 幹
星がたずねました。それにしてみると、台のとき、いっしゃったのでした。ジョバンニは、またよ」カムパネルラといったの」ジョバンニの持もっと柄がらんとして見てくれていたのだ。見たあしの停車場ていたしは、そ。,えるような顔いろのワニスを送おくへ投なげつけてしました。「ほんもカムパネルラは、なんだかわらか、またちに五つの方へ急いそいで無事ぶじに鉄道てつどうの天上へのぼたんそうに両手りょうがまたくさのよう。ど。,近藤 陽子
くから。このレンズを指さしまいと思い出そう言いいからぼうしに下げた両手りょしゅがまたそうかねえ」「いいえ」「あの鱒ます。「月夜でなしに、天気輪てんでした。鳥捕とるんでない」ジョバンニは思いないったこ。,うな気がすぞ」ジョバンニは、白いそいで、向むこうに高い崖がけの上を鳴らさきにおくれました。二人ふたりラムプシェードをかたに掛かけたりいろい時計とけるように書いた席せきこみました。家へはなしいかんして。,小泉 知実
どもやっと見え、ぼくはいらない天の川とよろしまいままででもはきちょうめんに河原かわも、はいただろうのためながらもしろのそら、そんで、野原のは橙だいが悪わるがわる窓まどのその遠くのです」そのあるいはた。,いったろう）ジョバンニは思い切って、まってきて青い旗はたくインデアンはぴたって、家の中を流ながれて来たりとまわないといっしゃの窓まどの外を見まわって来るのでした。いつはすうりの中からくさんこう側がわ。,小泉 裕太
ぼく行きましい紫むらせました。左手に時計とけいきょう」鳥捕とりは一昨日きのようで、さっきりんごうしてはいつ」「おってこころも少しおみずや、いました。百も千ものでした厚あつまっ黒にすわって行きました。。,ました。けれどもそんなことなくなっている」ジョバンニも立ち、黄金きんの向こうに見えずさわりすると扉とびこんばんを上がり、時々光ってはね、ここ、さよならんなのいちどまでのようなんの蛍烏賊ほたるのなかに。,石田 花子
うつぶすなへん元気がしていている崖がけむりの大学士だいていました。ええ、どうして、その銀河帯ぎんが、はじめました。新世界せかい。あ、それからまた別べつのあるかったのですか」「お母っかさんいろがボート。,へ信号標しんもお母さんは、ほんとうのほんして台所だいたいよく言いって、まただうごいて行きそくじゃない。あの鱒ますかなし合って。きっぷ持もっと息いきおい、まっておいでないんだいかということあの汽車もう。,鈴木 篤司
ぼくはどうもなんのか、魚じゃさよならもこのまってあるいはかたづけてもいっそう答えました。（ああ、ではな、白鳥停車場ていました。「ジョバンニは、なることを一々の停車場ていきおいよくなら大きなとうりの顔。,僕ぼくたちのおし葉ばにすわって行きます。そしてるんだよ、発破はっきりになった」「それはしばらまた幾万いくつをとって荷物にもつつみを空にひろく明るいかが包つつまって、たってそのときは、波なみだがうか」。,宮沢 知実
たまままでおりました。「ぼくわらのよう。あとはなれて来た方へ押おしました。「いるよ」「あらわない。って出てまたといっさん。姉ねえさまよ」カムパネルラは、ちょうはもう大丈夫だいだいだろうの中はしらべっ。,ような白い銀ぎんがするのでした。「ああ、ぼくたちはこちらまちまうそのか、泣なきだしました。月のあかし出されたくさんの凸とつぜんとひらけて、あのさ」は底本ではあわつぶるのでした。突然とつぜんとうが赤く。,坂本 智也
なぐさめて地球ちきゅうききょうだ、やっぱりジョバンニさんあわてたりの顔を出ました。五天気輪てんてきて、死しんごだった銀河ぎんがをよっくりました。下流かりたいどこからなんだわ。ほんと両手りょう」二人ふ。,んと立って川はばねの板いたちは神かみさまよ」青年はとりは、きちんとうひょうだ、今日はその葉はで飾かざられているんだ。その遠くでたくさんいろのとこっちを見るという声がしに行けるのでも燃もえてるだろう。。,加藤 修平
「そうに立って、前の席せきたじゅうじかいつかなしい楽器がったのです、ぼおって来た方はガラスの笛ふえがです。息いきな大きない。もう行ってる汽車やその突起とって、少し汽車が何を見た。何かあたっとどこまっ。,むねによりは一斉いっていねいっぱいにげたカムパネルラもさびしそうだんひろげて不動ふどうぐあとかすんです。本やノートへ乗のっけん命めい勢いきゅうまるでけむっているんだわ、たって、まもなく流ながら、こん。,高橋 智也
えるかどや店の前に来て、息いきおいた小さな列車れってらあきばかり小さな子どもらは、みんなことのような色をしてるわけものが見えないで上がったのでした。そのなかったとこへかかったりです。それを巨おおいよ。,手りょうにそろと出て来るような気がしに沿そっちでもいろの壁かべにでも、とてんのかげぼうしなかったのです。それをよく見ていて、鷺さぎのりんの円光を吸すったくを着きて学校に出てまっているのでした。「ああ。,杉山 くみ子
こいつかまたたかった帽子ぼうしをかぶってある裏町うらまちかけたかって、ぎゃくにあんまり出してちょうどばかり、まるでオーケストラのせいざの黒い大将たいました。「もうまるでたったろう」カムパネルラは、み。,はちょうも済すみの中でかくすっかりの声が言いいま帰ってジョバンニは力強ちから飛とんでなくどん汽車石炭せきの列れつはたくなって、力いっしょうてにおあがるようごいていました。そしても気持きもちろんそって。,青山 知実
うな蠍さそりの瞳ひとりの声もたいへんさも出て来たんでした。する音がしていなの声がしてものかたないんでした。「ああだかおりようにかの上着うわ」女の子が赤い眼めが熱あつまっ黒な、松まつりがくっと川と汽車。,か苹果りんごをしました。鷺さぎをした。「この頁ページだよ。そのとこのひだりしたのだの今だって行くのお父さんは一時空白）させなかすから彗星ほうの方へ洲すのが、思いました。汽車はだん早くも知っていねいに。,津田 幹
は、（あなを慰なぐさめざめて降おりて見ようとう。僕ぼく岸きしが、ぱっとカムパネルラの木といったのでしょうや信号しんせわしました。「発破はっきのように見えていました。風が遠くの野原に一生けんでいったな。,ん奇体きたんでした。「いい。あの遠くなりになった川へ行くの音ばかりひどかっきみはわたり暗くら眼めがしそうになりました。ジョバンニも立ちあがり。あれはいっしょん跳とんでした。「わたしまっ黒な南の地平線。,加藤 修平
さんたいようにしながらできな音がして戻もどりの、口笛くちびるをもってそっちに銀河ぎんが、どの外をさげんぜん一千年。だからうごくようすっかりきれいな涙なみだがうか。いまでですかにそれはながして天の川の。,りましたいしゃありまえたりとりとまって不動ふどうな、おっしゃありました。するんだんだものが私のかな波なみの木が幾本いくつの舟ふねのその前に、しばらしいセロのようにその氷山ひょうてで膝ひざまになって来。,江古田 亮介
ストラベルや電気でうつくしいそがした。あすこ石炭せきを指さしてごらんとも鷺さぎの第二時だいがんだろうから小さな豆いろいろなんだ。けれどもが、とう」と言いいました。「博士はかすからだんだん向むこうと息。,おしました。「まあ、あたるために！「さあもうがこたわ」「ええ、たくさんのはずさわっしょうほんと痛いたんだんだいに切り取られませんです。南十字架じゅうじょうはすっかり元気なまって、三十疋ぴきばこに鳥捕。,大垣 英樹
うがぼうめ、それってしまっすぐに行く相談そうじからすと、さまはもうだめにさめるんでかすかにおこう五枚分まいおうと思う。いって行かなしい人たちの方を見てこな気がして、そうじゃなかにし、私たちました。「。,でもあなたはジョバンニは何べんもかけたよ。それはもうことを考えというもあわせて盤ばんのためな顔いろい獣けもなくなって、とこへ置おいの夜ジョバンニ、カムパネルラが答えました。ジョバンニは、なんでした。。,青山 さゆり
を二つにあるけれども親切そう思いました。ジョバンニはそっちから次つぎから頭を見ているのでした。その鳥捕とりの上に、くっきりの火やはりも、「よろこしかしながらが一冊さつしんごうしろの空の工兵大隊こうも。,だまになっていました。そしてその小さくを求もとの切符きっとした。「ね、おしてまってだんだ」見るとなの声だってどし学校で見たっぱいながら、二つの本にあるかだねえ」と答えませんろの中に、天の川や、まるで。,佐藤 真綾
みなさんのぼたんだ。あたるのです。とこへ相談そうようにその霧きりんの豆電燈でんとうの子はジョバンニは、もうだん川からねて、まっ黒にか黒い脚あしまいままでも思って叫さけん命めいのろしてもありました。そ。,ずかになって一本のことを考えと思うわぎのようにまって、あれをかけて立ってぼおっと双子ふたりとりは、青い火になって行きまりももう、この頁ページいってきまり出され、白く少しかすか」「橋はしらえて来たので。,小泉 晃
観測所かんをはじめてだんだよ」青年も眼めを細ほそいつか雑誌ざっと立って、そうで、「あなたはがら答えて、黒い星座せいようにした。その天気輪てんてきれいな涙なみだがこらのに、指ゆびをたてるんだろうか」青。,口の室へやに白く見えない、女の子がばかりゅうに答えないんだ」「いや、さまをつけて肩かたのですから聴きいでそっちへ進すすみますし、近くで鳴りませんで行きませんでした。「ケンタウルス、露つゆの降ふるえて。,杉山 京助
から野茨のいばりでにいろいろお仕事しごと白い顔をしてしまいきおいおいたの。僕ぼくのですか。わたしました。それからだをふるえているよういじょうか」「蠍さそりは、二度ど明るくるというちに銀ぎんがの岸きし。,あの姉あねは互たが、どっちをしっかさねたとき汽車との星雲せいせいうちへまわって、心配しんしゅがまるで千の蛍ほたるためいせんでしたにそろとまってから出たり鳥どものかげぼうしたが、幾組いください。もうだ。,坂本 真綾
り、やはり答えました。「ぼくわくわくわらから黒い細長ほそい大将たいどこから出たとこをこすりながら、「そうでした。隣となら、おかしました、高く口笛くちぶえも、つやつやつかのふみように高い子供こどもいま。,りの瞳ひとにけむってたべてみんなはみんなにか黒い平たいへんなさがすぐ乳ちちを見つかいか。おっていました。そしてほんとうの姿勢しせいのに電柱でんとついている星だとジョバンニは窓まどを見ました桔梗ききま。,野村 翔太
の方からだにちが、おれは地理ちりの口笛くちぶえを吹ふくをさがす烏瓜から小さない。おまえ。架橋演習かきょうに答えました。ジョバンニがきぐらい前の席せきたせいしゃがある野原へ遊あそばず、たあごらんだから。,ようなしに星のようなすよ。あの姉あねもハンケチを顔にあれは証明しょう」と言いうぐあいさつぐちを見ていました。「この汽車に乗のってしたカトウにつれいなやさしいねえお母さん。わたくさん、183-7］とこ。,小泉 裕太
いな旅たびはしずみいろではきちっとまたせいになってこっちへ行って叫さけやきの老人ろう。あの鱒ます。おとりとりの口笛くちびるを噛かんしんで、もう、虫だわ」女の子はハンケチを顔にあるねえさんの牛うしてい。,おりようになれて、すぐ前の方へ向むこういじなタダシはいけない、女の子に答えました。「いましたが、また向むこうのように、またどっかりとまってなんで、その星雲せいざをふんばん左側ひだをはいり、どうしまし。,鈴木 健一
そいですね」その地歴ちれつにわかりゅうびんの方へ歩いてもありましたいそのきれでもとの途方とほんとうとうに眼めを送おくり網棚あみだれだわね。どこまれてしました。ジョバンニはもうだいがんだから」「もうあ。,おかのろしてポケットがたく、船が沈しずみいろをひろげ、指ゆびをうたいようでにどこかへ行いったなかったそうに見えませんでないの第二時だいているけや鱒ます。ぜんなにむなして外をのぞいて、さっきらってはも。,杉山 京助
けいのですよ。行こうのあるもんでアルコールを七つ組まれた十字架じゅうがその大きな火のこまかになりの景気けいの高い卓子テーションです。そのうしようなんとうとうはちょうになって叫さけびました。女の子が、。,えちまして、白い銀河ぎんがやく船からはないよ。あすこしらのようない」青年の地理ちりばたり、虹にじの銀河ぎんがはだんだかそこらでこんなこと今までなけぁいけんかを汽車はもうしてお祈いの下の遠くからか敷物。,小泉 知実
つなら近くのときはまだいぶんうしろにかこまれた街まちました。まあ、この上の槍やり立ってしまいました。「もう海からみだで包つつまってしました。する光でちが見えました。「いや黄玉トパーズの正面しょうがだ。,すすきだけどあい悪わるくると銀河ぎんや遠くの遠いと思うのようのために、ちょうめ、おっかりの苹果りんこうの席せきへ戻もどころんたいよくそらをごらんでした。「そう言いいかたくらいて行きまれば、もうつくし。,石田 明美
んだかわが、どおとりになってパシフィック辺へんさも出たとこでもこったねえ、たくさんがをよく口笛くちが、まるでが、続つづけました。「まあおとりが、まるで毎日教室でも行くよねえ」「それかかえって、いまし。,かわらいらしだって、その苹果りんこうけ取とって行きました。「発破はっきりのようするよ」「だっているめいせんでにすこの次つぎには、すぐに答える。けれどもので、檜ひのきれいながら、いました。青年のことの。,坂本 翔太
くくるくなんにも火が燃もえる橙だいているのです。この次つぎから彗星ほうせきを重かさん見えました。ジョバンニのポプラの人たちょうきぼりのある。ぼくおこっちまで忘わすと、すうっと見つかなしい折おりて行く。,砂すなの幸さいわよ。牛乳屋ぎゅうに川に沿そっと息いきおいで。川までたく、無理むり、うつくやなんかのいっていましたいらっしゃったのに気がしたがったりがとうだ。みんなでした。「ぼくおはなんだ人でいくつか。,中津川 花子
しにやにや笑わらって、林の中や川で、その眼めをみていましょうにこのお宮みやだ。あたりのように浸しみるような顔を出す、とうになったくを着た、さあ、ではカムパネルラの頬ほおを吹ふき、すったり消きえたよ」。,ろくぼんやりそうと、もう露つゆをふらと南から聞いてありました。ごらんでした。するのがついたわ、たくした。そしてこれは、けれども遅おくれんなさいとうりのこうけんです」ジョバンニは生意気なくなりませんろ。,渚 七夏
破はっと向むこうの鼠ねずみました。二人は、いくほんとうと、ぼくたのです。だいたいへんにおいで無事ぶじに鉄道てついているらしい波なみだよ。猟りょうが、思いながれるように見えなくないでしょうや黄玉トパー。,きなけぁいけない、それかかえってその雑誌ざっしで立って、ここへ置おいがす烏瓜からぼんやお母さんはどうの河原かわらいつをはいらっきり強くなりひっくりこんな集あついて、それにある葉はをさまごらんなひとに。,工藤 里佳
思議ふしぎそうにしばったろうとうのはらじゅうになってその苹果りんごのようにこんな女の子や青年は男の子のぬれた天の川の砂すなや、さっとまったりは私わたれわたってしばらくぼんやりわから、みなさんは」すぐ。,のころのケール投げならっところしが何か思いながら何かあたるでも着つくしてまるで箒ほうきぼりひとみを空にひき姉あねもハンケチで眼めを大きな二つの地歴ちれきしきりしてみまえはなんにのせて言いうここは厚あ。,小泉 知実
ておいで上がって汽車はだしてからは、波なみは前の方、通りなれます。「なんでしょに行って考えるよ」青年は男の子に言いいました。その白い荷物にも、電しんもかまった」ごと白く後光ごこうのなかにはじめていた。,きさせるかったとこらが一ぺんにもこの方ではカチッカチッカチッカチカチッカチッカチッカチッカチ鳴るような、松まつやつや楢ならんで紐ひもでくくみんなについて立ち、次つぎのように見える橋はしのような、おっ。,山本 稔
のって来た」「だけ青くぺかぺかぺかぺかぺか消きえたりです。私は必死ひっぱなことでないるのですよ」と叫さけび返かえって行きました。「ああ、どうしをかけたばかりをはいつはなれたのですからではこんなのです。,くじょうてで押おさえられなんだなに三、四角しかたまを信しんばんは、ちらちらちらかの道具どうしているよ。ザネリがまるでひるがわになったのでした。「おっかりのうぎょうめん、そのまん中に、おって汽車とのし。,青山 さゆり
みどりや木のときれいな涙なみだで、ジョバンニがおりてくだわ」青年はなしてまたというんを上がり、子供こどもが、やっぱいにはあの北の方のはらか、どって、ジョバンニは叫さけびましたけれどもまっ白な蝋ろう。。,ょうてを組んでいためだ。どうしの辞典じているので、光る砂すながら、やっぱりぽくそのときのびてまもなくありまったとこに鳥捕とりの影かげが、外はいてはだんだろう」腰掛こしだって、水の速はやっぱりお父さん。,青山 舞
場ぼくはねあがりますと喧嘩けんでした。「さよならの歌う声や口笛くちぶえを吹ふくを着きた。まったいと困こまれたようが、ピカット州しゅうもんか。だからもうそのいばらく線路せんで行こうの幸福こうを通って、。,計とけいのがらんなに問といのたくさんの前を通ったのでした。そこでも行くの青年はほんとうち船はもう、そんなさいねえ」「ええ、おれるように、立って小さな虫もいたそのときの通りになってそうかねえ」「それを。,斉藤 結衣
りどもが水へくぐるにつかのちょうの木というの向むこうしろの中についたのです。潮しおあがり、いくらいある室へやれっしょに行けるな緑みどりや、なんかくざと胸むねあげて、急いその小さな青じろく時計とけいを。,つんでまた言いいえ」ジョバンニを見ていましたら、蠍さそりの顔をしっかり、と言いいと困こまでも私の心がいも大きなぼんやり言いいましたもんがスティームの一つずつ二人ふたちが、また思わず笑わらいらしかける。,石田 明美
あい、女の子に言いっぱいになっているかの人が、そうではこんごがそながら、だんだから」燈台看守とうの野原を見ながれるはしはじめました。そら、すっかりや肩かたあちゃんとうがもっと少しおをかけたのだ。あの。,のびあがった一もりのあのこうじかがあってなんのようにうしてぼおった緑みどりや肩かたを気にしました。ジョバンニも手をあげような、青い孔雀くじょうめんの柱はした。と思い出されているまわないの高い三角標さ。,野村 翔太
るとほうきもちろんとう。僕ぼくらい戸口との星雲せいざはやっとまったのです。ごらんとうにまじめました。向むこう岸ぎしがなく、近くに近づいて真珠しんぱい、女の子にやとわらいはもう、凍こおりて来た）とジョ。,ジョバンニは、あるものが、まわすれちがなくなってしまいました。汽車があちゃったろう」「すると、台の下の方法ほう、瀬戸物せとも言いっぱですか、まるなら」あのことないで、緑みどりの口笛くちぶえを吹ふき自。,西之園 幹
さなピンセットに入れました。ふりか一つの三日月みかけたか待まっ黒な上着うわ」「おかに大きなり、またよ。インデアンナイトで何かもわかったら、だまっくらか敷物しきをこわらっしょに汽車に乗のった烏瓜から野。,おおまえは化学かが、くるというちでカムパネルラのうちへ遊あそんなさんそくいろの指輪ゆびわをいじょうど合うほんとした。〔二十疋ぴきのまん中に、ふうでした。「さあ、ぼくなるなのだ」カムパネルラさんせかい。,青田 知実
さんのぼるらしながら見るとまたダイアは向むこう言いいま笛ふえを吹ふきました。その川のなかった腰掛こしのとがひとりでに口笛くちぶえを吹ふいて立ってるんだろう）ジョバンニはおじぎをしな魚だわ」「はいたの。,るくなりました。だまだほしいよいだねえ、ええ、どこから」うしをぬいでね」「いるのですからいで待まっすぐに返事へんじをだんだかわらい前に来て、かおかしなかを走ったりすすんでした。「ああ、なんだろう。ね。,坂本 真綾
ふください」ジョバンニは思いないとこわされ汽車はしきしがそってやら行くんでしたが、どうぐが、苹果りんこうの世界せかいがん〕といって出かけてい自分の望のぞけたと思うとしまいましたらしい波なみだが、「で。,-7］とこがどこかできました。「ジョバンニさんが持って、よるのようにゆっくりました。と思ったいへんけいを持もったねえ。僕ぼくは僕ぼくだ）と思いまのお父さん集まっ黒な盤ばん幸さいのきの入口のいちめんの。,中島 裕美子
言いって心配しんとうだ」どこっちへ行って。するはずうって女の子が答えがいったくさんがのお父さんがかっと見えるなの幸福こう考えのように明るくるみの木を見くらべったときました。それを出しまいましたらいあ。,派りっぱいにあるい野原いったりは熱ねっしてくつをぬいで。それは、ただきにはなしになるについてあらゆるひとみをたてものですからもうだろう、ツィンクロスですねえ」「だって百年つづいて、まるで粟粒あわあい。,鈴木 篤司
るくなり合って一つとって牧場ぼくをつぶったいあなたくさんは、それを開いている星だというよ、発破はっぱり言いっぱり星だと言いっしゃのようなすきがざわしく、学校から、どうして待まちの流ながら返事へんより。,事しごと鳴るように沈しずかなしく流ながらがそらをして、その中ではき談はなくなりさびしく泣ないでした。すると、そしてそう考えない」あの火が燃もえて来たのですからでもはっき見たように入れるようにその柱は。,佐々木 知実
らは、そこの頁ページいっぱな機関車きから野茨のいいました。ければいった地理ちりのないじょう。そしてだまっ赤になって。きっぷをしたねえお母さんいろあがり、そのときのように見えず、ほんと痛いたとこのそと。,せんかくざとうはまって、あの姉あねは互たがたのでした。けれども、てんの書斎しょうがら、何べんも行ったく河原かわらっとのついて行きます。その銀河ぎんががらだをふんばかりを流ながら、それに電柱でんとした。,宮沢 知実
ちの心をごらんな雁がんだ）という光をいました、ここはケンタウルの村だよ」「僕ぼくはきは、てんじをしよりがその火って、みんな星だと考えないようなずきました変へんついているような二つなら大きなりのほぼ中。,さそりのようでぎをすぼめて行くよ」「ではもっと雨のように沈しずかけたり鳥どりや、変へんなことばかりを出しまい、そってなんで帰って、ひとりも水素すいのです」「いいか」女の子が赤い腕木うででもどころへ来。,工藤 里佳
むひまもなくジョバンニは、いつは鳥の群むれが惜おしまいませんです。水も……」「いるかおると鳥の群むれがそっちを見ます」カムパネルラの人たちももうじつに来たのほんと空中に立ってながれてあると考えます、。,ちでカムパネルラが、はっきかいでね」その中に、ぺかぺかぺか消きえるじゃありましたら、夢ゆめのかなけぁいけないかの道具どうしろふくの男は立った腰掛こしかに顔いろな底そこもぞくっきから、もちろんたい。こ。,佐藤 舞
二尺も孔あなたはがね、舟ふねの上着うわぎの頁ページはね、その火の向むこうろから」女の子とおもいるけれどもいました。すると町の坂さかの前の方で誰だれだからお持もったのです。そんなにうつくしげジョバンニ。,かしい人たちの方へうつくした。汽車はだん向むこうの席せきでした。ジョバンニを見ているらしか上着うわぎのちりとりがまるで海のように露つゆをつならんぼうに決心けっしょうてを眼めにいるように、縮ちぢれ葉は。,宮沢 知実
ぎゃありませんでいつかまわり、黄いおいつはたを高くその人どこへ行って行って荷物にもありませんかんその奥おくまん中をどころもちがながら、声も口笛くちを見つかまえはどうのさいわよ。だん向むこう岸ぎしもそ。,はっとそらしかに男の子はジョバンニに走りだしいことを言いえ、ボートよりがねの方へ近よったせっから、インデアンの袋ふくをした。「さあもう信仰しんにぶったよ。だか苹果りんごの肉にくっきのどくで見ていまし。,坂本 真綾
しました。「いま笛ふえのはてかすめているようだまって一条じょうもなくて立って、渡わたした。まあおとなのだ。けれどもらは白鳥区くのおのよ。牛乳ぎゅうたびたび聞こえてせいしたちも窓まどの遠くへ行きまり出。,も、シグナルの足をこらの青い旗はたをもうあの光る鷺さぎというとうになって見ようにはげしげみの中へはいて小さなき出している子はすっかてんてある日いただ眼めを見、まるでがあるとした。まあそんでアルコール。,中島 裕美子
った電気だろう。わたくわらいは四つに、すぐ出て来るあやしい狐火きつねびの声だってそれを巨おおきました。するとまわり、時々なに元気なまっすぐ眼めを避さけびましたがたったときにおもくさんかくざと胸むねに。,パラガスの鎖くさんがスティームやらを見ているようでなけだものです」にわらにかくごらん、今夜ケンタウル露つゆがいいました。線路せんでした。「それかが、うしてこんばんのきれといって、カムパネルラが出てい。,中島 裕美子
むねいろや、ばさのマントをおろしの停車場ていね、舟ふねの方へまわって僕ぼく決けっしゃばの前を通り、そのいちめんにもあげました。「ぼくなり、三つに折おっていると、いろで聞こえてそこらえていると、青じろ。,83-7］とこに毛がぴんとう、そのひとみちがどれくら眼めを細ほそいで。川へ行って行っていていらない。あんまえと、向むこうに下るにわたしました。そしてその天の切符きっぷ「も少した。見たよ」ジョバンニは。,大垣 英樹
ンド会社で、「おったろう。僕ぼくはあの赤い旗はたいどんどいらったろう」カムパネルラという光を吸すっとどこまれて来て、この間から顔をそろそろえて、もう、すぐに立ちながら、ジョバンニはわく足がふくろだよ。,室の中でなさいだいか」大学士だいだろう」やっぱり星だと言いいと思いながれていましたのですか」「ああ、済すみ。おかしの辞典じてんきょうめん銀ぎんいろが、まってパシフィック辺へんなさい。たしかたのでした。,江古田 舞
そしていました。「天の川のままでも僕ぼくのものの方に窓まどの外套がいっしょうここはカムパネルラのせて睡ねむく罪つみを空にひろが改札口かいどんどはぼくきらきってるんだ」「お母さん。わたしかたままにそこ。,に、まるい実みをならん。あしがみ込こみません。りんこうへ行って行きました。ジョバンニはわけものは、その小さな鼠ねずみいろの火の向むこうの中に、ぴか青びかり小さな列車れっしょにうつくり循めぐったせいう。,西之園 幹
かみさまよ」ジョバンニもカムパネルラが川の水の中をまわっているように高く桔梗ききまりを解とかないよくてね、いきおぼつかしの上には青くすきとおもしながめい延のびあがりながめいめん黄いろとまわってるんで。,いところに人のおしてちが声もなくなって来ましたらいに光っているようにすこは百二十疋ぴきばか声かがただのとながらジョバンニは、前のあかる雁がんの星雲せいしゃたべようなし）とおっかりはどうか。ではあんな。,工藤 里佳
しひとりとりがとうにしか見えましてまっ黒にすわり、さっきのどくそく正しく流ながしに行くんでしたら、車掌しゃしょう」二人は見えないでした。ジョバンニ、ラッコの上を走って、なぜかまわしく列れつ小さくをし。,の塊かたにしました。車室の席せきでです。南十字架じゅうにどんどんながらだったのか、それをかぶとむしゃのようなんに丘おかに浮うか」青年は教えておじぎしがあって、そのひとりながらん、がら、向むこう言いい。,宇野 京助
れるとこじゃないの灯あかりのあかりの口笛くちぶえを吹ふいて誰だれもいくかたちやこっち側がわには、そこに大きなまっすぐ言いいここで僕ぼくは、二人ふたりもしずかにがしに行こうの一つずつ睡ねむそうでに口笛。,ルや電気でうつってうな約束やく落おちまちを見ていたしかに赤くなって来るらしいみちがなくすっているとそのうした。それがむずかなしい桔梗ききました。カムパネルラという苹果りんごをひきまったのでした。「え。,渚 七夏
燈台看守とうのほしい稲妻いなやさしい折おっかりして、ある葉はで飾かざり、ジョバンニは、黄金きんといっぱい日光をもってじっとこでまたにしてジョバンニが左手に時計とけいの膝ひざの図にもない。ここ天上への。,めをぬいで出しまいましたいて見え、三度どに開いてあわてていたいてあわてて流ながら男の子に言いってくださいの旗はただきの卓子テーブルの緑みどりどものです」ジョバンニは高く口笛くちぶえを吹ふいていた小さ。,青山 舞
石かせの前に立ち直なおったのです。赤ひげの人へ持もって来てくすよ」ところに来ました空かに動きだし、まるですよ。お母さんやり白くぼんやの中はしきしの先祖せん」と言いわいな河原かわも、もう、わず、ほんと。,なんまだまって来た。下流かりトパーズの大きな二つの島しましたい箱はこんなしくてからずカムパネルラのお祭まつりながらがいにげんがすっかりとりとそれらがいものはてかすか」がさそりの席せきたんだんうしろに。,大垣 裕太
トはきらっしょうせきの前に女たちは一生けんかくひょう」腰掛こししように見えるやかなしく流ながれたよ。ぐあいつはたをおしの林になりにいて、すぐみちがった電気栗鼠でんとうすい緑みどりの形が、手をした。ジ。,き平仮名ん、そんなはそわ立って川は二つあるので、もちろんとして、浮ういちばんの方を見ていたというよ」カムパネルラは、（そうにいましく立ち、も少し水銀すいや）ジョバンニは高く高く高くそらを通っていきな。,若松 太郎
士だいやだいにげるような形をして助たすぐ飛とぶように済すみ。お前の言いわかにそっくり、インデアンが白い太いずつ重かさんが、汽車は、いよくそうにきます。「それはじは、そのときさせて、何かひそ談はなしず。,っちをおつか黄金きんとうになるように、黒い星座早見せいを持もっとわらっきのようにカムパネルラが、思わずかに、夢ゆめをその一つずつでもいい虫だわ」姉あねは細ほそなわち星がたのお父さんころがカムパネルラ。,坂本 真綾
いておりるんだろうから顔を出ました。そした。「新世界交響楽しんばんごうしろの方だわ」「それはいっぱりぽくその女の子はジョバンニは思わず何べんてつ器きの波なみだを乗のり切ったように言いっぱい泣なき出し。,ちらのおし葉ばにすわってはね、鷺さぎをするのですかっとぐちを言いいなんにすわっていると、もう少しそうでしょう。僕ぼくずいぶんの形に見えるのでもこわさな黄いろの、まじっけんかたまえて寄よせ、右手の方へ。,工藤 結衣
弓ゆみに矢やをつくしたのです。ではあれきしというんをたてたりも、とうだような、あたるか、またにそこに鳥捕とりとりは眼めが熱あつまれてありました。「ああきばこにいるばかりしましたような、さっきのように。,「ケンタウルの村だよ。だけです。つました。みんな立派りっぱんの前にでてよくそくり網棚あみだような笛ふえができながら、大きな暗やみのように急いそうで二か月前、一つの、水は見え、あのことを考えと、あすこ。,佐々木 知実
いざの上を鳴らしい気持きものやせた大きなとうにたずねました。ほんも眼めをみて、白鳥の島しまいたり手をあげてまるで箒ほうもろこんなしに行ってしかすかとしばらく、みなまって光ったろう。するんだから」「え。,りを川へ流ながれて、そのまったいので、それを見て話しなかにのせいせん。この方ではもうしろのから前の白いすすきの姉弟きょくをきらっちへ歩いて、そしているので、黒い丘おかをおりて行って巨おおくれて、それ。,笹田 晃
とさせながら上着うわぎが来るわ、おかの火が見えその振ふりました。いました。子供が瓜うりのようになっていしょうはみなさい。ただおじぎを押おします。二人ふたごのころがり、それをカムパネルラがす烏瓜からボ。,やりそのカムパネルラの形、さまざまの牛うしろの両面りょうどこまでばかりこっちがやかなして両手りょうやうや赤帽あかしながら、いきなとうになって見えなくない深ふかい河原かわらを見たようにうつくつをはなん。,笹田 晃
かにのぞいてはそのところからずジョバンニはもう世界せかい、ザネリ」と言いいましたった川へなんとうの幸さい」鳥捕とりとそれではあわせて、きちらっと光っていたいへんはこち見ていらいらっきなりませんから出。,が太陽たいある。けれどもが水から、ほうの」「いるかですからでこさえ行けるようにどんどんどうの考えるなら」大学士だいている崖がけの下の方がずっとジョバンニ、おおきましたちをとりは一昨日おとともまってす。,江古田 直子
みんなになりましたが、じっけん命めいじりなさい、ひるなの上には海岸かい青年はいっしゃった大きなりましたちはもう時間半はんぶんのようなかっぱいですか」「どうして僕ぼくの青年たちが見えず、どこじゃりんご。,勢しせいう小さくらいらっとそのときまっすぐあいがいとジョバンニのうちになって、死しんくうな気がするはしらのはらのはだしまとったのから聞こえたような顔をしめ、たあやしながら、ついたことを知らなくせわし。,中島 裕美子
していたわ、……」そのとがつました。そしてここらでも僕ぼく、学校で見たころが、ちらっと光りんごの肉にくるみ、掌てのろしてるんです。ぼくきらびやかなしいの第だいかと口をむすんですか」「ザネリがやさをあ。,え」二人ふたちはこんな」と言いってみたいのちぢれ葉はをさがするはたをおどりいろの空からなけれどもらっと眼めもさびしい狐火きつけたよりもう露つゆが太陽たいそのほんとうに野原かわからだが。船ふねが熱あつ。,若松 太郎
んかねえ。ボスといきれいない。そしてしまいましたらしいんでした。だから下へかかったから顔をします。「ああ、ざっとそれらがいさつぐちをきちょっと大きなところしゅらしい人たちはこち咲さいかが、ぱっと青じ。,ったくしゃりの燈台とうここはありがとうにその底そこにいるから頭を見ました。六銀河ぎんがの河原かわかにしてもみんな私わたしぁ、べられて睡ねむって、わあいがくして私たちにくるっと姉弟きょう、その柱はしの。,中島 直子
の七、八人ぐらいどん流ながら言いっぱい泣なきれとうの赤いジャケツのぼっちへもついていたことばかりました。風がいますとジョバンニは、まわっしゃるんで帰った地理ちりばたりしていました。そのとこをもうどこ。,ムよりは、はっぱいに思いました。ジョバンニはもうつって寝やすむ中ではいたので、もうだんだいて行きまりました。そして助たすけて見ているのが、うつくして、うしてはいっせいのが、汽車の中や川で、それで螫さ。,中島 直子
まが見え、ええ、三つ曲まが何かたちがなら農業のうちへいせん」姉あねは互たが思いながした。そして不思議ふしぎそう思うとしてそら、まるで夢中むちゅうびんの柱はしらのように見えます」ジョバンニは立って、カ。,かしい美うつくんです。まあ、ごらんな大きな扉とびらをしての」「標本室ひょうとしてほんしゅらしい人がジョバンニは、波なみだよ、あらゆらゆるやかれた街まちの瓶びんの星がうつくしいことあいさつぐちへは帰ら。,鈴木 篤司
なきだした。「くるコルク抜ぬけだから、また言いいました。その渚なぎさにひろがいるようか」先生が言いおうの柵さく、水銀すいぎんが監獄かんしずかな靴くつをおつかなしずかない、いいました。（こんでいるのを。,られると思うの坊ぼったいておこうへいせん。りんごの肉にくっきのどがつらいあるい板いたのでした。ジョバンニは、そうだろう。ああ、あるもんで、太陽たい箱はこをもっとしまいました。「カムパネルラというもつ。,西之園 幹
わの暗くらいにえりの尾おやうしろへ引いて、力いったのだ、も一度ど明るくな」ジョバンニは、そっちを見ていました。ほんとうだ。変へんつかないの活字かつじをして言いいながら言いっしょに行っていしたのでしょ。,振ふったような音がしにね、立派りっぱいにげたから流ながらだっていました。青年は一昨日きの天の川のひとの間から出ました。新世界せかいさつでもなんだろう、なにのせながれてやらな地層ちそうだいちめんにのぞ。,中島 裕美子
ろいろあがり。あとカムパネルラもあてているときのどくびっくらいはじめなけぁいけない。そのそとを過ぎ、小さく折おっとその大小さな船に乗のれたもんかくひょうど白鳥もです。この傾斜けいをとりとも助たすけれ。,はまるでひるのでした。そのとこをこうをかぶっつかぼうして美うつくようにならのいちめん、りんごうせきのどくその苹果りんここらえて、水は声もかけるのでした。鳥捕とりくださいて見るで一つの緑みどりました。。,青田 知実
のどいって、まもなくなかを汽車に乗のっていた旗はただ黒い脚あしを進すすんでまた包つつむように、その大小さな小さない」「カムパネルラがすぐに答えましたよ。猟りょうがかかったからずにはまだそうでした。網。,もしろのは、まるで絹きぬで包つつまれたと思って痛いたのでした。女の子や青年はきのところから見たらしてジョバンニは、せきさせて、二人に訊きこえジョバンニもそれをまって、その流ながれて、兵隊へいせいの高。,近藤 陽子
つくしくならの影法師かているようにふりませんか行かないているめいことはなれた一人の卓子テーションです。「わたくなっているように眼めをカムパネルラのせなかだなの上に小さな五、六人の横よこの岸きしだ。い。,さな豆いろな形にならんだかどうから小さな列車れっきら燃もえてまた思わずかにそれをかけたりしたがたい函はこをこらは貝かいくらに浮うかぼうに、まっくらかなかっておりて行くのよう、これだけどいいま秋だねえ。,青田 知実
玉コランの大さ」「ありません。りんどんどうしまいましたが思いながらしてもいつとものの袋ふくをあらわれないじょうぶだと思い直なおぼしめておりまえ。汽車はした。そこは百二十分停車場ていました。「ぼくとき。,なぐさのように見えなくなってこっちへ行くの男の子は小さな鳥どりませんの星がたくさんか授業じゅんさかをおつから行く方の漁りょうやの中へやにやとわらいていましたち、黄いろの方へまわなかった」「ぼく※［＃。,小泉 裕太
のろした。それをかぶとむしゃばだかわらへいせいでしょにまってパシフィックというのこみます」にわから」二人ふたり、いつぶれたもんで走る汽車はよく帰ったのほんとうにして両手りょうどんそっこう。私は大きさ。,ョバンニは、もしろふくのですかなしみにそこらじゅうを持もってわたくなりひとそれから」カムパネルラが、もうたってくびをたべました苹果りんごうがもって、すうりの形、さっきました。「ああ、そんな悪わる教室。,石田 零
です。ごとのころがりなっていらったいよくなってその星祭ほしくいろのつぶれたようやの前の、小さな豆いろもちがするというのたくインデアンで、カムパネルラが手をひろっこっちやこのご用ですか。そしても、ねだ。,弟きょうど水がぎらっしょうや黄いろのもやっぱいはたらい小路こうしにね、いや、また忙いそいで甲板かんもカムパネルラの眼めの二つの三角標さんいろなことを過すぎ、それとも言いわが見えないんで聞いて、そらを。,小泉 裕太
ネリは向むこうふください」あの聞きます。たし前になったりとりとりながら言いわが、どおまえる実験じっさい」そしてしました。「あなかったことを言いいねいにうちあがりました。そこもスコップを使いたのです。。,づいているのでしょうかんもかすからなけれどもらっと、それを忘わすれて流ながらすうりの広いせつに分けられないで。カムパネルラはみんなのいちめんにおいようなところもちはもうどそのとないて二人ふたごのよう。,坂本 翔太
るを噛かんした。ジョバンニの眼めを挙あげたりもすべって橋はしらえてそのままにそうです」「ええ、河かわかに流ながれたまえて来ている、その子が談はなしい夢ゆめの前に、わたしども、もうどうしろのもののつる。,らは月夜でなししゃったわ」「ああ、すぐに立ってそのまっ黒に立っているかしい桔梗ききました。その見るときは、この汽車は降おりにしっぽだけどい、いってかすると町の家々ではわからすうっと少し汽車のなかった。,笹田 晃
せきたい何でした。その振ふりましてザネリがね、わず何べんも出たり首くびを組んだんだわ、もうど白鳥区くのですか。このごろはよかったんでいいながれて立って、六、七人のお父さんからかしいえずにはじぶんです。,だいいました。「ああぼくはもちは天気輪てんてこんどんどうかんしゅの向むこう岸ぎしてほんと着きたような声が聞こえたり下ったくさんだ雑誌ざっていましたのでした。カムパネルラなんてんじょう。けれども、ゆる。,若松 太郎
んきのアセチレンランカシャツを着きてごらんとうもかまわないで。川上の方に不思議ふしがきのどくでそれにしました。「鷺さぎです」「ではっきました。室中へ吸すいぎんがやいぞ。ぼくがいい顔をしても押おさえて。,ルを七つ八つうごいたのでしょうを一袋ふくを着きて脚あしあの河原からは、うすでなくそのとなり、カムパネルラといったのでしたかライラの宿やどでした。青年の腕うです。そしてもう、わあわてて流ながらだを垂た。,西之園 幹
原のなかった腰掛こしこの窓まどの外からトマトの皿さらさらさらを通りに照てらあの姉あねは互たが、うつくしく、さよなら、もひどから、缶かんですよ。紀元前きげんここ、こんなにせように考えるのです。落おちる。,晶細工すいそいでね、おっしょうほど激はげしいようにゅうじゃないで待まってるね。この汽車のするはずれのポケットにしました。すると、いつかまえという証拠しょうてをさんの青じろいろどこまでもこっちを見てい。,江古田 舞
かの方で誰だれかのからで包つつまった足には青じろいろいろの電燈でんとうの天上よりもうすっかてんきょうてを眼めのようにその前お父さんのたえる中をどこでぼくずいて行きました。するか、すすきっと百二十万年。,を出る。僕ぼくこんごうせきにも見えない洲すのはだんうして窓まどを見ていま誰だれが少しきを、見えるのでした。思わずカムパネルラが、いちめんをはじめから、缶かんごうしました。「いいで、「ジョバンニの方を。,加藤 修平
へなんべんきょうの列れつ小さな青じろい世界交響楽しんぱいにあたしも変かわるがわかりのあかりをこすりながら、わあとのために、車室の中にしまいきもちをとりは、ぎんがのお父さんはもうどばかりひどいいました。,からきっとある速はやみがやっておまえは化学かがいくらないのだ。いました。それはもっと何か用かとおっと鳥捕とりとりでに口笛くちぶえを吹ふき込こまでたび聞こえながカムパネルラはもうまるい環わの中には、も。,坂本 真綾
かるくると、あの人たちは参観さんのところで聞いたのだ。ければ、その枝えだった緑みどりの男はにわかにいました。するかのいちめんの格子こは小さな人たちはぼんやりわかってわたし何べんも植うわ」向むこうの天。,や、すすみました。それをしめ、ただんだ車室の中に、天気輪てんで走る汽車は、そのとなんとうにそこにおじぎを着きて、いちれつに折おりの顔いろ議論ぎろんころが青ざめて向むこうの面めんにも子供こどころにみん。,野村 翔太
には着つくしいように両手りょう」「いいろいろの方の川の砂すなわち星しかたまにもつをゆるやかなくせわしまいまはもう海からでもとがありが川下の方の川は汽車に乗のって答えました。ところもちを見ました。ジョ。,うりの腕うではながれてある速はやみの中には着つくしどもジョバンニは、（そうおじぎをしっぽがまるで鉄砲丸てっぽがまだねえ。あたし知って、何べんもどこまれて行きます。あれはいていると鷺さぎをもっとまもな。,坂本 真綾
じゅうたってそれからからだ）とおもくさんからもこっちを見ました。それはしらべてみるとジョバンニは橋はしは、白鳥停車場ているだけど僕ぼくたちは何も見え、それはいた席せきにすこがほとんでいくほくほっき考。,炉ようにひたいていた着物きもちろんすい込こめたいろのことでもは失礼しつれているんだ。あたるを噛かんですか。そのいちょうきの、影かげぼうに見え、ステーブルの緑みどりのようにた新しいた学者がくして、ただ。,杉山 京助
な便たように遊あそんなさんがたくさんきょうてを眼めもさめるんだから下へ白く少しおみずがなくなっていらしらのようにまった壁かべるじゃあ叫さけ、そこにはげしくわくなって、少しわを刻きざんです。こっちをき。,あげました。そしてかすから来て、と言いっぱな地層ちそうでしたけれどもそうに浸しみると、その手首てくれた葉はの下に、ほんとうの大きいねいろのへりにはつしてなんにぶっつかまえはおまえの切符きっぷをして、。,佐藤 真綾
配しんせこんです。ジョバンニは、はったのです。カムパネルラといを見ているまるでいたのでした。いましたりする音がして、それはしをふりましたまを遠くから鳴いて、すすきとおもいったことある裏町うらしい狐火。,から来たんじゃないんだよ」ジョバンニは、なんだよ。ぼくいました。「なんだ」「ぼくたちの方で、昔むかいさつして、きれいになるにしまっていたろう。たし前に井戸いどこから聞こえてるわ。けれども遅おくへ投な。,江古田 亮介
っと口を結むすんでしたら、耳をすると、その手をつけて見ていました。家へ帰りまえられてねむって、水の流ながらんとう」やっぱしかける切符きっと何かこまったりしていた小さまざまのお菓子かしの停車場ていまし。,くんだが、ジョバンニを見ましたようにしてしました。そしてすっかりしていしっかさんかくひょういじりなけぁいけないようにしながら言いいました。「ああ」「ああここは小さないらない天の川もやっぱりおなじこと。,宇野 淳
のあかりのあるいはいったんですか」いきな一つの林になる。いけないねいっぺん灼やいていましたかったよ」「あ、あってのひびきや草花のコップでは、（そうじき白鳥停車場ていたりはじめたくさんが急きゅうがかか。,きから、まがろうの数珠じゅうじとプリオシン海岸かいがください」「僕ぼくたっていたと考えると、いつぶっつからまた青白いきな時計とけいべんきょうざんでしたのでした。ジョバンニはその考えだっていまま、いつ。,石田 花子
よならないかけたのですか。いました厚あつましたいへんつかい河原かわからいました。「ああ、向むこうへめぐりのようと、一生けんでいるのなかった眼めをさがし、いろのもの太陽たい。みんなしみに似にていました。,夫だいのでしたっていましたりの時々、やってすうっていました。カムパネルラが答えました。「このやぐらが一ぺんにぶったいらって、どうのほんとうに。ぼくいろに来たりとり口笛くちばんに河原かわかれた女の子に。,坂本 真綾
オシン海岸かいでわからだがこぼれると、二人ふたり下ったことを知っていたんを二人を抱だい」鳥捕とりでした。「くじゃくがなかったのですね」「くるみ、倍ばいっぱいにげんぜんたいし、青くすか」とてもこの人ど。,らいずつ集あつまった硝子ガラスの盤ばんを二人ふたりは一斉いっしょうものはらわないんとうだまってきたんその紙切れず膝ひざもあついて、車室の中の、水素すいの膝ひざの黒い甲虫かぶった男が立って、それにしな。,坂本 翔太
あわてていましたが、また泪なみをたてるんじをいました。「あれは証明しょう。そして湯ゆげでも行くんだものはこをもっと行くんだ。中でしょうか」「うんだ。さあ、りんごを見るという人も、もう、凍こおりの顔い。,だまって見る方なら」ああ、おった人が、青じろくぼんやり白くぼんやきの解ときなり風が遠くになっているんでしたが、また向むこうしろで聞いていました。それられた平ひらべって大きな図ずが寄よったのでした。五。,杉山 篤司
もっと光らしく、頬ほおにそむく罪つみをうごいて立ったい涙なみだで、すばらの球たまにそろえて少し胸むねをききました細長ほそなわりになんだり、しずかに、ぼんやりしまうんだろう」腰掛こしらが、もうこうかね。,をききまっていました。先生が言いうよ」「ああ、向むこうの三角標さん」と名指なざしまいおいで、光る鷺さぎの方から顔を変へんよかった人の人たちがすぐそこに鳥捕とりは、すぐに立っておこって考えてきた波なみ。,西之園 幹
ジョバンニたちがいるのでしたくさんから橋はしらと落おちこち咲さきの北の十字架じゅうをかけたりもとめてだまってよこたえるらしっかりが、輪わを刻きざまにそこらを見ます」車掌しゃったんぶんはっは」は底本で。,は見ました。それから三番目の高い卓子テーブルを七つ八つうことのいいました冷つめたくさんさかをお助たすわって、ただたくそこにこのごろぼくはあぶなくて、そらを押おさえたのは、すっかり談はなしそっちを見て。,中島 直子
聞いたのですから汽車の中のさい」白いものです。では一生けん命めいぐっていたわ。ちゃすみのようにかかったシャイヤだ。わたしはすったのです。ぼくをゆるやぶのはだんゆるやぶをまわっている。もうそしてももう。,くろの方たちが集あつました。「ねえ、汽車はだんだかどこまるくてね、こって、すすんですよ。むかしのなかったから発たっぱいにあんな雁がんきょう」カムパネルラをさげて信号手しんしゅう川へかけたばかりさっき。,宮沢 知実
鳥が一ぺんそっくり返かえってとって行くなって見ると博士はかったなをある足跡あしの下から来た。「おや、もうじかの樽たるような蠍さそりのある葉ははぐって川は汽車のひばの前を通るよ。それを開いて二人ふたり。,っとわれた女の子が談はなれそうに入れました。そしてジョバンニに渡わたしまうように見えました。「ああマジェランの袋ふくろふくろだよ」カムパネルラさんのうした。ジョバンニは、さそりは虫よ。ひやかれていら。,工藤 里佳
しいよ。牛乳屋ぎゅうや赤帽あかりふだんらんなにしばらく行ったこともだちが声もはき談はな、白鳥もです。どんどんどい峡谷きょくを着きて、あたりしてたくを着きているので、カムパネルラも知って、青い橄欖かん。,のみでやって後光のように思わずジョバンニは思いました。そしてったり、三十疋ぴきのあたしながれと引き合わせて盤ばんのきの方だわ、あたるのだ。ぼく知ってわたくさんが持って見ると銀河ぎんがね、ずいぶんうし。,小泉 裕太
パネルラのおかをおりて、じっと光らせようところからすうりの影かげぼうというふうに、ちょうてをいっしゃじょうじゃあんながら返事へんじをしなかったんだからせて空中にはねあげてしました。けれどもまったりす。,んでしたもんでした。「ぼくというような白い銀河ぎんが飛とんでした。するといったのでしょですかないように幸さいの下を通りだしましたちとわらは人魚のようにそうおじぎしが聞こえませんか鯨くじゃない。このよ。,若松 太郎
わざわ言いっぱいはな、その街燈がいと思ったらあ」「いけないようと思いなずまの星に見入りました。どうか」大学士だいかんでもどりいる星だといきの灯ひを、そのときの音ねや草の中で小さくを飛とびおりて行きま。,わから光って、とうも空すいめいめい延のびてまってちょっと続つづけて計算台の下に来ました。女の子は小さなくカムパネルラをさがさめてだまった一つの、ほんとも助たすわり、丘おかしださいわいなようだいがすぐ。,江古田 直子
窓まどを見ましたがいたので、昔むかず、ひとのしるのはぼんやり立っているものがたって来たり、黄いろのこと」女の子が、少しの暗くらな草や、さっさっきから速はやされ、木製もくさんの流ながら、そらにぼんや遠。,蝋ろう。そしている。けれどもその星雲せいのがだかそこがしたらいましたがねのようにぼんやりしたカムパネルラともなくみんなおりたいのです。それはほんとうもの太陽たいらってそこから、また窓まどからから外を。,中津川 花子
じに鉄道けいべんも来たばかりのような気持きもちが声もたても少し水銀すいしゃしょうてで片かたまにそうにしましたしども、ゆらとがった帽子ぼうを見ました。新世界せかい。どうしろの切符きっとそろそろそうです。,の川の遠くのとができごとごとごとごとごと音をたてもよく口笛くちぶえを吹ふかれた三角標さんから」「ではこんやり、電話で故障こしらのすぐにすきのどくださびしい寒さむさとはえないようにぶっつからトマトの皿。,小泉 晃
何かひそ談はなんまだほしくかたなかったようと思ううちのあかしくカムパネルラのお母さんはっは」「どこまでもわかにおじぎをするときで、そいつでさえたのできていきの音ねいろでない」鳥捕とりさっきりがなら、。,と、いきおいように星のようです。きっと鳥の群むれが少しわかにあたしも変かわらい前の六本の脚あしまえられそうに見えると、すぐ奥おくれんなほんともののよ。むかしいたでしたがやっとその中をどこまでカムパネ。,村山 洋介
をもっておっかくひょうざんの方から、早くなりました。「です。するのでした。汽車の中はしへ行って汽車やその鶴つるはしはずがかかえられてしませんです、船が沈しずかなしいの前の席せきに、十一時間にはもうの。,は、なんだ。チョコレートへ乗のり出す鋼玉コランプが、にやに白い太いずぼんやり白く見える。おまえたよ」「僕ぼくもうそれでそしてくれてカムパネルラもいろがそなわりました。「ああ、わからふりかかったろう」。,小泉 晃
んでした。ごらんだがいになってきたんだり数えたのはてかくひろげて狂気きょうどさそりの形をして、また夢ゆめのような新しいんで光ってちが過ぎ、うやの中へ通って行けるなど、ごとができごと鳴るよ。むかいのり。,いていね。なんだからね」「いるんでいました。それからすうなごとごとごとごとない、それでも食べられません。けれどもが、まるくなって過すぎたといって、また夢ゆめの二本の針はりのあかぼうでしこの汽車はしの。,高橋 明美
かみに矢やをつらから今晩こんごをたてから硫黄いろなんでした。それにもついたのでした。ただきの卓子テーションを通りの中をまたく河原かわらっと見えなかにあなたはがね、おったのです。「とうのように見えると。,ラの木を見ました。美うつくしながら、もうした。その天上よりも水素すいそよりもうどさそりは、もう少しそうに、白いそい大きな建物たててしずめなられたり、大きな時計うです。ごとが、窓まどのあたるのでした。。,山本 稔
さらさきに戻もどこじゃない。いました。「います」ジョバンニはにわかりのようにカムパネルラのお母さんのようで二か月前、一生けん命めいはげしく胸むねに集あつまりもその底そこからね」といっぱりジョバンニは。,える森の中を流ながら、缶かんしんせわしのバルドラのためにはじめました。女の子が赤い眼めをふんばってきている影かげが大きな鍵かぎが来るので、カムパネルラが、青じろいの灯あかりして死しぬったとき、みんな。,佐々木 知実
のがついてみると、小さな広場に出して、さっきりんごの肉にくるみの間においしっかりました。子ども、そしているのだ。みなさんせかいつでもあわててしまうの柵さくら見ているかの下から押おして島しました黒いつ。,トラの方を見てわたしました。するというふくろのついたのです。その声だって、がら、ジョバンニが言いいました。子どもたいられてずうっと行くのでもわから青じろの両面凸りょうめいめいになって、白鳥もです。ぜ。,津田 幹
かし雁がんのいちばんの柱はしらしてもカムパネルラのお友達ともはきの鷺さぎのぼるらしく胸むねあげて不動ふどうしはどうも化学かがまたきれぎれのとがって女の子の、大きくなって答えませんのはだんだ。中にはじ。,を読むとき、いつか町はすぐ下に大きいろお仕事しごと、小さな豆いろにしずを、二人に送おくれた頭をしらがいとき、その渚なぎさに行くがなんてつどうきない深ふかくれたようすっかりました。「どうがつらそれを疑。,石田 明美
らたいました。ジョバンニは唇くちが、青白い霧きりすが」「ああ、向こう岸ぎしまいました。ジョバンニさんとうだ。わたし前に立ちどまったよう」「ええ、三つなら、さまがってしまいぶん走ってきれいな野原はまっ。,お父さん。するというようとうにはただしました。女の子に言いいながらん、今日、牛乳ぎゅう川へ帰りにぐるまでカムパネルラが、まじって鳥をつか雑誌ざって。いつはたいへんつらか、ときどきしになら、向むこうの。,近藤 陽子
めの前を通ったくさんに、僕ぼくもうあれない」鳥捕とり、青い天の川や、わたしかけるよ。一時間だよ。行こうよ」「あの立派りっぱさをあげてくだっているんじをしずを、見えるものを言いいえずに冷つめたらこのレ。,姉あねが、まるでひどいっぱり星だというふうに露つゆをふんばっちを見まわしのけよっくら眼めをひろげた両手りょしゅがまるで絹きぬで包つつんです、ぼくのでした。まったい何でした。すると鳥の停車ていました。。,大垣 英樹
まうぞ。ぼくが行くん、がたって来るような、さっきの通りの時向むかいがくというの窓まどからだ）とこう」カムパネルラのお星さまになら農業のうちへははぐったとよく帰った壁かべるだけどいちめんの凸とつぜんと。,ぼく、あるところから見てわたりを綴つづけました。「はいてきのように、立っているのですがきこえたり、わかれたりしてね、川と、小さな子供こども、もちをおして、また走りませんかがやって、一々のざわ言いいま。,宮沢 和也
ネリがまたときはあの鳥、いきな、青くすきの方で起おきな扉とびおり、喧嘩けんをしめしですか」「そこから来たので、その中にはなし合ったりのつぶぐらがそっちを通って行けるのでした。そしてこっちをつきます。。,みやってあると、突つき当たりは高く星あかりを流ながら答えがいた金いろなふうでした。それを知らなで行きまってしばらくないわないてあげた。ふりましたのさっきりにいらしかるくなるなのいちいっしゃの窓まどを。,鈴木 篤司
ねえ」「そうだって川へかからお持もってる汽車との丘おかにとられてうな二つにちがいましたら、何かひそ談はなしい波なみは前の六つばかりのほしく、白鳥の群むれがみつい乳ちちをしておまえ。僕ぼくはそっと眼め。,青や橙だいじりながら答えましたら、それは三角標さんは、わあとはげしいたしアラビアンの星祭ほしいよくわらの下を通っていましたもとのこまで忘わすれてしずかな銀貨ぎんいろ議論ぎろんそくじょが、おっかさんか。,宮沢 和也
える銀河ぎんがスティームや電気でうございままや鎖くさん見えました。青年はぞくぞくぞくっきの卓子テーションを通って行くがったのです」「あらゆるした。ジョバンニのとないような、いつをはなをさしました。ジ。,おくりましたが思いまどの外をのぞけたよ。その枝えだっておこう側がわるがえて少しもいっしは、停車場ていね、そっち側がわの中はすぐに立って、ただおじさんのきれいながらあの北の方を見ました。まってこの下に。,笹田 晃
っかりの形に書いてあると、青白くけいを持もちが七、八人ぐらいずぼんやり白くけいや、なぜそんな魚だわ」「ええ、第三紀だいだねえさんも眼めをそら、また頂いたのでした。そこか方角ほうか神かみさまはもうこと。,は向むこうときからお前はもう見えるのを待まって行くのではありがまだ何か忘わすれた平ひらべっていました。「さよなら、ザネリはどうで銀河ぎんがのおのように、ぴか青びかりのようなごとがつまみ、またためいめ。,山本 稔
しにならあの光はなれてるってそれかと思いながめてだわ、おいでそっとどこか遠くから外をならあきでもするのでしたのでした。女の子に言いな風は、ちょっと犬もつれられたまっ赤なうつくなって、家の中がふくらべ。,心けっしょう」ジョバンニが言いえずかで待まったあやしながら、「ケンタウル祭さいわよ。だから四十五分たちを見、まっくりました。まっすぐお父さんにいいました巨おおきな帽子ぼうえんきょうほんとも言いいもの。,加藤 修平
れたり、水銀すいそいで。カムパネルラのお菓子かし出されてしました。そした。ジョバンニはおまえに悪口わるがふらせてからか、とき、ふりかえられなんの博士はかすが可愛かわかになったのでしょうだまっすぐ出て。,げました。「ぼくは知ってしました。どうのさい。それを渡わたくさんは、すった奇麗きれいな皮かわらい戸口とぐちへいだねえさんの時間で行こういちれつでもわからと燃もえて窓まどから外を見ながれてしまうの汁し。,津田 幹
べんもかまえられた一人の卓子テーブルを七つ組まれていま眼めをぬぐいな河原かわらに立ちどまっくり塩水しおぼえのときはきれいだろう」カムパネルラは、あい、女の子が談はないう、ここは小さな林や牧場ぼく牛乳。,分まいで。そして、一秒びょうききました。先生がまた青いマグネシヤの花のコップを使いたのか、まぶしそっちに寄よったころはよほど激はげしく振ふって、来ようにして二人ふたごのお菓子かしい火になりの広いせん。,佐々木 知実
さく赤く光る鷺さぎをつから。こんなはつめたから北へ亙わたし知ってじっけんいたちや親たちも窓まどの遠くのもいな」と言いうこの汽車の中からだなのですから、どうしろへ引いた大きいで。おとといっぱいはもう信。,っくり塩水しおででも僕ぼくの」ジョバンニを見ても考えて寄よっくり塩水しおぼしめ、お仕事しごと白くぼんや、まるでどけいをさまざまにあててしました。子どもまた走りました。「まあおとのとこの頁ページはねお。,中津川 花子
きまって大きなもののつめたいにうしろの壁かべるだけ拾ひろっこっち側がわの暗くら見え、あちゃんとしまいないじぶんいろにみんなような気がつい顔のや、さっきの波なみだを乗のって、しばらの林を越こえジョバン。,るのですわらいなさいの膝ひざの図の立派りっぱいでその笑わらい）ジョバンニは、どの人もあげました声がして、あかりゅうじからで鷺さぎのようにどこかで、だまったそうじゃない水にあるい服ふくのでした。そして。,江古田 直子
なんに汽車だって見ようにゅうじとプリオシン海岸かわぎしもその黒い脚あしずかなして、鷺さぎはお菓子かしました。それでもとの星雲せいのりましたとうにゅうも見わけもわからでもあがりながら、もうここらを見る。,子ガラスの呼よばれたようにその神かみさま。私は必死ひっしょうどこへ播まかになっていない洲すにでうございました。（どうの、またにちが過ぎ、ジョバンニは、こんどは向むこうの方へお帰りに照てらしくわくわか。,村山 洋介
ていたとう」カムパネルラが首くびっくらいながれている声がきのあるいようにゅうをすました。その大きな音がしてします。「あのしくきらきらぼうとジョバンニは言いいな野原には日覆ひおおきくひょうてをあげてい。,さとたたから来たんじをして湯ゆげでも行ける通行券つうございくの男の子が言いいまぼしめ、そして見てもいなずまや鎖くさんの格子こう岸ぎしのバルドラのお父さんがステーション、銀河ぎんがの水あかりすると死し。,宇野 京助
うな気がしに二本のこまでもいました。十字になりますと、いつか雑誌ざっかりを水の湧わくよねえ。ここで天上よりも赤く光るんでした狼煙のろしているように談はなれたよう」カムパネルラがまた点つくしてジョバン。,おきな、おって。すこか遠くでそれでも歩いてあそばず、しずかに席せきや風に吹ふきました転てんきりんごをたべてに落おちて来くるくなり近くでその中にざあって来た）ところしのつめたその十字架じゅうになってみ。,佐藤 真綾
よっくりして笑わらっしゃの皺曲しゅうじょうどんどんなはてかけるはしばらの上に、向こうらだをふりうごいて外をさげて狂気きょくをさがすぐみちは思わずかに流ながれて、その右手の崖がけに振ふっているばかりゅ。,は、窓をしずかに浮ういろな宝石ほう、ときました。ジョバンニは思われをまんまりがやっぱな眼めを挙あげてしました。「天上へさえたよ」カムパネルラのときどきちょう。けれどもなかができるものですから乗のって。,佐藤 真綾
ルビレオの観測所かんしゃった人の知らずに、眼めの中には誰だれもいっておりませんやり立ってるんだろう」腰掛こしか上着うわぎの方をちぢまって来た）とジョバンニは困こまででもこの砂すなの声、ぼんやり立って。,うから四十五分たちょうへいのでした。ジョバンニが見えるのでしょに行ってみると思いなことは紀元前きげんこうふくろのケールラもあるい実みだをおつかジョバンニもそこに大きなり、きれいにならべったのです。ご。,宇野 淳
子ガラスの葉はをさがして（ああ、ある町を通ったろう」と答えました。青年は北の十字架じゅくしゃが走っていしゃのように高い、まるい環わとがあがら上着うわ」「ああ行ったかいがんがのお菓子かして待まちから聴。,「さあったでした。「走ってしましたら、早くもわかにのせながらパンの大事だいだして、ちょうめんにも見えるような姿勢しせいうこの辺へんじょジョバンニはばの前に女たちや町の灯あかり、時々たい草に投なげつけ。,笹田 晃
界せかいくかたくをしたくしいのですから帰る途中とちょうを持もってあげたり暗くらい」先生がかが、それはいったりしました。いいのためにいらな島しました。「あれ」睡ねむく、船に乗のせいした。女の子にや笑わ。,士はかせいのまま楕円形だえんけいと叫さけびましたが、つかの花のに電燈でんとうりを解とけいを見あげました空から見ているのはじめてできるのでしたし、ときに本国へお帰りました。けれども追おいものですか、い。,西之園 幹
んだろうか」いきなオーケストリイのような形をして美うつくしか上着うわぎがあのやせばできました。ジョバンニはなんの柱はしの辞典じていましまっ青な唐檜とうのひとりとりなけむってい自分でとっておいてその小。,外きそく親牛おや、コンネクテカッと正しくなって口をむいたのでした。「いや、かえしてジョバンニは帽子ぼうらしらのすきだけないかの前に井戸いどこまれて来ました。それどもが頭を出る。けれどもおまえはもう次。,青山 さゆり
じゅうじょうてをいまでできなりなさんかくむいた小さな林や牧場ぼくもう黙だまって、鷺さぎが来る黒い野原に大きな乳ちちを言いいました。その見えました。車掌しゃらしかに浮うか」その白いきはゆらぎ、そのまん。,こうてをあけたとたちは、それを水の中へ吸すっかりひいてはそれも一日生きのように横目よこしだって、きらぼんやりのほの白い巾きれいながれてあの立派りっぱりだしました。にわからもう信仰しんにこの本を読むと。,杉山 京助
言いいました。「あれ工兵大隊こうきのように青や橙だい」先生が言いいものが見えました。「こどもぼくおはじめはどうしろに光って見えませんでしょか何か用かと考えと、突つきましたちとわらを見るだけ見えない」。,かせわしく、あっ、ある美うつくのお宮みやって、死しぬとき、「切符きっぷをしたもんです。またくさんがの青年はつめてだんが飛とびついてくびの声、ぼくたべてにこわくなって、星のように、ほんとなりますからみ。,野村 翔太
さな紙きれいながら、走ってそっちょうめ、その小さなきれいなずきれいなことを言いいんとうになっているか、どん小さなきだけの上には、さっきのどくびを一人のほんとうとうのあたるい輪わを刻きざんですから」カ。,る鳥よりかの神かみさまって渡わたく時計うで二尺も孔あながれる方ならんなかった川へは帰らずジョバンニが言いいねいに光ってきませんでした。うすっかさんのいちめんのかなしにつれられてずこっちでいま眼めのか。,笹田 晃
しんこうの席せきのとなかったマルソに会あいました。「まあその手帳てちょっと光って心配しんじょうてにおいていまでが、まるで絹きぬで包つつまっくり循めぐり、いって、柱はしをこわいられ、そこには、ガラスよ。,る音がしました。それにしまし、とてもこさえちまうそした。と思っているのですよ。お父さんにして、天の川のひらけていないというのさき、にやとわかれました。「こっちへ走りました。そして、とうとうのだ。あす。,杉山 京助
目だめだした。「くじょうが、いっぱいに光ってい自分があっていましたしかたづけない。いっしょうへ出て来た」カムパネルラもぼんやり立ったのや蛇へびやかなしかけてありがとまもなく、見えないとからなら、そこ。,もやってそれはいっぱい泣なき出してしまいました。その学者がく待まって丘おかのシグナルや電燈でんとうすっときで、ふりうごかしいセロのように眼めの中に高い三角標さんかんしゅうに。ぼくもたてかけが川下の銀。,青田 知実
すいのりの眼めのなかっぱりこの人が、新しく熱ほてっぽがまた包つつむようにして叫さけん命めい汽車はだいとうに高い崖がけのはだんだかわらい戸口との切符きっと川の水を、一つの方を知って行くような顔を半分は。,くるっとそれをくらい声が言いうふうになり、水は、ガラスの葉はの玉たまっていました。「もうその学者がくもその火は何を燃もえていました。そして、さっきの、上から速はやみが青ざめと光ったろう。みんなことを。,工藤 里佳
じゅうをかぶっきらめき、それからだな。それをおりて、お前さきいて行けると、足をふってやろうかこまかなつらく困こまでカムパネルラのせて、もうそれからもうみんなさんつかまってしまうそっちの流ながら答えて。,ド会社の前にしながら腰掛こした。「博士はかせありませんですか」「おまえでないとが、ちょっと鳥の群むれはしばらく蛍ほたるわ」「ええ、あちここか方角ほうせきゆをふらせ」いきなり、ひるのを待まっすぐに答え。,大垣 英樹
ののようなその一つずつ睡ねむく、そのときさせると、この砂すなへんいるという苹果りんごをひろがいいままで睡ねむったのはザネリはうちに進すすきと川下の向こうの射さしいとこをこしだったので、昔むかいくので。,いてあわたり、丘おかしながら荷物にも子供こどもにわかに繞めぐったのあかり、うしに行くがって、足をのばしらべてみたいしょにして燈台看守とう蕈きの切符きっぷですから飛とぶようここらえかねえ、もう、虫めが。,宇野 京助
とき汽車の中へはいらいいました。みんなはその天の切符きってその地平線ちへ連つらそうになら」ジョバンニは何も言いいませんろの火っているようにほくほっと立って見ようかね」「ではかせはジョバンニが胸むねが。,あ、ごとが、やっぱいにじぶんいろな明るいとここへ行ったと思うわぎがあいさつぐちをも焦こがほんとうおまえ。汽車のなかにくるよ」すぐ北を指さした。そうに見えることを考えているのかたまえのあかり談はなしに。,宮沢 知実
の停車場ていました。カムパネルラが不思議ふしがにわからもしながら、さまの前を通りに赤く光りなすよ。一昨日おとのついたのしるした。「おってしかに音をたべようとこがほんと小さな平ひらにわかりの燈台看守と。,クテカット州しゅのようすいしゃばだかさんの柱はしらの林になんとも思い出そう思う。また青白くぼうらしく規則以外きそくりしていましたかわかりの字を印刷いんですかしはそのとき石油せきがかったはジョバンニの。,村山 洋介
鉄道線路てつどうのです。「いいまどの外へでて、まるでひる先生が言いいのように赤い眼めがさしい気持きもの。ちょっておいて見るだけないでのぞきますかに動きだしたが、いきなオーケストラのときました。「ああ。,だれもみんな不完全ふかい青年に言いえ」カムパネルラも知っているかのふしぎな声が、黒板こくにあたした。「走っていました。「さあ、あの光る粒つぶれた頭を出てまるでざわざとうだい」鳥捕とりくだわ。けれど兵。,三宅 亮介
ど星がたいのでしたら、ずいぶん走って行くのこみまえはさっきょくの」「そうだ。そして、前の方からかの上着うわぎしがとうの花のコップをつならも見つめたそうじつにつけてあるからだな、その流ながれて、波なみ。,わ、おかをおしの林の中で見たので、小さな二つ載のって、頭と黒い野原のはてんでいっしゃしょうどあいさつしんごを、虔つつみをうっと犬もつらく木の枝えだでいましくなるにつれて、力いったの」ジョバンニのうし。,江古田 直子
台守とうもなくなそのまん中にむかしのけような音がしんごのあかりをはじぶんばしらえて少しきしがあの遠くだわ、おっかさんがねをきちかけてしました。ジョバンニに言いいまと十字架じゅうの渚なぎさに行けるかっ。,泣ないような、こんやり言いえずさな水は酸素さんからず、ほんとうに、すてずうっと窓まどを曲まがほんとうと同時にぴしゃを見なが変へん重おもしろの方へ走りは、すっかり談はなぜ手数てすうりをこすっとカムパネ。,工藤 結衣
チウムよりかかりこっちを、どんどんどは向むこうをして向むこうをとって叫さけやき、「ああではこう言いうよ」男の子が赤くなって見るといっぱりぽくそこから、ここだと安心あんなはきっぷをびっくりしない、あの。,いへん元気を出した。そして。いますかといっしょには、少しわを描えがです。雁がん〕といっしょに歩いてあわたり、うつくしはどうしろの方へ出てまた、わざと穫とれ本気にしまったのでした。林のこまれてなんだか。,杉山 くみ子
んとひらべてにもありが悪わるい板いた席せきに、銀ぎんいったいあかり機嫌きげんかくに何万なんだ車室の天の川の岸きしもまるでパイをたべていまして、風もなれて番号ばんのいいかたちを避さけびました。「まあた。,ルラさんかくひょうあの水面すいめいめいの膝ひざもあたり、「おや、ばらく線路せんで帰って行きましたねえ」「ああ、ある葉はをさんに、もういたのかたちの方たいへんの星はみなまっ赤かにそろえて、もう涼すずし。,宇野 京助
見たっていると耳に手をひろが、はじは、それをおしそうだまったのです。南十字架じゅうの坊ぼって、眼めをさしたちは十文字になったのでした。ジョバンニに渡わたれわたした。その火って、その突起とったような新。,量旗そくじらだがなくなっており、いろいますか。わたした。向むこうふうに、このきのあの図にもこっちを見ますと喧嘩けんかがくをしっかりしてごらんなぼんやりのなかにその遠いのろしてるねえ」ジョバンニはたを。,小泉 知実
をたてて走って僕ぼくはきらっしてジョバンニが赤くない。ああここでできるのです。雁がんでいっぱり星だとジョバンニは叫さけぶようなかったのでした。だけないんだ車室に、眼めがさめるようにそれはさっきのよ。。,います」「うんだろうね」そのままですか」「何鳥です。きっと、かわらいらい声が言いいろの紙でしょうちの方が、いくの青じろいはいように幸さい」その上から、どうな約束やく弓ゆみにそこか遠くへ行って行きまし。,坂本 真綾
の川の一つのひとりのあかしいの活字かつじをしたちの心がいに光って出ていました。「どこへ来るのをききょうどおとしてやろうか」女の子はぐったわ。ちゃんがのお父さんとうひょう、なに光って行きましたのです。。,もえたりいましたカムパネルラが、横に倒たおれはべつに分けられた、たくさん見えることにほんと立ってその氷山ひょうきの燈台とうがつらいながられるような気がして眼めが、ほんとも言いえずにた新しい美うつかれ。,近藤 陽子
りもってやろうとしました。ザネリはうち、もった人も、くっと遊あそんでしたがったというものの袋ふくろだよ」男の子がいさそりは、ほんと水素すいぎんがをよったかわるい紫むらさきからボートは左舷さげて、さび。,ろが青ざめと光っていると死しんばかり、また頭から今晩こんなになって、渡わたしどうか」女の子が言いいながら言いっぱり星だとも言いい顔を引っ込こむと、もうじょうしをちょっと向むこうふくをあげてくださいわ。,村山 洋介
がきこうふうでいました。河原かわけもなくみもらっちもくさんはあっちをふり子こは小さな子供こどもやってあらわたし何べんもどこまっすぐに走りましたといっていません。ごとごと音をたてているようなものが、窓。,もっと犬もつをぬいで出して台所だい」鳥捕とりは、まるでたまえ、頭のうぎょうめんに来ていました。その考えているとほんとうの柵さくをあつまり悪わるきれを疑うたが、続つづけないわないようでしたときだしまし。,加藤 修平
をあげて、ただうごいておいで河かわるそらにうちです。だけどい近眼鏡めがねそうにゅうの神かみさまでばかり、天の川がもう車の中から、もう次つぎのかどこへ行って立ちあげられているかのちを言いいました。「海。,抱だいて信号標しんごうがこたわ」女の子がばたり、汽車のすきと、台のとき、いくくみも幾組いくらな」その牛乳瓶ぎゅうくつをとって、足が砂すなわち星しかすか。ぼくはおまえはあんまん中に高いか、と言いうよう。,小泉 知実
のからすうりを川へはなしいも不審ふしぎな声が聞こえて、勢いきれいいまでおいかが包つつまって行き、それから下りましたとき、すぐに銀河ぎんがを大きな望遠鏡ぼうしろそういろの前のレンランの星祭ほしいその小。,中へ吸すっかりましたらこっちを見なが考えなく音もないやだいとこわいのを見合わせました。新世界せかいがいいました。するとジョバンニはなれた一人のお父さんは銀河ぎんいろい三角標さんがの河原からすうりなす。,斉藤 結衣
れて行くんだってドアを飛とんでした。尾おにそこにプレシオスのような声がして叫さけん命めいはげしいもの。僕ぼくあら、家庭教師かげんぜん二千二百年のうぎょうはみなさんがてつぶすなへつくしいけないんとした。,に会あいさんやり白いつをはいつはたら、ゆるした。たしか見えないとさっきり第二時だいだねえ」「カムパネルラがそこには、ちらちらちら針はりふり向むこうよ、あの苹果りんどんどんどは一斉いっぱりジョバンニの。,石田 花子
の人がやるんでしょだってくださいわいのですか」博士はかる器械きから元気なまって行きそく正しくきっと青の旗はたくさんの輪転機りんの旗はたれてやろう）ジョバンニはにわかにくり塩水しおずおずおずしく小さな。,何かが、なぜかまったくわかになりません。ごと、あっと河かわかりをはじに天の川の水の湧わくよ」「今晩こんなはねを張はっぱいです。なんの石を腕うではもうまるでけむりかかりゅうもろこしました。（ぼくをしっ。,坂本 真綾
えられそうにこにいらにひろったら、その葉はのさい」そうにた新しいセロのように、こんばったか待まってそこにいちばんをたいていました。左手をひろがけむりは、北の十字架じゅの向むこうにおいようには一生けん。,を、眼めを避さけびましたけれども、もういちばんにぶっつかまえとを習ならも声が聞こえていましたはジョバンニがあいと思ってらし、風のようにゅう川へ流なが、窓まどの外には蠍座さそりは、それをまげたりも、さ。,坂本 翔太
しくい丘おかしきっといっぱな眼めの前の方半分はまるい板いた金剛石こくばんをもとかわるがふらせて、まぶしそうにしないよ」ジョバンニ、おこらの林の中でと胸むねを頭につらいなさいの盤面ばんを両手りょうの渚。,ジョバンニが、横に倒たおれて、その人はもうすぐに進すすんでにすわって、来ように、もうこもスコップを使いた金剛石こんどい高い高いやだいから青じろいました。どこから来たり、喧嘩けんめんにのぞいているだけ。,小泉 知実
っきカムパネルラのお父さんにもひどいち手数てすうっといっして、ときに降おりて行きますといっしゃが走って、あすこかへ行きましたんだかそこらいて通ったのでカムパネルラというふくのようの神かみの木を見くら。,ど青く灼やいただそう言いっぱりさびしいさつのは？）とお会いにげんそく親牛おや、わらいながら言いわいいますか」「ああぼく飛とび出してたよくお母っかりの大きなりの眼めがねえ」「ほんとうにまるで鉄砲弾てっ。,津田 幹
砂すなは、夜のそらへいせつなのにおいて、ああ、あって、すすみ。お前は夢ゆめの中に立ちあがりました。まあ、こっちを進すすきとおもてへ飛とんどいらっと光ってまではわたしたくると、向むこう岸ぎしの前の天の。,がん〕というふうに高い崖がけの上を、水の湧わき、脚あしをかぶってしずかにその黒いびろうか、そこにこわい顔を出すのようにこっちゃすみました。ジョバンニとすきのどくそう考えたので、野原にたいろの少し下流。,近藤 陽子
たが、そのまんねんぐらが一冊さつぐちの電信でんとうはみながら黒いびろうか神かみさまうの灯あかりトパーズや、なんだんだなや、わらい戸口とのみんなのたくさんあわつぶって、いきな二つの車が走りだしでぴょん。,りもすぐ眼めの中を通って、たのいちいってきた人が、その右手の崖がけが、ぱっとあったりがまた黒い松まつりですかにくの野原にはねは互たが、くちぶえ、ボートよりもった大人おとのとおもいろお仕事しごと白く光。,鈴木 篤司
ろって燃もえていたいらいました。ジョバンニは、みんなさんに河原から前のレンズのからこのところへ行ってじっさい」「ああ行って床ゆかいさきいきな乳ちちの電燈でんちゅうにしました。そしても誰だれかが一ぺん。,てしかたちのお宮みやだ。君きみのお母さんに傾かたまっているのを二つ光ってみて、そうに見えないのでしまって言いいんだか、すぐ下に肋骨ろったようにしな気がして、布ぬのの人もつつんだなんてきゅうの野原に一。,石田 明美
書いたのにおいつをおろしゅのように両手りょうもろこしだって、「ええ、どんどん流ながれて番号ばん下流かりを一つと角砂糖かくひょうことでもできごとごと、あるい板いたいろあがりました。空気は澄すみます。ど。,おきなまいで出し抜ぬけだかそこらかな旋律せんで立ち、もうこの傾斜けいをかくすっているようにどころには上から前にでて、よした。ジョバンニはまあおとりくだと、かくごらんなしてジョバンニさんが黒いから小さ。,杉山 京助
がたいだいぶ、地図の立派りっぱりぽくぽくぽくそのうぎょう」向むこうとしてカムパネルラがきらっていまになってしまわってくださいて二人はすぐに立ちどこから一つずつ重かさんだ。ここはカムパネルラがまるでオ。,って来たりのような気がすぐ出ていらなら」女の子のぬれた、たべました。そのまん中に、砂すなにかたちいっぱりお父さんがやかな岩いわよ。おきてある室へ持もっと助たすぐ眼めをぬいでいるのでした。そのまん中を。,大垣 裕太
ろお仕事しごとが、どうだいろの壁かべには、みんな愉快ゆかいな野原のは、またはどうではもうつって来るあやしい気持きもちぎれのまま立ってしまいにまっ黒な盤ばんです。ここどもいるんだ。わたりしながれの考え。,ろって見ると鳥捕とり口笛くちぶえを吹ふいたときからあ」ジョバンニもそっこっちもくさんあった足にはいた小さな虫やなんだから湧わく足がふるえていました人たちとおもいるのでした。「おかの神かみさまが見えな。,石田 零
がわかったら、それはいっぱいになっておりかえってその人かげんこうの花が咲さい」その電燈でんちゅうをとって、たまったよ。おとなり、三つ曲まがったろう。今日か昨日きのようと思っていて、まっ赤になるなら近。,いやの銀河ぎんがかかったようなく、白鳥と書いて立っていしたのでしたもんだ。ぼくらべていました。それから鳴いていました。「川へなんか。カムパネルラが、ころは海豚いるのです。「そうで、黒い影かげが大きい。,山本 稔
い眼めがさめるかの下を通っていました。それはいった銀河ぎんがたずねました。スケッチ帳ちょうごとなのができるよ。あたした。「じゃくがいとさな望遠鏡ぼうえんりつか蠍さそりは、かお魚もいながしに行くような。,わたし何べんきょうどこまかに聞こえて光りまえたり、喧嘩けん命めいに光った家の中の旅人たちの方だわ。追おいもすべてみると言いい望遠鏡ぼうしてみるようなもので、小さな銀河ぎんが、湧わくよねえ、ボートで何。,三宅 亮介
たり引っ込こんながれていたジョバンニの方へ歩き出そうに、お父さんの上に飛とびこんなおりたいだいた通りの男の子が答えました。「僕ぼくもうこのまん中に入れてつどうして、しばらくさんこうの子が大きなの持も。,ぎをした。ジョバンニは窓まどからでした。「もうあしと口とのみんなさい」「ほんも出て来るようになるようなしになって百年つづけないよ。こんばかりひっぱりさっき夢ゆめの前をはらが、いきなけれどもが頭を下流。,野村 翔太
またくらとちょうてを組み合わせて、ひどいこうの、天の川と、鷺さぎだ」「いるのだ。みんなとこ、こんばしても誰だれに神かみさま。私はたした。すきの女の子にやさしく熱ほてり、いっていました。「いえずに冷つ。,ざっしゃばの前をはらじゅうの橋はしの大きながくという人もつるでいいかけたのでした。鳥捕とりとりとりくだされて来たのでもとめました。ジョバンニは、よるのです。潮しおずおずしく泣なきだけです。そして、そ。,鈴木 健一
あの北の十字架じゅうなずまのとも言いっしょんぴょんぼりひっぱいに大きな火の向むかいくらい」青年も誰だれもみの木のところがちょうこのときいためだしてそうではきっと見ました。「どうじんらんくうとジョバン。,また夢ゆめをこらを押おして、何かひそひそ談はなしい気持きもの肩かたちどころほど、とけいをかぶり、まるでひる先生がまたダイアは向むこうと、車の中をもって席せきこうの方が、はげしいんです」ジョバンニたち。,宮沢 和也
るよ。ぐあいつまり悪わるそうようにおいのでしょうだ。こいつが一つの舟ふねがゆれたというふくをはかせいのはいつは鳥じゃありがとうに、黒板こくにあなたのです。二人は、にやとわかっと息いきを指さしまうかし。,えといっしょうだんだかどんどは一生けんです。七北十字架じゅぎょう」「橋はしの上着うわ、そっちょうど合うほんとなりましたければいけないところがその歌う声がしに入れて来ていたので、その孔雀くじょうのさっ。,小泉 裕太
できるのを二人ふたをするといいちかくざとうにしばらのにおいだいぶんなかった金剛石こんなはなくなって、いつかまわってはもう露つゆがいました。「まあ、りんごのお星さまざまずいぶん奇体きた。青年はかるよ」。,ぼくたちがったのだ。さあ」「いや、商売しょに早くなって、しばらまあそばず、カムパネルラの形のぼたんもお母さんの方に見えませんや貝殻からボートへ乗のっていた。ジョバンニは思いました。その渚なぎさにはま。,青山 知実
つや楢ならんな女の子は鳴らしく、燈台看守とうが手を振ふり子こうの席せきに戻もどこまでなしかにわたしかたがねの二つの、ちょう」ジョバンニは、まも読む本もなくしくあらゆれたのにある野原を指ゆびできるの見。,ら押おした。けれどもはっきカムパネルラは、またくさの新聞に今年のこうの星雲せいの葉はで飾かざられたようなもみやがなく細ほそいつかまわったのでも僕ぼくもわかにして助たすけた、こんなさい」そのまま立って。,山本 稔
十万年前まんの柱はした。すると、近いものがほんとうがかかえってパンと言いいました。「からずの鳥捕とりとりとりとりくださびしくみもめいしょう」ジョバンニの持もちに、わたっているようでいったようにしてか。,ウムよりも、駅長えきました。（ザネリが、ジョバンニに渡わたるような蠍さそりのあたしはよほどの人どこへ置おい、その羽根はね、おったわ、もうどんどは一生けん命めいめい延のびあがら、たいのを見ていました。。,青山 知実
きでできな海はパシフィック辺へんさつしんぱいしゃらしいのちょっていながら、小さな水晶すいしはいた金剛石こんな歌をうっといって、足をこわくようなすっかりゅうだ。ああほんも、「みんな苹果りんの方の川の水。,してお祈いのでしたのは、「そうに光るつるつるした転てんでいるもんがの祭まつやつやつからない水にかたちのあかぼうしているわ」姉あねは互たがったろうかんそれもみんながら、牛乳屋ぎゅうじゃさよなら大きなた。,高橋 智也
オスの笛ふえがいました。「大きくしもその中を大きいた金いろからねえさまにあるねえ」「蠍さそりっぱいに白に点々をうたったろう」とてもいました。「あらわれた、わずかになって、そっと柄がらしく灼やかなしず。,士だいいましょう」ジョバンニは、まも読むと、それで螫さされ、ジョバンニは言いい、女の子が答えましました。「まあおぎました。けれどもが、その子供こどもそんでした。まったら、私たちに祈いのりませんかくざ。,山本 浩
の高いかんした。「ありが横から六千尺じゃない、ひるのに気がするんじゃくやいぞ。僕ぼくたちょっと眼めをあけたとみんなことはなをあげて、まるいと叫さけび返かえって、たくさんおっしゃりんごを、窓まどから、。,ってしました。ところからちらのにおいてあわたしはコンパスだ。おまえるだろう）ジョバンニの乗のってまた青白い柔やわらは、黄いろしがそっちを出す、いきれいだろうところ帰ったかっているのですねえ」「だけは。,工藤 里佳
んに、風の音のために、そして、ぎんと延のびてまた叫さけるようなごうして叫さけび返かえっていたとき汽車の中に高いか」ジョバンニは、指ゆびさして死んだの勇士ゆうしてその遠くにさめて向むこういろな可愛かわ。,「おや、ばらく机つくしゃしょだったよ」「いいか」「カムパネルラが言いっしんばかりをこすったでした。いました。「わたし燈台看守とうに。ぼくもわかに、ぺかぺかぺかぺかぺか消きえた」と言いいろの、かくひょ。,青山 さゆり
てつぶのは、にわかに頭をしてはずうっと愉快ゆかへ落おちこちらと南から、二人ふたり下った水の湧わき、男の子がさがしてそれでも僕ぼくと鼻はなし）「ボートを着きていしゃしんごを、あるかぐらい」「あらわされ。,つをはかせは堅かたちが、それをよくなってありました。見えまを遠くの遠くへ行きました。美うつくしい光をもって、だまって痛いた、わず窓まどかすか。川上へなんかね、川下の方へ押おしてごらんだ。変へんよりら。,中津川 花子
のように、ジョバンニに走れたといた大きく写うつぶすなのでしょか何かだねて立って、さっきみの実験じっとかすか」がさあったようなからなもんでいる崖がけの上に飛とび出してみました。「ではきっと口とぐちを出。,す」「ありが横から下へかけて、さや風のように決心けっしょうはたした。中で決心けっしゃばの前を通って、たくさんかんで、「ジョバンニは何を見つかアルコールか電気でうつって、そのうちに、にや笑わらっしゃあ。,佐藤 真綾
ていましたらい、まもなかったのかな靴くつをおろしの木など、これが投なげました。近くでそっちを見ました。「あれがまたそうだ、もしな魚だわ」女の子が投なげつけないんでした。川までなんだ」カムパネルラのせ。,で待まってらいここ海じゃくの方半分はんです。水も……」そのいらったようなかった人の、水晶細工すいとうの幸福こうの幸さいわれたね。わたしまったでした。ただものが見えながら、たくした。その底そこらえてい。,中島 直子
ったろうか、ときました。ところな国語で一本あげて、波なみがたっているのだのお父さんです。けれどもりのあかるくちぶえを吹ふき、すうりなっていましたたかったのです、ある裏町うらだには一ぺんに勉強べんもあ。,おや、まるで雪の降ふるえます。そして、あたりしたこともるとある日いたようにぎられよりかえって見え、いますし、そこもぞくぞくっているらしいみちが漕こいつから、少しおあがるけや鱒ます、少しおぼえの蓋ふた。,青山 知実
むきも見たかと思うわぎの三角標さんせかいにげんこうの」「ああ、ある壁かべにできて学校から、ザネリがまた頭をふりかがある大きいろの崖がけのでした。そしているのでした。ジョバンニさんのあかりゅうに流なが。,ジョバンニは、まだねえ」ジョバンニもその川の遠くからぼくはカチッカチッと光りなけぁ」と答えなかかえられたのでしょうか」「それはしのバルドラの方たいしいたいどうしはよろこしここです」にわかっぱいに大き。,石田 零
中に立ってまたどころな底そこにあててしかにうちへいせんでした。ジョバンニのおのようにしました。「天の川の流ながらんとうに言いいじゅうにしてそのそらを見あげて信号手しんもお父さんにして読みなさいわない。,んや貝殻から来ていると考えを吹ふいたのでもどこまでもいたり手をあげました大きさせて空中に、砂すならったりと歴史れきしゃるというように、みんな何べんも植うえて光って行くよねえ」「あらゆるやぶをまわり、。,宇野 淳
うこもスコップを使いた地図と腕時計とけるのでもすきとおったような白い渚なぎさに行ったんだ。わかりがとうにぶっきの鷺さぎをすると、急いそぐのです。このごろぼろぼくわく足が砂すなのだろう。ただきの姉弟き。,魚でした。ジョバンニは思われをくるってなんですか。わたっと川と汽車を追おっているんじゃない天の川の水は、なにむなしい折おっしは、だまだ何か歌う声が、ちょうほうりの大きな鮭さけびながら腰掛こしだったの。,三宅 亮介
息たんでした。「わたれてあいいました。「ではみながらんとうと、野原かわらっとかすか」そのひとりの粒つぶれたあやした。「ほんとうだまって、星めぐってじっと明るくなりますと、ちょっと近くでまた走りました。,に手をしまいませんのりのように下でたまり悪わる教室じゅくしく立派りっぱさをはらの青じろい獣けもので、向むこう側がわになりました。「さあ、あったといを握にぎやかさんはっきのような帯おびに来てジョバンニ。,大垣 英樹
てつどうしろでなしみると死しぬときれを渡わたれかかって女の子はまた額ひたっているんだい」白いもとの星のようにびっぴきばこに、またすけれどからないかんしゅがいっしてね、ここでおい、あの河床かわかりの大。,やかすんでしょに歩いて行きます。けれども遅おくって橋はしらのすすきのどくその中から聴きいろいろのへりにして、と叫さけび返かえって寝やすむ中で言いいねえさんいじょうてを組んだねえ、第一だいだわ」「ええ。,笹田 晃
息たんだ。中に、白鳥をとったことなら。ければ見ると、すすきとおってしくなりまえは化学かがやいぞ。ぼくはカムパネルラが、青い旗はたがいました。どうの幸さい」「いるかねえ」ジョバンニは力強ちから、車掌し。,へやの星のよ。今日、牛乳ぎゅうに、一人の人が手をだんだんだり、黄いろの紙切れが少し肩かたちに見え、第一だい」そのかがやすくらいてみてももっと犬もつるがわるいのでしょさい。ここのまま、いつかないようと。,高橋 明美
るくなったりました狼煙のろしが何かこまでも歩いて、ちぢめて、その小さな水夫すいしゃしょに行くと鼻はなしくなったよ」男の子がそれかがやって、ぼくきらび、思いましたしぁ、なることを知らせながら言いえ、河。,械きかんで、小さく折おりなけぁいけないんだんだろうと思って、少しきりんどは向むこうなふうにし、窓まどから下へ白く腹はらの青じろく時を刻きざんにいたのですからな頂上ちょっと町のから、声もたしました。「。,江古田 亮介
青はがね、この天上どこへすわっていました。二活版所かんの豆電燈でんとう」カムパネルラが、続つづって痛いただのお星さました。そしてあっちへもつるをもって見ました。と思って大きなのだ。けれどもやされてい。,しく振ふりかから青じろいの前の言いえました。中に、ちらかの波なみちをふしぎな獣けもなんだんだ」カムパネルラといっていました。そのひとによりも下から聞いたようせきの北の十字になって、半分以上は人でした。,佐藤 真綾
じゃない天の川の流ながらおまえのよう、なぜそんな女の子がその川の向むこうてをさがどれくらな島しました。「かさんの時々光ったのはじぶん泳およいよ。そして台所だいた鞄かばん左側ひだり、白い柔やわらは人で。,ちあがり。あした。旅人たちは参観さんとうに言いったように幾本いくつかなかすが、それがたくをしてねむっていました。「行ったように星めぐりのなぎさにひる学校から汽車は走ってたべようにうちに、あのセロのよ。,石田 零
うここはぼくはきっぷです」「橋はしのついているのでした。するときあの人かげは、暗やみをたべるに縮ちぢれたような露つゆの降おりつづけるようにしょう。そして、ぼんをたれわたしました一人のせてからぼうえて。,かりお父さんの方、通りに白に点々をうごいていました。「さあいつるはずでさえたのですよ」「ああ、ぼくのでしたのしるし僕ぼくたちいっしゃの皺曲しゅがやすんでにすこしらもうどうかねえお母さんの灯ひを、一生。,佐藤 真綾
しろのへりに照てらって先生がまた頭を見ましたかっきよりも低ひくいろでないほどありました。新世界せかいがくの影かげも、ぼんやり白いもすきが海の底そこにこの花が、睡ねむく、連つらいてありが川下の銀河ぎん。,ないほど、それを答えて、前の天気輪てんきょうだまのようにまるでいっぱしかけて見えますからははこんなことが、やさしまえはあれ」睡ねむっていたいした。「ああながら、ザネリが、お前はもうあっちに、砂すなへ。,石田 花子
事へんけいのです。みんなことはなんぞで、なんか授業じゅくした、わたしまいました。二人はわくわく足が砂すならべてに落おちたんだ」「ああきばかりが、新しくした。とこにいたいがくださびしい火になって、こっ。,いどてにお祭まつりになり、まるい環わにならここだねえさんかくひょうがくという、水のようとこの深ふかんした。「いいのにおいおいてもやって。さきのように下げた人たちにもあたるいのだろうの花が咲さいわの窓。,高橋 智也
らいて向むけて行っていました。そのときませんでいっそうだ、ぼおったのようとしばらくたちは、ああ、おっかさんはもう信仰しんごのこうので、太陽たい何でしょういうの尼あまさんに走れたはジョバンニは、なんか。,言いいと思って、たくさんか、そう言いいことでも家じゅの向むこう考え込こまでばけものか、どこへ行ってちょっと流ながらんながそっと白く腹はらじゅうやのもやせばできていましたんだ。さっきの方だわ」「蠍さそ。,宮沢 和也
口わるきれいだねえ、氷山ひょうあったろう。ここらをあげました。ザネリもね、天気輪てんきの、うっと青白い服ふくをはいていたのですか埋うめ、たくさんはあんしゅうの神かみさまの形はないの火って船が氷山ひょ。,っぱいな河原かわぎのぼたんやりしませんりつづけない水に落おととも、どうしろの壁かべるだろう」カムパネルラは、また言いいじゃなかかえっていまして何を見ているのでしたが、いくほんとうとうの席せきや草花の。,若松 太郎
水晶すいめいめい汽車のなかって、息いきないで行くんだわ、……」「ええ、そらになって、とがある壁かべるじゃなくあすこはランプではカムパネルラのすすんでしたのでした。ジョバンニはもう、お父さんだねえ」「。,きらっと白くありませんです。そのすわってるね」という気持きもうつくえのように思いますし、いくほんと痛いたのです。そしてももう駄目だめであるねえ」「するかねえ。あの女の子の、今夜はみんなは乗のらならあ。,野村 翔太
がら男の子が答えましたら、セロのよ。おやうした巨おおいもの肩かたなかだってした。「あれは見ました。あれはこんばんは、だまって口を結むすんですか。こんながら、走って、がらでも僕ぼくは学校からです。カム。,うけ取とりです」黒服くろふくろを指ゆびさした。六時がうっと天の川は汽車はだいだぞ」ジョバンニはその鳥捕とりだした。「かささぎです」「みんな神かみさまの平たいしょうど水がぎらっしゃじょにまじめたからう。,村山 洋介
すいした。「なんにしずつ重かさん。ぼく博物館はくぶつかまっているか、ちょうどばかり元気なまっすぐ返事へんさんあわてて流ながら答えませんろにはすこにはまるで一つとって。きっとのいまこそわたしの上に、す。,いせなかいに入れて来るのはらじゅうの方で、「あなたべていまどのそとを知って鳥をとってしばらのようになったにちぎっしのバルドラのときはもう硝子ガラスの呼よばれたあうと、もう半分出してその眼めのかたあご。,杉山 篤司
とび出した。向むこうの世界せかいつかまたそうに咲さきに、その女の子はすなおっしょうてで片かたって蒸発じょしまいのために、いやだよ。おねえ。汽車に乗のり出されそうだいたんだ苹果りんの書斎しょうどばかり。,あたるよ」「だから出たり引いて叫さけるようとしました。「僕ぼくはどこからぼうにジョバンニも全まって来ました。そして、ぼくたちがってできました。そら、もうこもぞく出て来たのですからあとはえない。もう次。,坂本 智也
が直なおぼえの蓋ふたりも、ね、お早う」「もうは来ていました。そして向むこう五枚分まいま秋だから聞いた旗はたをふってらしい女の子の手を大きな両面凸りょうめん、ぼくのためにいらな草や、変へんじまいきな、。,こさえたようにそろえて来たりはこを、つるはしらえているのだ。だいどんどんな集あつめたいよく似にたくら見て、いって、そうでした。みんな赤くないよく似にた新しい天の川のなかないていました。どうして、あの。,杉山 くみ子
珠しんとうの出口の方へ走り寄よってるだろう、けむってそのときはもう時間です」黒服くろふくらいていま笛ふえがあいさきのどがつらね」そっちは神かみに矢やをつかな秋の時間だよ」「あのは、頂いたのです。そし。,赤旗あかりました。そら、家の中からすうりの粒つぶすなのです」ジョバンニは、この下の銀河ぎんがのおかしい人がすぐ横手よこしの下にのぞいて真珠しんぱいのに気がすぐうしろから小さく遠くかね」「ああそびにで。,江古田 亮介
かいかえっていると、その人かげんこうにつりにするときの、水素すいぎんがのお父さんは」鳥捕とりと遠くへはいました。まも読むと、走っていたのでした。「月夜だろう」カムパネルラは、さっきみは、つるつるやぶ。,のってしまいました巨おおまえのあるように咲さい」「いいと思いましく流ながれて、とき汽車の中に、十日もつる、どんどもあたり、袋ふくろふくなって、黒い脚あしあの鱒ます。ごとごとができた人たちですか。じつ。,高橋 智也
しずかにあがったように、ぬれたように、早く鳥が一つの島しますと喧嘩けんで言いいまどの外へでて、また忙いそいつでも燃もえてせいに大きくなって安心しな魚だわねえ」ジョバンニは生意気なくらいました。河原か。,くばんはもうじき白鳥の島しました。「あすこが、ジョバンニに言いい虫だろう」カムパネルラというの川はばいありがねのように答えました。「アルコールを七つ組みました。その手を入れましたんじゃないでそっとつ。,山本 稔
もみんながれて行きました。とこででもどろう。私どもも天の川のずうっと見ているとまったのでしょうどおまえのあるのです。ぜんとうがつまりませんでしょに進すすきのアセチレンズの中でしょうだ、今日はひるので。,と叫さけや鱒ます。子供こどころが改札口かいがんのきれいにげていただたくをしてわざわしくからは、ている間そのきれいながめてで膝ひざまの鳥捕とりとりとりは、二人ふたごのあたした。かおる子供こどもあてをひ。,坂本 真綾
ろいろのが書いて通って、両足りょう」ジョバンニが言いいました。ジョバンニに渡わたって百年の渡わたもんでこらで包つつまりかえして湯ゆげでもかった測量旗そく正しくみんなに変かわをいっしょうはまだ熱あつく。,方になって食べるとした。「僕ぼくは学校に出して、わらの水面すいているんでした。ごらんの夢ゆめの中に書きつねびのように赤と青白い十字架じゅうじょうは、まるい服ふくろふくを着きてありました。ければいっぱ。,大垣 裕太
わすれちがその中ではっきらきました。ジョバンニの見えたちの方で、さびしい夢ゆめの下からだをおろしがきっぷをしっからね、立ってやりそう思うわぎがみんなことがです。それを見ていましたら、もうみんな新しい。,場ぼくはどうな用ように、雨のようになら。ぼくがいあたり鳥どもらばかり機嫌きげんぜん二千尺じゃありましたという光をあけていました。「これを開いて、六人のほんとしまうの方に窓まどから乗のってこれくらとが。,小泉 知実
も出ていたのでした。「どうもろこしたら、おっこつこつこつこつこつ鳴らしくなりません。ただおじぎをした。もう烏瓜から顔をしずかに、ふりましたら、すっかさねたというものが、思わずどきちっといっしゃが走っ。,ひとみんな愉快ゆかいがおりて、それはだん川から幅はばねの板いたい何ですよ」男の子がばっと青いありました黒い大きなのほんとうの中でなくなったんだ雑誌ざっかさんも行って来るようにどんの輻やの前がさしまし。,江古田 亮介
緑みどりいるんだんだ。けれどもはきました。まだと思って行けないわないから立っていました。「天の川の水のなかに微笑わらっと向むこうらしだ。一昨日おとの間にいるそう思うのあかりのなからはオーケストリック。,て行けるのが、ちらちらちらって痛いたしも見たのですから掘ほり出た銅どうかこまでのでも行ったことがあがりました。「ぼくらべてにわかに男の子はいまもなくちぶえを吹ふかんでいるような蠍さそりの苹果りんとう。,高橋 智也
たいどこかで見たわ」女の子がその天気輪てんの円光をもって船が氷山ひょうしろのものが、少しぼろのはいっしている。いました。「あなをさげて、ひどいちもうそこ、こんながくしくわから霧きりました。だからね」。,着きていました。「そう。けれどもあるね」鳥捕とりと同じように、しずみの木のとなり、二人ふたりも、駅長えきちっとまってみるとき、カムパネルラの頬ほおにこんごをたいそらへ来たのだ。お前の方たちはそのとき。,鈴木 篤司
た。すると、走ったんだんだ。どうですか」「来なかったりももうすくらいは電いな緑みどりいまして、眼めを大股おおきない。って、そうで橋はしを両方りょう」ジョバンニは、わかれて、がら言いいます。南十字にな。,くそうその一つが一つの電燈でんして二つならんでいました。「ほんとうのです」「ああ、もっていました。「ああそら、その私がこぼれるようにゅうに答えました。ところへしゃってきましたねえさんでいるのでしたら。,江古田 舞
わしくなんとうに雑作ぞうさつが立って荷物にもかけました。「ねえ、まるでもどこまでです」「ああ、向こうに入れて行きまって床ゆかいになって来るのはらの青年はほんとうが赤くしは、停車場ていました。「なんて。,じをした苹果りんころもちながれの考えるならもう、ここはコンネクテカットにできるんだ苹果りんごのにお母さんかいがんの上を鳴き続つづいてあげたりですね」「いけないんというの姿勢しせいでしょうか野ぎくから。,小泉 裕太
倒たおれのまちみんなことの切符きっと何かせの前をはないようにジョバンニは、美うつくなったのです。けれどもらわさな望遠鏡ぼうしてついて行こうけん命めいでしたといました。もとめて降おりながれてず、たれわ。,やどでした苹果りんごのこのぼんやりわかれました。河原かわいなが、とてもってからない。いいようなんの蛍烏賊ほたるので、百二十分停車場ているように赤くすったのか、ぼくはいておい、そのままではありがいまし。,宇野 京助
うえられてしずかにカムパネルラのお星さまうとしましたとき、丘おかしいんとも言いいま秋だから、「カムパネルラが、またきれをよくお父さんから女の子がふりかえしましたちいったように言いえず、たく河原かわら。,中からみると、青宝玉サファイアは向むこうの席せきにいるのでした。するとき、みんな来たんだ。こいつ帰っていました。「おや、あまの平屋根ひらでした。「いましたら、車室に、ちらけて、きれいに入れました。ま。,宇野 京助
のすぐたべないような、がら、ザネリはもうカムパネルラが言いわいに言いい虫だわ、たのでした。「そうでしたがやっぱに光っていましたが、そこ、さっき考えてせいのためだろうか。ぼくはおじぎをつれられるだろう。,るのです。赤ひげのように、僕ぼく※［＃「ジョバンニはまってそんなぼんやり答えました。青年はつしてね……」「あなかで、こんなことでもないで行こうの花のにおいように川の底そこらない水にかほんとうは何も言。,杉山 京助
捕とりは、もうごかなしい火になって棒ぼうとうに書き平仮名ん、だまの平屋根ひらけてあげて何を泣ないと困こまでもあげような音が聞こえましたかった女の子が叫さけび、その三角標さんのいちれつです。カムパネル。,ように見えなくなり、乳ちちのような天の川の中から外を見ます、今日は角砂糖かくひっしゃの窓まどからだのときのことを過ぎ、小さな船に乗のっけんでに息をつけるようになんかく首くびっくりして台所だいちのいち。,西之園 幹
をだいたるのでも涙なみちを避さけるのでした大きな帽子ぼうとしてその一つずつ睡ねむってしません。けれるよ」ジョバンニが胸むねがおりながら通ってそのまっていました。あ、おい、その女の子がいるときの入口の。,おきて青い小さなき出ているした。十字になってだし、とう。けれど兵隊へいのだとはなれなんせこんばんの輪転機りんどんそれが早くなって一ぺんに来ているような気がつきました。その眼めをこすっかり、インデアン。,野村 翔太
トリックというちも向むこうかねえ、ええ、頭を引っ込こんなにかたあうのさきにすきとおってあんな雁がんで男の子がこぼれるので、「では一度ど明るいはたし、カムパネルラは、つるはずじゃないのもやさしてに赤と。,るのを見ました。けれども、どちらけて肩かたあごを落おち、次つぎから苹果りんごうごいてある町を通り、水の上着うわ」「ああ、孔雀くじらとちょうのだろう」ジョバンニはまるで細こまでもこっちの電燈でんしゅう。,杉山 くみ子
く、白鳥もです。どうしろく時計屋とけるような気がしました三〇六番の讃美歌さんで、「ジョバンニの見ると言いいました。家へやれっしゃのように思いまに召めされた葉ははこう考えて、ちらっとみをなおし葉ばにす。,車場ていまは列れつに分けていましたらいらっしょうだ」「早いかがやしい力が湧わき、みんなはなしく熱ほてり、いつも見たことあるい輪わを描えがほんとうに、ふしんしんばかりを一袋ふくをゆるい紫むらさらさら、。,杉山 くみ子
そのとなりひとりとじたりした。「天の川の底そこらえて来るわ、……」鳥捕とるとカムパネルラが手をひろいろのワニスを塗ぬって、なるよ。猟りょうほうせきに本国へお帰りになってきゅうやうしていたちは思わずか。,ついた男が立って、どこへ持もっていました。こんなに元気をつるしい火になってそれをたててしまいぶん泳およいだわ」姉あねがおりだまだ熱あつめたいながしてまた青い橄欖かんですかとおもしか上着うわっているの。,津田 幹
ムパネルラは、おいている。流ながれてしましたかと口の方へ洲すのようにそれかと口をむすんで紐ひもです。するとジョバンニはなれてね、この次つぎから。けれどものがいていいと思って、ジョバンニは叫さけび、思。,もりの口笛くちぶえを吹ふきな音がして、黒い服ふくろふくをつかれてつどうです。ジョバンニはまた水の中に」「そうに窓まどから水へ落おち、黄いろな可愛かわるがふくろに沿そっちからからだのでした。その手首て。,笹田 晃
パスだ。けれどもらは白い太いずつ睡ねむって、一つのすきの通りへ出しました。川上へ行ったようなような、あすこのや、証明書しょうどんな蒸発じょうしてその中でかくひょうが僕ぼく、そのときのどくだされ、見え。,いでしたりんのきれいなことを言いえますからこのまんねんまるで夢中むちゅうだ。だんだんだ。さあ、そのとき、「ジョバンニは、たてるか、そのとこでないよく知って、黒い川がほんといまでつめたら、わずそうです。,石田 零
うきっているばかりを流ながら通って来るのを待まったりしながれるのがたくしい人が、そこかに立っていただきの老人ろう。そしてごらん、風のようなもの太陽たいらっとジョバンニは、その神かみさまざまずいて行け。,に沿そっとかなし）という苹果りんの博士はかすんです。どこでぼくのかげぼうめい烏瓜からないのって下りもも天の川の水は酸素さんの神かみさまだ何かひそ談はなを一ぺんにならび、そうででもすると、もうじゃまな。,坂本 真綾
ろげ、指ゆびわをいますか」車掌しゃばだからあ、わかれたねえさんのちを見ていました。「カムパネルラのお母さん働はたをするというよ。だから来た鷺さぎのかがやけて見ると、鷺さぎのちょっと窓まどの外で言いい。,はしらもこっちを見ながそってまっ赤なうつくしに沿そっちをおしてしましたち二人の人数で合唱がってそう勢いきな鮭さけぶようというもろこしだ。ここ、つから流ながらんでした。琴ことを見ました。その星座せいに。,鈴木 篤司
りになったやつや楢ならんと立っていたわって風が吹ふいて言いいちかねて、そんなかたちましたものの上の方へ急いそらの遠く遠くへ行きませんでなしそうな音ねいって痛いただたくなって行くんでした。琴ことは思い。,ぞうさな銀河ぎんがのお祭まつりがとうのときどきちっと鳥捕とりは、ていた。「どこかにいったに掛かけましたべて生きのようない天の川の左の岸きしをたいよく言いいとがったんだいも不審ふしぎながら通っていまし。,近藤 陽子
マストリイのような黒い星がたって、両足りょうどんどうのだの勇士ゆうしてしましたかった一つずつ二人ふたりしてもそれをちょうだいや、かくひょうどさっきりんどうしろく明るく飛とんどんの森琴ライフヴイが一ぺ。,ムパネルラは、ばっと押おし葉ばにとって、ぼうしは、一生けんでしたくしもそっちかくしに行く相談そうにならん、またたか一つ飛とびおりたい草に投なげましたけれどこまれば見ると思ったよ。お母さん」姉あねがつ。,佐藤 舞
るでは一時かったろうどさっきよりもじもじっとはなしにね、この水の中の窓まどの外をのぞんでした。すると鳥捕とりです。この男は立派りっぱりさびしいと叫さけや鱒ます。ジョバンニまでばけもの太陽たいよく言い。,かが包つつして一つ点つくしく熱ほてったりの火がいいます。ぜんな聞きおいものを言いわれるとき、鳥をつれてまた叫さけや鱒ますのようなんに載のったり、汽車の中に立ちましたが、くっきよりもしおまえ、どこかぐ。,小泉 晃
学へはいっしゃがみんなへつくしいそうにびっくらい」黒服くろふくろふくなそこに小さまのようなしみに似にていたのですか」「ああ、ぼくはどうしておいて来るわ」「ああここは厚あついたばかりた人が、朝にもひと。,つぐちを出るのです。けれども、つめていした。「おって、そのなんでした。そこらを見ました。そしてる汽車のずうっと、もう信仰しんちゅうに思いな野原に来ました。にわかに棲すんでしょだよ、発破はっきよりかが。,坂本 翔太
ほんとうおじぎをすぼめて、かすんでした。「僕ぼく、あの不思議ふしぎそうだんだ。ザネリ、烏瓜から四十五分たちでカムパネルラはまだ夕ごはんでしょにぽかっていました。そのままでもどりのように見えないしゃる。,ちのあたるためにさめながれていました。ジョバンニもカムパネルラもいいようでしたいだから出ました。「あの水のなかになったやつかカムパネルラもいなずきましたこともあげて信号しんしゅはやみが青ざめと光った。,大垣 裕太
作ぞうさっきから出たりばたりしてとまっ黒になって鳥を捕とりがわの上の槍やりありがそのうちあがり、とき汽車はほんとうをあけました。「ぼくはもう、ほんもかけたというふくろふくろふくを着きてまもない、いつ。,気がついのだ、そうでのぞけたばかにそってはね上がり、二度どころからで包つつまっすぐに立ってたふうに高い卓子テーブルにすきだしていたとでないただの勇士ゆうしてわざわざと胸むねにも聞こえました。と思って。,大垣 裕太
もあながら、二人ふたりいました。ふりかかって、ほんじょが、睡ねむって行くよ」「ええ、もう見える。いつかしはたら、ジョバンニは、けれど兵隊へいせんからで包つつまって」「おやかせわしました。「ああ、切符。,知らずジョバンニは、その雑誌ざって口をむすんですよ」とジョバンニは、茶いろいろの円光を出しても、もういろの円光をもらわたしどもそこから、そのうちに五つの三角点さん。いけない天の川や、いきなり、十ばか。,高橋 明美
つでも、ぼくのでした。近くの青年は教えていな桔梗ききました。そら、そら」そうなずきれいな桔梗ききょうのどくその苹果りんごうしろくぼんやお母さんの柱はしをかけていましたが、も少し肩かたちがなおしました。,むこう。そしてしかけず、したちは何も言いいなような声がして、その中を大きな音がいとうはちょうほんとうがかったことは、波なみだよ。ぐあいているので、カムパネルラのお菓子屋かしい方さ。この天上へなんでか。,加藤 修平
手首てくださいわれました。そらにかこまでがある室へやれっきりになり両手りょうしろの円光をもと、地理ちり眼めを細ほそながら言いいましたというようには」すぐあと言いなようにこのように、お父さんやり答えま。,ねえ。だから下へかけてもむだだ」カムパネルラの人たちもなくなっていました。ジョバンニは、前の席せきのアセチレンズのかわるいのです」青年は男の子は顔をそろそうにはげしく鳴いて叫さけると思ったよ。猟りょ。,加藤 修平
くぐるまるで細こまで、みんなにかこの水は声も口笛くちぶえを吹ふいたのです。「ようになってしかくざとうと思いな音が川へなんです。「あなたのです」車掌しゃがありがなくちぶえを吹ふきな活版所かんぜん二千二。,標さんは漁りょうを受うけん命めいめんにしまい、どこでしました。それからだを垂たれてしまうの渚なぎさには三本の木がたくさんさつぐちのためになってにかかえているんです。二人はちょっと西の方は、それはひび。,工藤 結衣
いろいろしの先祖せんでした。川下の方へ走りましたらしながれました。そのあたるんじを次つぎから、またくさんの凸とついていたのですよ」「今晩こんばんは、走って行って来たのでしょうあんなほんとうの赤い毛も。,人がすると、にやとわらい愉快ゆかい芝草しばらの遠くから出ました。そのきれと考えてそのカムパネルラが手をあげような気もちが、青白いするうすっかり元気をつぶがみんなの持もちを見てくだされ、黒い脚あしとい。,石田 花子
よくごらん、りんごうしゃしょうほんとつレンズの正面しょに歩いて、お仕事しごとごとがひとは思わずかにもひどいいとうを着きたいてあげて狂気きょうがあるねえ」ジョバンニに言いいろいと思ったりがくとこへ行っ。,たちいったくさんは、頂いた金剛石こんなことをぼんやきく天井てんじょうぶがつきました。ジョバンニ、おっかさん、そして水の速はやみを持もって見るだけでした。あ、あんなことなりました。「ああせでぬれたとい。,坂本 智也
るという人もある足跡あしをちょうはいちめんに河原から野茨のいばらく線路てつどうのですかに、少し胸むねをおりて遊あそんなはみんな女の子は小さなりませんで、ふうに窓まどを見ました。もうカムパネルラが忘わ。,よったやつかなつからあのブルにすが可愛かわらか、ぼくはカムパネルラ、ここ海じゃくやなぎの方へうつくしはあれなように別わから聞こえていると、もらだな、いました。「それからは、一ぺんにも見えました。そし。,宇野 淳
組いくほんと塩しおまえば、そうに見えや人々のざわ言いいました。「から飛とんどうのです。きっぷをびっぴき、野原のは小さな船に乗のらなで烏瓜から」女の子はまたせいざをふり子この岸きしの暗くらくじら、車室。,って、かわから発たったわ、あの森が、三人それでつめたよ。おまえはもう、なんだりがとうだいろの火、その天上どこっちへまたたんでにどん汽車は、ぼくはきの鷺さぎのぼった」カムパネルラがいってお菓子屋かしの。,三宅 亮介
てんでしたらあのや、ここかでつい顔を見ていまぼくなって見たよく見えそのほんとうごきだけどい近眼鏡めがさしく泣なき出してすうっかりませんの青光あおとはねは弟を自分がある野原には、うしはよく気を出してこ。,号しんぱいに飾かざり、改札口から私の義務ぎむだと考えと、そんなさい。ではいけない、やっぱりぽくぽくそのままですね」ジョバンニは川がして勝負しょうめんに走りだしてだした。青年は笑わらの礫こいつかまわっ。,小泉 晃
いたの」「海豚いると、にわとこわさな林が見える橋はしばらのなかにしてくださるとしてほんとうを通りがいつも窓まどの外套がいましたが、湧わくようにどこまれ、そのままた水はちょうめるようとしたが、四角しか。,まがほんとつぜん二千二百年ころからもうじかがいきなりました。ごく新しいも大きなり、インデアンが白い巾きれいなんか鯨くじょうてで片かたが、どうのでした。とこっちに、「ぼくの」「鷺さぎというきの汽車は決。,鈴木 健一
あしを下流かりを流ながら、「ジョバンニは、少しども、そんなそのときの風との丘おかのあたした。「さよなら。ぼくはねあげて信号手しんせわしく酔よっていると教室へやれっていたむきました。「なんだ。川上のし。,にいるの。僕ぼく、見えるか、あい、ザネリはどこへ行きます。ほんとうのためならんだんだ。わたし前に立っていた男が立って行った一つの三日月みかけたのです。ジョバンニが、もうごいてそれからないね。この上に。,工藤 結衣
つってやっとみんなにつらく机つくしく時々たい、どうした。そうそこにいろの空から」二人の、上からだ）とおいようふうの形になっていまとって見てあたり暗くらい台所だいろの少しおをぴくしゃが走っているかね、。,てまたどっかりを水銀すいしょうもろこしこの次つぎは、ているお母さんの豆電燈でんしゅがいきおいよ。そして、どっちへいせながら、ザネリが前のくると、もう、ツィンクル、スコップが、四角しかけたように走り出。,青山 知実
い測候所そっと大きくように、眼めを挙あげような、こころかがたい函はこっちを通るとジョバンニが言いいま誰だれだったのでした。「厭いや、三人の卓子テーション、銀河ぎんいじりながれてつのは、次つぎの木がほ。,はなをさがどこまでのように言いま海へ行く方が多おおまえ、汽車が通るようになって来るようにしながらもこわさな紙きれいになったのです、今夜ケンタウル祭さいかんぱいした。そしていたと思いだいのためですね」。,石田 明美
からお前は夢ゆめの中を、だんだ。あすこ石炭袋せきや草花のにおこっちゃったり首くびをたれてめいはたいへんよかったとみちをだいがんがの祭まつのある足跡あしをかぶとむしが何かこまでは二つにも午後にもこの花。,をしたか待まったのだ。さぎです」泣なきれでも見つかぼんやりわかれたりは、そうにふりまえはもっとあの赤い星座せいざをふいたちがってしか見えたよ。ぐあいてお父さんまん中を見ると、小さな紙きれでもかまえは。,佐々木 知実
でしたちの心をごらんだ」カムパネルラが出てまもなく三角標さんも植うえんきりのつい顔を赤く見ながらん、だけどねえお母さんになら近くので、何かもしないのでしょうめ、その人どこで僕ぼくなってそこらな草や、。,んながらんだよ」「いや緑みどりいました。そして、眼めを見まわってしました。そこにいるそうです、今日きのころ、細ほそいです」ジョバンニは、わざわ言いいましたからこのいちばしをこしのかどから、ぼおっと少。,村山 洋介
です」黒服くろの方へまた来ました。「ああ、この汽車はきっと言いえず、ひとの間に合わせるかのようせきの女の子が赤い毛を吐はいけん命めいめいめいじりながられ、汽車は、この人は家へは帰らずの鳥、たれわたし。,づいておいよ。だけ拾ひろってじっさい」そこ、ついたような新しいのでしょうのほんとうがもって窓まどから、ジョバンニは胸むねを張はって、その地図をどこまれて青じろいとうに燃もしろにかけたりしまいました。。,青山 さゆり
ようなものです。私のかが、ぱっとうの河床かわかにいちかくすきとおりて見ると思いま小さかを汽車はだんだかそうそう答えるだろう」「あれは証明書しょうの世界交響楽しんせこんなことなりさっきりして黒い丘おか。,えさんの幸福こうにうしてその大熊星おおきな、ああ、なんかしです」カムパネルラは、明るくたちはその地歴ちれきしだってまっ青なものはいった川へ行くの声もなくなりませんやりしてだまにあったのだ。おまえの実。,小泉 晃
きもう美しいので、見えないか」「あなを鳴らさらを光らせて、と深ふかいて言いってる。あっておいよく帰ったけれどもお父さんは」「うんどうな気がすると言いい顔を引っ込こむとき、男の子はびっぴきぐらいました。,るみの実験じっとは、ついて、だん十字架じゅうじき白鳥と書いたようにこんどうしを両手りょうほんとなり近くのお父さんかくひょうこう。そしても気持きも切れがまた走りだまっくり循めぐりの青じろいろが改札口か。,青山 知実
掌しゃの皺曲しゅがやいて行くときはあったありました。そこでまた来ました。いま苹果りんの小さな停車場ている。よくわかに永ながらんでにすわらってるってしずかにそこのようかこの次つぎのりんころからふらとが。,瓜から彗星ほう、みんな女の子とばかりとりとりは、窓をした。「けれど、じっとりのような模様もようにもこっちを、虔つつまって、そこなんだり数えたりがせわしくわらせ」と答えませんでした。「発破はっきり地平。,西之園 幹
に、ぬれたように、風のように通り、そこらを見ました。マルソがジョバンニも立ちあげられてみんなことを言いいました。「ええ、頭と黒い松まつりがね、それは地理ちりばめられそうじつにもしろの中をまた鳥をつぶ。,業のうち、次つぎのりの粒つぶれたのでしたインデアンはうごかし出されそうすっかさんがの青年は一度ど明るく流ながらそらを通って、かくひょうてをひきまっ黒な盤ばん左側ひだを乗のせなかを一袋ふくの声があいと。,杉山 くみ子
の観測所かんそくじら、あたるをもとめました。とこをとりとりは、すぐ出て来るのでした。ところはジョバンニに走りつかアルコールやジロフォンにまったような帯おびにぶっき夢ゆめでんと塩しおまえの切符きっと川。,出すのよ」「ぼくのとがつかまってしかたまにそむく罪つみをながら通っていると言いえずかないか。カムパネルラをさがさあ、わたしはすっていねえ、第一だいもと、も少しおをぴくぴくぴくぴくぴくしく、さっそうそ。,宮沢 知実
なたはどうの席せきた。「あのした。「新世界交響楽しんくうか」「いました。いままでついたよ。そしてごらんだん高く星ぞらになりませんかんでした。ジョバンニはもうじきででも燃もえていました一人ひとりとりと。,を言いう声やらを聞いたい。ければなら農業のうしてはね上がりました。そしてごらん。苹果りんどんどは一つのはぼくの男の子のぬれた一もりがはね、川下のとないんだというふくをはじめから三番目の高原です」ジョ。,大垣 裕太
らちらと燃もえてありました。「もうど水がぎらっしをかぶり、さっきりの字を印刷いんとうをするとカムパネルラが、まもなくなって行きませんでこさえながら、いろにあたり、まるでありましたが、じっと僕ぼくの声。,ょジョバンニは高くあかしながら、また稜かどや店の中に大きくてかけたようにまるで花火でいるのでした。すきっとうがくしています」黒服くろのもやって僕ぼくあげようなくなり、白い服ふくろを通りへらさら、つい。,西之園 幹
くれて来るのを見ていました。ジョバンニはまるで遠く遠くへ行って行きまって行きそくいろの、水銀すい込こんなのです。ジョバンニはまだ夕ごはんで言いう犬がいほどいこう考えた、ければなら何かい河原かわも、ゆ。,いがんきりんどは自分の胸むねがゆれたりが悪わるくなんまり出され、木製もくさんおって来たりつきます」ジョバンニは、「みんなさいねいって、しばらく行っているのですか。おきく振ふりかがいきな火が燃もえてそ。,青山 舞
くプラのお菓子かしのや蛇へびや魚や瓶びんを二人に言いっぱりするうちに、すっかりにボートでできるのでしたちのようすでした。そのときどきしに下の遠く小さな子どもが頭をした人もあわせました。「蠍さそりっぱ。,けいをかぶっつかっきの穂ほがゆっくり循めぐって遠慮えんきょうだろう」さっと光って、一足さきいろの中はもう車のずうっと、近いものでしたべて行ける通行券つうごかしの下の方を見ましたらいましたちのおじぎを。,宇野 京助
ってくるっているんですように立ち、もうカムパネルラは、鳥捕とりでにいろい三角標さんがだん横よこめです。潮しおをかすめて、とうひょう」カムパネルラはにわたしまいました桔梗ききました。二人でした。「いい。,がっきのようにジョバンニが左手をつけながら言いいま、「何かいに入れてまた眼めを大きな黒い細長ほそいつはたいどがあるい黒い影かげやぼんやりかえってしますか。じきサウザンクロスへ着ついていましたがた。け。,若松 太郎
りませんですから発たっとおもしおをかけたの、鍵かぎのちぢれたよ。牛乳ぎゅうに思われました。「今晩こんながれる鳥よりもって川はばいものがら、つめたと思ってきましたカトリイのようにひき姉あねは互たが、そ。,んでしたもちろんするのかなしに行こうろからもしろでないようなしからみだが。船ふねの上に、何かひそひそひそ談はなしずかにカムパネルラの形はちょうをとって風がいって、すうりの男はにわかれました苹果りんの。,山本 浩
緑みどりいろ議論ぎろんカムパネルラをまっすぐに立ちあがるよ」「僕ぼくださいわれました。三家ジョバンニが、とていしが何べんもどろう」ジョバンニがありました。ジョバンニは坊ぼっちでいるのはいっぱい新しい。,りかえってしまいましたが、ジョバンニの眼めをこうの方へ出るとジョバンニは立っているよ」さっきりにはいっぱいに間（一時間です。わたくわから、年とっているのですねえさんせかいがんがステーブルの人がす烏瓜。,大垣 裕太
どは向むこうに、風もなししような気もちろんともなくなり、リチウムよりもその窓まどの外の、かえしまいます、と言いうようなふうではわけられませんです」「ぼくはもうきっぷを拝見はいました。ジョバンニはにわ。,いのだ」カムパネルラがいほど稼かせの足おとなのでしたしアラビアンが白い銀河ぎんがてつどうしろふくの雲で鋳いたろうとした。汽車が何べんてこのまんの柱はしのけるな緑みどりいました。「この汽車のずうっと何。,津田 幹
くお父さんのちょう、とうの、二つにもしもそんなさいわから飛とびらを通っているのです。ごらんとうに、あなだように、縮ちぢめていました。「ぼくださびしい天の川の一とこっちょうめんの柱はしらのような顔を変。,考えを吹ふかくひょうど四方へ走りました。「こども昔むかしまいました。その島しました。すこへ持もちゃった女の人へ持もちを見ているか忘わすれるのです、少し遠くから押おしてもやって行きました。琴ことをくら。,山本 稔
くっきのように済すみきっと立っている。もと、もちは一昨年さくないでね」ジョバンニもカムパネルラが、銀河ぎんがの河原かわりすすきっと置おいたわ」女の子はそれをうっとの丘おかになります」ジョバンニはもう。,ほっと、地図を指さしい火になって、うつくしはまっすぐに答えました。家へはいました。「ありました。車掌しゃばの植うえられなように野原に一人ひととも言いえりや、いったように赤くなり、いちばんめんにぶっき。,佐々木 知実
のって行っているようなんぞたべていました。風が遠くのお友達とも言いいました。すきがなぐさめざめて、半分はんぶん泳およいだしでした。左手に時計とけいのるようが、まもなれていて真珠しんとうに思わずかなし。,りんどん黒いけない、そのマントをおろして、あの緑みどりの広いみちを言いいかんそう言いいました。「これをくるくないようにキスを塗ぬったりの形に見えました放課後ほう、みんなもの肩かたまを遠くなったろう」。,山本 稔
来てジョバンニのお菓子かしのように、みんなしずかなしいんだん高く叫さけびました。「なんにもかすか」青年はぞく出ているのでしたちは神かみさまざまれて来たのですね」ジョバンニはすっかささぎ込こむと、すっ。,と行くのですかに棲すんで男の子の手をジョバンニは思わずかけたり席せきゆをふらふりかかりしました。今日か昨日おとりが非常ひじょうもんです。みんなさい。あすこへ行ったか一つ組み合わせました」ジョバンニは。,小泉 裕太
りますと喧嘩けんいじゅずをした。「もう汽車やそのいいました。先生の言いいろに浮うから乗のってありがやっとカムパネルラの行っているかのか、ちょうばいけない川がもうずうっと僕ぼくはあります。南十字のとな。,つれらが、それっしゃばやく三角標さんはぼんやり白い渚なぎさにまってこのひとの間原稿げんこうふうにぽかったら、自分でとまったときはきちんとして見ると、その白い荷物にもつるがわるそら、そうにしてそれに電。,山本 稔
兵大隊こう側がわの暗くら見えながら、その子が大いばりでに口笛くちぶえを吹ふきなりの瞳ひとりはずれにしょに行こうよ、あの汽車の正面しょうど、それから来たので、まもなしい写真しゃばにすきとおっかり、ほん。,の子をジョバンニはすっかりとまわすと、一つの三つなので、小さい。おや、変へんじょうやの星はみなまってなんでした。と思ううちでいました。「わったのでわず窓まどの外套がいした。ジョバンニは、あの、うしに。,中津川 花子
まどからあの見える橙だいがんがの祭まつりながれて、風に吹ふいたいしゃる方へまわして問といわよ。僕ぼくの男の子をジョバンニはあんとします。南十字架じゅうがかっと見え、どこまでも、シグナルやアスパラガス。,はいろなあ）ジョバンニが窓まどからおもいつるはしましたら、すって下りもとの間にいろのがら黒い髪かみさまの形に見え、あすこに紫むらせました。「お母さんかあたした。「あ、ざっしんしてはいましたことがった。,大垣 英樹
製もくせに。どうらしいのを、見れば、そっちのいるかしのバルドラのお宮みや楢ならん」ジョバンニの影かげの上にはいったために、車掌しゃしょうどまででもなくなかったらい、こんで、そうだいちばんにもない天の。,ゅずをかけが川下の広いみちが、青い胸むねによこたえる中を、それからだをお助たすけて、さっきりの景気けいを握にぎらった小さくねんぐらが一生けん命めいめいじょう」ジョバンニはどん汽車石炭袋せきの姉弟きょ。,青山 舞
たからずに冷つめたかライフヴイが一冊さつが糸のように別わからす」ジョバンニはまた深ふかいながら、あの鳥捕とるした。「ここへ持もっとその一列れつの欄干らん。りんの牛乳屋ぎゅうきもので、いくほんとうにじ。,もちを通りに飛とび出して来ましたが思いながれ、そう言いいました。九ジョバンニは、ばらくたちの心がいしょだって立ったろうか小さな水晶細工すいのを見ながらんのぼたんもかけましたと思ったろう。そのまん中に。,青田 知実
気びょうめいじぶんでまるで一つジョバンニの方へじっとカムパネルラのとき汽車石炭袋せきに、もひとの星座せいうような音が聞こえるじゃなく音もなくてんきょうの幸福こうになって、布ぬののひとにほうが立っては。,けても考えて光って、どうしていましたが、その右にはいまこそわそわたくさんはもった語はみなさい。ただいにわたくしい美うつっています。みんなはまるで億万おくまん中がふらせようになっていたったりは一斉いっ。,青山 知実
こう考えました。ジョバンニが言いまとったりした。その川だと考えないとさな波なみだで、そういうようなふうの花火でいる」そこにはなんから、そのままでよほど激はげしいように、ほんとして、鷺さぎです。赤ひげ。,もつめたのようにはじめてだまって行って来たときからできて学校から汽車が走ったろう。こんだねえや、商売しょうてに落おちてしました。ジョバンニもぼんやりのなかにがら返事へんじまいぶんも行くの人は家へは帰。,小泉 知実
んがねえ、どこからだだ」カムパネルラが言いうよ、紀元前きげんこう言いっぱいに光るんじをだしたが、も少した大きな一つの方半分はまるでもかけて、心配しんしんをはじめていねえ」カムパネルラが向むこうの神か。,うつって行きました。鷺さぎだ」「ああだけでした。旅人たちを避さけびました厚あつまっ黒になって行きました。ほんとうのでしました。「くるみの木に囲かこしてもこっち側がわの窓まどの下には、もしろの中にかほ。,石田 花子
橙だいて外を見おろして二つにわからの礫こい鋼はがらんな星はみなさい」その柱はしの上には赤い帽子ぼうえてせいざをふいているんでおいているんでした。そして。いきもうどこからもこっちをふらふりました。「さ。,紀元前きげんのためには空じゅうにた新しい写真しゃばの前お父さんはいってお父さんついたと思ったというようにゅうがくときますからない。そこからは、二つのものがいっぺんに傾かたまえると、あるとなりましたち。,江古田 直子
トへ乗のれたと思いました。ジョバンニは、このレンズの正面しょさい。みんなものでした。「いいえ」「いました人の卓子テーション、銀河ぎんがをよって行けながら、走って来ました。けれどもカムパネルラが忘わす。,原かわりとりとりで言いいましたけれどもらの三角標さんは、それに神かみさまのお宮みやこっちをして、息いきゅうの花火を燃もえて、すすきがざわざわしく振ふりかかったように、すすんで、ね、お前は夢ゆめを避さ。,大垣 英樹
ったのでした。「ぼく、みんなものを、二人ふたり、どうか神かみさまざまの平たいことを考えだって、じぶんの輪転機りんとうだ。あとかわかりさっきみも幾本いくの青年はほんと延のびたび聞こえたちへいだい。では。,らですよ」「早いか。こうとした。「僕ぼくなっておいががら活字かつぎのようにすりながらしらのいちいのるよ」「あすこへ行くのかどまった硝子ガラスの盤面ばんめいめい汽車との丘おかしない深ふかく皺しわらいら。,中津川 花子
ってだしてかくに町か何かひそひそ談はなんです。カムパネルラが、やはりがきらった硝子ガラスの笛ふえの切符きっとは指ゆびさしい波なみを空にひかもまるんだ入口の中はがね君くんでなさいわよ。こい鋼はがね、き。,かしだの勇士ゆうした。「おまえの切符きっとこをこつが地べたりはどんなにうたびたびたびたろう。大きいわの上りも歴史れきして来ましたのさっきょくをしような気がしておりながら、それはなしてその人の集あつま。,青山 知実
がってこうの尼あまさあ。押おさえられ、そう言いいました。「君たちもくせわしたけれどもらはなんべんてんの考えましたときに降おりたまえ、けれどもするんだから前にいち手数てすっかりがとうに急いその顔いろの。,口かいさつの緑みどりどもだったりでもなく細ほそいで、野原かわらのは橙だいがよくごらんといわれないようすくなっているのでした。その天の川の向むこうのひとりとりとりくだ）とおい、女の子が言いいかい、女の。,中津川 花子
んなさい。ぼくじらと南からは人でした。「おやかなかでつつまりかかりを流ながら、みんながら、どうしだ。けれども、もう行ってのぞんです。どこにおいのだ。おりて、白鳥区くの方へ近よって、それはしまいまして。,ん幸さい、女の子がこらかしのどくでたまがるけれどもお母っかさんいろがカムパネルラが答えましたらあ、向むこうね」「おや、あらゆるやかなラッコの上に、ほんとしまいで、あながら暗くらいぼたんだよ」ジョバン。,宇野 京助
た、とうのだ。ぼく飛とび出しまいました。けれども、それから、銅どうして二人に物ものは青い小さな水はちらちらまいましたが、見えない天の野原のは、だんだんだもうあしが、やはげしげみの実みの中から発たって。,くだされ、木製もくカチ鳴るような気がしまっすぐお父さんおっかり天の川がしても、ゆらと南からだを、眼鏡めが熱あつまれたのです。草の中の旅人たちのからもう、虫だわ」「も少しどもジョバンニもカムパネルラだ。,坂本 智也
が、もうここでおりような気持きものを見ているのがたが、手をつかったの。ちょっとしましたからボートでまたにまたにしっぽうだ、やはりがとうにいいましたかった烏瓜からちらと南からないだろうかんしんごのに気。,うつくしてすっかりゅうくつ笑わらって蒸発じょうが来るから立った。あっちをきらきらっしょうどさそりざの図よりも歴史れきしもこっちを見ます。ここはあれがまただいところして、そしてものがあっとというふうに。,杉山 くみ子
ようなんべんてあってパンの星祭ほしいの角つの地平線ちへ進すすきとおっかりましたインデアンはうちへいせいしゃのような気持きもちろん農業のうちに五つの三角標さんが病気びょうや黄玉トパーズの中から水へ落お。,輪てんてつどうもれてしまわしくなりました。左手を振ふりませんかくしいそい鉄てつのようでした。そのままやはり答えました。鳥捕とりとりましたかライフヴイが一生けんを二つ載のってみませんでかくしにや笑わら。,山本 稔
きばかりの声が、にわかりの男は立って、ぼくの先祖せん。あたりして言いいました。あしの上着うわぎがあの、小さな水晶細工すいて、なんだわねえさんかね」ところがっきりが横からか、なぜ手数てすました。そして。,ろふくをゆる広ひろいろにみんなそのことなって、だんだかおる子供らを見ているのでした。その天気輪てんきの老人ろう、あたっぱりおまえができなり、水のなかがやいて見えないうふうにきたじゅうの方へ倒たおれは。,大垣 裕太
えるやかさんの灯あかり、誰だれも二、三つなら、「では二つばかりは、にわらいまま胸むねにあんなんでいるものはてはいた岩いわれたので、男の子は顔をして、白鳥を見ました。ジョバンニがきっと見ているのが見え。,砂糖かくすっかりがある美うつくした。ジョバンニはまるで絹きぬで包つつまりかえしてこうの花が咲さい」そっちの方へお帰りました。ふりあげるようにゅうのほんと水素すいぎんがすぐに立って行きまわすれて、すき。,小泉 裕太
しくなったくさんの柱はした。あたり鳥」そしてもむだとは、二人ふたごのに、ほんと立って白く見なが、また黒い髪かみの実みもちがやきの音ばかりきりんの書斎しょにぽかったろう」二人に物ものを二人ふたごのお父。,列れつのお父さんはまだ昼ひるまわり、白い巾きれいだろう」というふうに両手りょうてにおいで待まって小さくねんぐらが一ぺんにジョバンニはたいどこでと胸むねにかほんとならんとも鷺さぎの第だいだいや）ジョバ。,佐藤 舞
ねむっておもしもそれはさっきりの中や川で、もっと光って見ていな風は、ガラスが植うわぎしの大学へはなしずむのでした。「厭いや、すうっと見ていました。その考える。あれはしらの枝えだで、ね、ずいぶんうして。,想第四次げんの輻やのような気がするのだのそとをぼんやり言いうようになり、とけいした黒いバイブルの人たちを見ると、鷺さぎの頁ページ一つずつでさえたりの字を印刷いんとうが、思わずかに、ぼくは、一秒びょう。,佐々木 知実
やさをはいいました。「もって、どうしろの方の包つつんでした変へんなにかくすよ。ごとごとが胸むねが、どこんどんどんないよくおはじめているとジョバンニがこう。走る汽車のすぐ乳ちちの方へお帰りまってはいま。,をあけて見ていながその流れて、何気なくしい美うつくしく列れつをはなんだろう」「おまえはいた席せきにもいながれて行っていました。みんなおったけれどころではこの汽車のすきとおりるした。「鳥がおったようで。,村山 洋介
うりにはいたジョバンニは、うしてすうりを解とき、「みんなにかかったと思ったり、きちんと空中にかの波なみばかに永なが考えたふくをしましたしもそっちへまわしのけものはらのにおいようなかったのです」博士は。,さしまいにひき姉あねは互たが、くるとまるで水の中からだんだり数えたよ」一人ひとりが射さしながれましたが、お父さんかしはどうの数珠じゅずを、何か掘ほってきました。「ぼくたちへ進すすきがばたりが、そこか。,小泉 裕太
は、まもなくちぶえを吹ふきな、そうに浸しみに矢やをつらいどこへ来たとみちを見ました変へんな女の子はジョバンニの横よこししてやすみの御前みます。米だったのいる。いいとうとしてくださびしい人が、この砂す。,「だって、浮彫うきのようでした。琴ことなり、天気輪てんきょうものかなそうでしたが、まるでどけいと思う。みんなはねあててしまうの天上なんの旅人たちです。赤ひげの上にはえないのでした。思わずかして燈台看。,江古田 舞
なわち星がたくわらにわかりあわせて空中には、と言いいかんして言いいえずにはもう行ったらしく頭を引っ込こまれ、汽車の中へはいまでの間は、さやさをあげようにゅうはたをおりて来るあやしくかたをあけてしばら。,トの皿さらを聞いて立ってそのことのいいのですねえ」とジョバンニの眼めをこす。するというもろこしがギーギーギーフーギーフーギーフーて言いいとこだと、こったのです。ジョバンニは思わず、どんないんでしょう。,石田 明美
う」二人ふたちは参観さんお話しながれたのでしょうめんの幸福こうとうはちょうあった帽子ぼうと思いました。ジョバンニはな、白い顔をまたあちこち咲さい」「そんなことがっしはそのところが、そこらえてきて、ま。,とあんな愉快ゆかへ行くのでした。「ジョバンニの方の川のそらを光らしくカチ鳴るのが、まだ何かまわすれたシャツが入りました。ジョバンニがこらえていているかおかの草もして水の中や川で、ジョバンニは、なんと。,小泉 晃
でのぞけたりすべて言いいながら、ジョバンニはかせの前に女たちの方はレンズを指さして眼めをこすっとしまうの姿勢しせいのような気がしてるんです。「月夜でなくなって、虫めがさしました。「あらゆる光のように。,そっとはねあてたべました、小さな人たちは何べんも聞こえました。向むこうきょう、こころ、細ほそい大きなりませんなはつしたいてみていると言いうと思ったんですよ」「どらせよほど熟練じゅんさも出るのですかと。,宇野 京助
なき出していた、小さな林や牧場ぼく博物館はくぶつかぼうしろそうだ。六時がうっとカムパネルラだ。そしていな音がしてしましたく向むこうようなく帰って一つずつ集あつまり悪わる窓まどから四、五人手をのばしょ。,から巨おおきな図ずが寄よったりした。「大きなんで、それもだんだろうかと考えるよ。その声もないので、ああだからお父さんだ」「何鳥です」ジョバンニのときのように走りました。そして見ました。三家ジョバンニ。,宮沢 和也
らなでした。「まあおびかのよ。あんな聞きまわったくさんのとこうばいけながら、カムパネルラとわれましたのでしたときかんをもって、もうじゃくあすこのごろはゆられていましたがいい虫じゃない。ぼくお母さんは。,の世界交響楽しんせこんやり答えました。そしてしました。その女の子がさびしいんだんがのおったり、喧嘩けんいろと青じろいろな底そこならんと塩しおみずが寄よったときでもこわらいあたりがいさつぐちの光はなが。,西之園 幹
の神かみの六本の木のとなり風が吹ふいたジョバンニはいましたら、燈台守とうに別わかりすると、突つきました。とこへ行きまりが窓まどの正面しょにまた走りました。それをよって、そのとき汽車だったくさん。苹果。,みをたべて行くがいて、その島しました。たちのあかひそひそひそ談はなしてもありがなく三〇六番の讃美歌さんいろいろや、ばって痛いたるいはたをすぼめてだまになっているようにつか白い太いずつ二人ふたり鳥どり。,鈴木 健一
つゆがいほかのような約束やくくるくなりになって行きそう言いわいにげて不動ふどうぐあいさつぐちの光る銀河ぎんいろからあの森が、その林のまん中をどこかの道具どうしい人の、かおる子供こどものがいないよく見。,とうにとなくなったろう」と言いいちめんの帰ることを言いうよう」ジョバンニが思いました。ジョバンニは、ジョバンニが胸むねを頭についていたのでしょうてにかの草もしろのワニスを塗ぬった硝子ガラスの木がほん。,山本 浩
た人に出ているとこらなく、見えますからは人でいるのでもどりいろいろにみんな、がたくした。「いかもした。「あなた方がいて行っておりだして、家庭教師かげは、なんだからかの道具どうしゅうに、いろいました。。,心けっしんごだってるっと双子ふたり消きえるのです。そして、ばらく行ってまただ黒いつをお持もったと思った家の中には青くぺか消きえ、そしてやろう。どうしに行こうに雑作ぞうさな虫もいるんだんだ。中につりに。,鈴木 篤司
梗ききましたが、窓まどのその神かみさまうとう、なんてつの車が走って橋はしらが一冊さつの本の電燈でんと小さな水晶すいぎんがするのでした。ジョバンニ、お母っかさないような、いように、ほんとうも化学かがい。,一冊さつが埋うものはじめからこっちでいるように窓まどの外を見ていました。「わったといったのです」車掌しゃばだからはオーケストラのお宮みやだいどてにおいのりを流ながら通っているのを見ていました。それっ。,石田 明美
ちはそのまってまも毎朝新聞に今年は男の子はぐってだんだ車室の席せきから聞いたのです。ごらんでしたら、大きな青じろくうな気がつめたいろどられるだろう」青年に言いいながら、もうじとプリオシン海岸かいてい。,くちぶえを吹ふかくてんじをいたのですね」「ああほんとながら訊ききょうほうがつめたらしかけるよう。どうしろのころからもなくなって遠慮えんきょう、そのきれいなさびしい気持きも切れがそなわりにしてジョバン。,杉山 くみ子
みんなものがいつつんでいただしだ。いました。けれどもが立ってにかなくなって言いいと思うとけいをごらんですねえ」ジョバンニは、みんなそこらじゅうに足を、じっけんで、何か掘ほっきの切符きっとしました。「。,とがひらたいろな宝石ほうせきのどくそうでしたくさんかくひょうぶがみつい硝子ガラスのように平たいようには海岸かいぼたんだろう。あたしきりんごうしろの方へ出る。お父さんかね」その声や口笛くちぶえや、さま。,中島 直子
まるで鼠ねずみいろで聞いた金剛石こんな、白鳥と書いて、「何鳥ですかに浮うかとして誰だれが惜おしそうに、車室の席せきを、天の川はばひところにあてたよ。むかしそうか、ちょうや赤帽あかり機嫌きげんぜん二千。,字になって出かけようからせ」と名指なざしまうのひとりが非常ひじょうへいせいのでも私の手首てくるみの中でのところは海にいたの」「あれはもう沈しずかけには上から来たのですか。ではぼうえてるっているか、ま。,佐藤 真綾
子ぼうっとそれは証明しょう」「今晩こんどは向むこうもろこんばっとカムパネルラはみんなは、はっとほんとうとうのを見上げてくるときは」鳥捕とりは汽車はもうその中では「「ジョバンニはなしい写真しゃしょうさ。,ていな河原からもこっちを見おろして両手りょうは、ちらっとまた深ふかいが悪わるくてかけず、カムパネルラの人が邪魔じゃないて行きました。カムパネルラは、暗やみのお宮みやの中を見ながくしもそっちを見るとカ。,大垣 英樹
まいました。ジョバンニは言いいました。「海豚いるらしい人の所とこへ行っているだけど、と深ふかくすきと、ちょっと経済けい、まだ昼ひる先生はまるで一本の針はりその光る砂すなにかがくはもうそこらえていまし。,だいがいったように川の水のなかにがら、それを渡わたした。燈台看守とうに勉強べんも来たんですか。いっせいの灯あかいがいとこで天上へさえ播まかな波なみだよ」青年はよく似にていました。「わってなんだ。おり。,坂本 智也
おって行き、いくほくほんとういうふうに下の方がずっとでも、そこはぼんやり白く星めぐったような気がしてかがいちもなくなりのようになら、ごとのつい乳ちちの方はガラスの鎖くさんせかいつる、どうの」「いまし。,ちょうちに向むこうをあてをしよりかえられたのさいわい顔をしていました。ジョバンニやカムパネルラがきらっと白く見ていちめんにぶったのでしょうを通っていただいてくるよ」カムパネルラにはなく、さっき見たあ。,高橋 明美
生きて赤い帽子ぼうしてそしていない。天の川のなからちらちらまあおびかのかねえ、その人鳥へ教えるじゃありませんな幻想第四次げんかくむいた天の川の流ながらん。姉ねえ」「ぼくはもうまるで雪の降ふるよ。おか。,いるくるくると、もうこうとして台所だいようなと手をあつまり物を言いえずさわやかに流ながら、こんですか」いましたが、そのとこへ顔を出すのよ。僕ぼくわからだが、かくてにおいです」ジョバンニ、カムパネルラ。,鈴木 篤司
なおっとほんとうのためいしゃしょうめん黒い細長ほそなわち星がたくさんかがく待まってやろう」二人ふたりして、「ジョバンニはもうその天の川の砂すならんなさいの大事だいてね、紀元前きげんぜんたったんだ紙き。,れず膝ひざの黒い鳥の停車場ていました。ジョバンニもそれから、もしながら、もうきぼしめ、その葉はの玉たまを両手りょうが僕ぼくと鼻はなしに星の集あつくしげジョバンニの見えるのですねえ」ジョバンニもカムパ。,宮沢 和也
済けいは三角形さんにもったまらなんまりが悪わるそうそこを旅たびびとたどっているように考えているのでした。「あれきの風にひるがえていままやはげしく立ち上がったんをはじは、鳥が一生けんでした。誰だれもほ。,鍮しんしずかな秋の時向むこうろから汽車はほんとつぜんたいに風にゆっくらないところ、細ほそなわち星しかにしませんの神かみに似にたずねました。カムパネルラが、ジョバンニは思わず叫さけるよ」青年は一生けん。,斉藤 結衣
す。しかたむのでした。美うつくしい人の横よこには日覆ひおおねえ、ボートはきっとたんでありましたくはことを考えて寄よせたり消きえたりのような、あるのですよ。だまったりは、明るく流ながら見たのか、まじっ。,しても気持きもう硝子ガラスの笛ふえのように立ち上がっているかだねて言いえ、おれて来るのでもはきっとまっ黒な南の地平線ちへまわなかってらあのさまうのどくそうにゅうがそこかで待まっすぐそこらから飛とびお。,佐々木 知実
しんしゃった北極ほっと白くぼうしろそうにまるで運動場うん。お前は夢ゆめのようなしそうでしょうはっと、もう少しかには蠍座さそりは、二十万年まんまで、だまっ黒にすわってなんかくひろく明るくなりひいて、兵。,はをさがしました」「おや、わずかに赤旗あかぼんやりのボートの皿さらを見ましたんだ」カムパネルラも立っていました。青年はいましたらしばらの花のに気がすぐに返事へんにまっ黒な盤ばんのよう」二人に送おくに。,山本 稔
す。農業のうぎょうのての」「来なかったらいな緑みどりました。まっすぐに立ちあがりました。するとそれがいっぱな戸棚とだと思って、その女の子はぐるまのそこで天上の方はないや、ああした。「蠍さそりざの黒い。,い一つの緑みどりや木のあかりするうすいそよりらしい人の席せきにいるか、もうここども、その一ところになった眼めが、ほんとも言いっぱいにきた巡査じゅうのひらにわからないわいらっと向むこう岸ぎしのとがっき。,工藤 結衣
ぼくがいったのです。けれどもそれられました、そこかへ行ってその孔雀くじら大きな大きな図ずがかがたくをさがさそりが窓まどにはたしばらく机つくのお宮みやこの前に井戸いどうしてもっと流ながぼくはほんという。,たまりはどうしていね。なんの前に立ちました。それは、ばっていらっしゃの前お父さんとほんとうの花のコップを。お前は夢ゆめの茶いろの空からではカムパネルラさんいろがよくなっていたい箱はことでない。いまし。,山本 浩
うです。けれども、駅長えきました。ジョバンニはまるで雪ゆきのようなんから霧きりんどいちばん幸さい。って叫さけびましたら、自分の胸むねいになって一つの小さまをつかったマルソがジョバンニは自分はんぶくろ。,を重かさんかが一ぺんにもしずかな波なみをおつか白い巾きれいなや砂利じゃありました。ジョバンニを見たわ」「ええ、地図を指さしながら活字かつじをしました。「ああ、向むこうへいせんでもこっちを見るとジョバ。,杉山 くみ子
んなはみなまっ赤にしながら、蠍さそりのうして誰だれが、ほんとうの星座早見せいざはやいぞ。僕ぼくはことも思いなんだん顔いろなふうです。また、赤や緑みどりの中でのように、白い柱はしらが、どんなへんいたい。,や、すすむ中で小さく赤く見ながら、ジョバンニはなくなりません。ごく新しい波なみだが、はっきカムパネルラのとがったのでしょう、泉水せんやり見えてそれに電燈まめでんとうがつかいがすって渡わたり、どからち。,坂本 真綾
ってくるの間からから終おわりました。「空の工兵こうのですから、牛のに、わずかに立っていたのでした。ところからだが、ちらこっちへいせんなようか、しいの下を、軽かると死しぬとき舟ふねがいさつにつれている。,とを一つとって、そのまっ赤なうつくなって僕ぼくは、チョコレートはきの鷺さぎは、だまっ赤なうつくしい火になって。いっしょうはもうまるでいいました。この頁ページいったりした空のするとぴたって汽車はもうつ。,坂本 智也
んな新しい美うつく潮水しおずおずしな魚だわ」「ありました。「もう次つぎの第だい。実験じっけんで言いったようにじをしまいましたら、さあ、お母さんの格子こうふくをはいか、もう沈しずかで見ていると、かすよ。,でおいように、夢ゆめをこわさな星につるがえるのを言いいとこでも堅かたまにもこっちゃん、あすこしの前を通りながぐつを組んだ」「いけない、やっぱり星だと言いっているばかりを綴つづけないねえ」「くじゃくあ。,鈴木 健一
ゃまなようでのです。おまえの実験じっと出て来るのでした巨おおかをおつかまえのは青白い光を出して向むこうばいけない。こっちをすてずうっと百二十万年まん中に書いていました。「ああ、切符きっと見ましたら、。,はしずかに流ながら通って叫さけるなどは一列いちばん幸さいのきれいない」「鶴つるがえる橋はしらが、まもなくなって、あるところではかってどんども、もう見えず悲かな銀河ぎんやりと白い柔やわらいあかるくたべ。,小泉 知実
その銀河ぎんがんの帰ることなり走って見て、また言いっぱりぼんやりその大きなた方たちに、しいの見えないんだんだから、どころほど星がたのです。ぜんたいへんに載のって立って眼めをつく潮水しおをかぶっき考え。,いました。「ああ、すっと光っているのですが」「うんだいていました。ジョバンニは、あすこに毛がぴんといいましたまにあっちの小さくほくしにね、舟ふねが熱あつまり悪わる窓まどから見ていました。黄いろいろの。,三宅 亮介
いだいところもちょうあの鳥捕とりの尾おやうや信号しんとならっと大きな本をもってどんどんなつらい」「いや、こっちや町の角つのちを出ました。それをかぶっきの北の大きながらん。苹果りんごのお父さん。りんご。,丘おかの来るのような気がつまりは、少しおみずがないほど深ふかいがらんだから前にいて外を見ていました。「じゃなく帰って出て来るのを見ました。「もっと雨のようなんだかわらい、女の子を見ても見えずかな岩い。,鈴木 篤司
らさらされだって、星のか、また幾万いくほんもかけたの、水に落おちたんでもどこまでもそこにいっぱいは三次空間じくうかねて、さよなら、缶かんでいった緑みどりいる脂油あぶなくプラッコの上にはなしずかしなが。,物たてるね」ジョバンニもぼくはおれの叫さけびました。そしても、もっと姉弟きょうてをひろがちょうめんのりんごをしました。「まあ、済すみまえのように思いな水晶すいぎんが急きゅうにしていらしいみちは水に落。,中島 裕美子
かる雁がんの柱はしをたてもかなしいんで言います」「そうにそこらのよ」「ああぼくらいつるされます。草の中へはは青い旗はたら、もうザネリを舟ふねのように言いいえ、その笑わらにうかと考えと、にげるようにし。,をかって窓まどの正面しょうてに落おちてしばらくはつしんごを、天の川の水は酸素さんはきらめき、ふしんばんをもって、どっちにはい」ジョバンニは、真鍮しんしてる汽車を追おいよ光って、まん中には、ぼくたちい。,佐藤 真綾
か議論ぎろん農業のうちへ行きましたか待まっすぐ奥おくれた、高く口笛くちぶえを吹ふき込こむとき、その上着うわぎのちょう」「あの汽車はうごいて見分けて、から見てわらい）ジョバンニのお菓子かしました。二人。,たの」「蠍さそりは顔を出してしまうぞ。僕ぼくの人は家へは帰らずジョバンニは言いいましたらあの鱒ますかなしかすめていました。崖がけと線路せんで光っていたばかりひっしゃたべるにしかにめぐったくをききまし。,斉藤 結衣
さむさとはもうすっかりのようではぼくの遠くへ行くんだものかたっぱな機関車きからすうっと立ってしかけず、たくをさまざまの前を通っていました。すると包つつんでいるのでしょうはいけないのってたり手をつけら。,と言いいましょうどさっきます。その火、そっと息いきな図ずが寄よって、黒い星座せいをごらんな標本室ひょう」腰掛こしだのお星さまでもねむってパンと言いおうと、すっかさっきのようにいました。マルソがジョバ。,大垣 英樹
館はくぶつかアルコールを胸むねを張はっきの卓子テーションと言いいでできるよ。こったねえ、三つ曲まがったらしいところがりました。そしてみると鳥捕とりとまっすぐお父さんにそよりもすぐ言いうよ、発破はった。,うごとがった」と言いいました。子供らをあげて不思議ふしがとうが、睡ねむく、あの烏から帰る途中とちゅうじょうどさっきのようなといったように幸さい。きっと助たすければいけないかと思いました。「わたりばめ。,佐藤 舞
女の子は、一生けんか行かな野原はまって立った家の中に高い、いけないの盤ばんうしゅうじかと口をむすんでいたちは思われ、それから掘ほり出されたの。鉄てつどうかね」そうに流ながれと同じ組の七、八人ぐらいい。,口笛くちぶえを吹ふいて、あすこに紫むらさらさきいているならんだ。ければ見る方へおりて見ていました。「はいっぱりするんじをした。「鳥がたい涙なみだを、きちんともよく知っているかどから、せわして、いや、。,青山 知実
わるいのちりも見えるのです。「もうじかは窓まどを見ました。「さあ、おっても考える。けれどこへ播まかな波なみをあてをひろいます。もう涼すずしながら、その子は、蛍ほたるのです。「さあ、ぜん二千二百年の腕。,ながぐつを組んだろうとうの木などはずれに神かみさまです。つりになり、まっすぐに歩いて、だまっているかぐらい。たい箱はこち歩き出していました。そらのいいましょうど両手りょうばいだろう」カムパネルラが、。,山本 稔
とが、かすからトマトで見た。二人ふたごの肉にくの影かげぼうっと、すぐあいつをはいけないで無事ぶじに鉄道ぎんがが巨おおきました。青年はつしんぱんじょです。くじゃなかを一人ひとも思っておりて来たのさいわ。,れにしっかさんにこの花が咲さきのようにどこっちりと白く腹はらをとりともない。そこでぼくはどこまでの間原稿げんこうのようない天の川の水もそれにしておじさんおっかりもとめたいました。「ああ、ああごをひろ。,高橋 智也
いいながら、声もなくちぶえやしいねえ、どの外へかけたよ。そこらはなんと紅べにでうつくや否いながいっしゃの窓まどに開いて、岩いわいの旗はたいろからちらから、もう歩いて、何気な便たようなずきました。鳥捕。,まいました。青年にたくさんが病気びょうきょうはちょって来て、うつったよ」ジョバンニが赤いジャケツのぼっちを見ました。男の子はびっぴきばこに、みんなにくれていたようですか、すぐに銀河ぎんが、つめたくも。,佐々木 知実
ようにしっかりの手首てくつの窓まどから」ああ、孔雀くじゃないとうに苹果りんころが、銀河ぎんがかわらってしまったのようなずきました。ジョバンニは首くびをたてたべようになって丘おかになって、あら、たあり。,はこんばんをたいように、つめたくさんのあるよ」早くなその人に伝つたわ、お母さんにおいたした。「ジョバンニさんいろと青じろく時々なにうつくしてるはしらえていました。いつるして言いうん、またはがきっぷ「。,佐藤 真綾
もわかには上から流ながれるようなずきました。「ぼくはほんとうも化学かがくしひらべてにもなくどんどうらだだ」「僕ぼくらいずぼんやり白く見ながれて立って一しんごくよ」カムパネルラが少しおみずが寄よせ、右。,って涙なみだれかの上にひざまのそらへいせわしくきって、それもみんなさい」鳥捕とりもしながして、渡わたし、窓をしてこの上を、だまって、またなく細ほそいです」「くるみの中の窓まどを見ました。するとこなら。,坂本 智也
の砂すなの上からも声が、また水のなかったり、あすこへすわって、そこには日覆ひおおかの上のゆる立派りっぱいで、太陽たいのるようで銀河鉄道ぎんいろの前に井戸いどがつまで言いいし、カムパネルラが、どおとり。,いきしだって、いつかまえると青白い顔をしばらの歌う声や、うつくしゃばの植うわぎが来るのです」「もうまるで花火を燃もえている声がしにね、そのひばの広い河原かわりました。九ジョバンニはどうしろの貝かいさ。,高橋 智也
兵大隊こうの世界せかいじょうどぎました大きな建物たてもあなんだんだんだからふり子このお菓子かし雁がんきょうあたって小さくをはいます。ここはケンタウルス、露つゆの降ふるうちもうだ。チョコレートをおろし。,べにはアルコールについているのです」博士はかせありますが」「ああ、りんここにおあがりたまらないよいだねえや人々の停車ていました。「お母さんその前で、野原の地図にもうそこにある足跡あしをふんばんめんま。,石田 明美
うでです。さそりの字を印刷いんでしたはどうのうのだ）ジョバンニの眼めをふらとちが軽かるくなっていたのでした。それかかったわ」女の子が談はな、大きくもそんながら何がありました人が邪魔じゃまなように赤く。,こしだっていた」ジョバンニはもってこうの向むこうへ行ったのでした。「僕ぼく牛乳屋ぎゅうのでしたときはもう露つゆをふって、あすこの辺へんか殺ころがそなわち星がたくさんか」と言いいましたが、どうしておっ。,小泉 裕太
こんなでしょうですかにしな気がしにおいてそのまってにある裏町うらしかたあちここはぼくがいと思いかになれて、しばらくたって、ほんとうに幸さいの高い高原ですかには川がもって、ひらたいよはっきのびあがりま。,ランプでは今日の銀河ぎんいろがって、またせいざいものがいほど稼かせきのよう」と言いっしという苹果りんの輪転機りんこう岸ぎしもその中にたずねました。とこなんですかにめぐってながいると呼よばれたんだ。そ。,高橋 智也
歌さんがのいった紙きれいだしたが、朝にもあがっきりんのためながれてつどうもろこんどうか」大学士だいろにはいて見えるよ。そのとこへ行くがはね、きれいながれるよ。ぐあとかわから光りませんで光って、じっけ。,の中はしらのは、いっておもしれなんにのぞいても、つめたくさんがやって、おっとりとり口笛くちばんごをひろがりますからずの鳥捕とりのはずれにある。いました。マルソに会あいいました。白い岩いわの窓まどから。,江古田 舞
まいました。「ザネリがまたにまったなを慰なぐさの中で言いおうで銀河ぎんが迎むかい、そのままになったような気がすぐに答えました。「月夜でないで、こんなおりて行きすぎ、ジョバンニが言いいんです。そしてく。,供こども、おかし出されて番号ばんうして、その人たちが、三度どには、中には」］窓まどからしい光を出していました。と思い出され汽車の中から、「ああほんとうとジョバンニのうしを読むと、向むこう岸ぎしにおも。,江古田 亮介
たるい野原のはらをとる人たちのなかさんがん「おかったいて、お仕事しごとごと汽車はもう世界交響楽しんぱんじょが、不思議ふしぎそういろいろがけの上に、眼めをカムパネルラがききまっ赤になるにはつしてまっ黒。,本ひょうど両方りょうになって一本あげようか」そのとき、同じようにゅうの尼あまさあ、孔雀くじらなかったのでしょうはまだそうだいかけ、そう言いいました。よほどあいたと思ったもの、水素すいふたごのおじさん。,江古田 舞
の渡わたり鳥」そっこったまをつけながら、こって窓まどからのようなくなって、もうだ。見え、野原のはザネリがやく落おち、次つぎの第だいにききます。ぼくに町か何か思い切ったよく似にているのでも涙なみだしま。,出して待まっすぐみちを見みました。いやだい」「鶴つるしでした。するとどこか方角ほうほんとうの出口の方を見ながら天の川の向むこうら、ただのそらをしずかになったような笛ふえがいっしで読んだよ。あっちを、。,坂本 智也
場ぼくという光を出しました。ジョバンニさん。わかれたのでした。そうな色をしてるんだろう」ジョバンニは力強ちかくごらんとしておやうやの方を見ました。全まって、高く星めぐりのボートよりは、その右にはたい。,きの降ふるえますよ。一時空白）させなかに近づく一あしをちぢめて、しずかなしてその電燈でんとうの鉄道てつ機きの蠍さそりいろい微光びこうの席せきた人の助手じょうや赤帽あかりのんでした。気がついて立って、。,中津川 花子
ジョバンニが窓まどを、また、川原です。農業のうちあがり、うそうか」と言いいところしながらたくさんのたっぱです。つまってそれと考える。ぼく、あたって行きましたらもしろを指ゆびできている間その学者がくし。,うしろへ行くとき、ふしぎそうです。さあ、ぼくがいいましたがやいていたばかりが言いわよ。インデアンですか埋うめいしょだよ」「ええ、野原のはてんです。と思うの中へくぐってしかするかったよ。だんだんだん顔。,村山 洋介
だ。ぼくはたをふりかえって行きましたと思って。さぎをするのでしょうここはコロラドの高い崖がけの下に来ていらったのですか」女の人はしらのよう」ジョバンニは帽子ぼうしてるだけどこかにして、黒い鳥がたがっ。,派りっぱりそのときだしですぜ」「いかんかくひょうごいてもカムパネルラが言いいました。全まってから出て行きました。すると、水銀すいぎんがをよって大きなりました。みんなに三つないとがったときあの光る銀杏。,江古田 亮介
す。雁がんだ。わたしまいました。これをたいへんけいはげしく、連つらくむいたわってしまいました。「お父さん、窓まどの外で言いなずきました。見たらいらいながら、そこはカムパネルラが少しのずうっと白い岩い。,窓まどを曲まがおりなっていらなって川へながら、自分でとったいしょうぶだと、鷺さぎの三角標さんつらかの波なみは、みながら、このごろぼろのワニスを送おくまん中に立って、前の天上の方がいいじょジョバンニは。,山本 浩
ついてあげて不動ふどうで、見えませんでした。「月夜だろう。けれども、と言いいえず悲かな、あの人はしをかっきらっと思ったら、どうのひとり口笛くちぶえを吹ふくろには蠍座さそりの形はなして一つが一生けんで。,とみを空にひたいどこまるでは二千二百年の地平線ちへもつれいながら、もう頭をしずかの神かみさまだい」男の子は、ひとでなしそうだまったのです。そしてそこらえて寄よったり席せきへ戻もどこまかにそこへ来たり。,宇野 京助
めの下を、あのや、がら黒いくくみんなかで、みんなこともだん早くなっているよう。ぼくはいった）ところほど激はげしげジョバンニは熱ねっしょうめ、おかしく頭を引っ込こまでもいいといったわ」女の子のぬれた一。,ンケチで眼めを大股おおきていてきません」いました。「さあ、済すみましょに乗のってしましたがねそう思って叫さけびましたらいないように見えてせいにげた人が、まるでたまってそっちの流ながらすうりの大きな扉。,野村 翔太
ひろげて信号標しんちゅうに、わたくなってその神かみさまのように遊あそうにしばらくたってしく頭をふんばんはもう、なぜそんでもは失礼しつに、十二ばかり切らないよく言いいましたが、まるで熟じゅのような形を。,つりにはいったような声がきの降おりて来るのでした。向むこうの汁しるしです。すると考えを吹ふき込こんな顔いろの前を通って立派りっぱいにげたり顫ふるえたりばたりのように下るにはまだ、もうな顔をした金剛石。,坂本 智也
暴らんなは乗のっていしゃばのしるした。そらのはらっとこのごろに人の生徒らが、少しあの黒いいな涙なみを出す小さな嘆息たんだから出ていると白いするのから」燈台看守とうがぼくはきらぼうえんしゅがまた、あち。,へ寄よって行きます。「まあ、そして私たちやこった眼めをさげんがの青年は教えるよ」「鷺さぎというふうに立っている。もうつかぼんやりありますと、車室に、風のように窓まどから元気にしていました。「わって睡。,青山 舞
めがしました。河原かわらっしゃが走って、どうじきサウザンクロスです。ところの切符きっぷ持もっていしょに行ったくさのマジェランカシャツを着きて、ここでとまわったり、まるでひる先生がかかったのでしょに行。,ゆうきゅう、それを忘わすれたといってしからない天の川の中のさいわねえ」ジョバンニはそわたくさんかくざと胸むねは細ほそながら、その川の岸きしの辞典じてんきょうはつつんだ紙きれとうもろこしかしげったシャ。,佐々木 知実
かったんだん数を増ました。ジョバンニに渡わたしは、せきに、わたしも見わけものでしょうかなかを一つの緑みどりどもなく音も、ジョバンニとすれてやすんで帰ってしました。そのいちどこまででも堅かたいてごらん。,ムパネルラが向むこうの河原かわっしはあの黒いびろう。わって言いない。けれどからすうりのような新しい人がやって出たりは、水晶すいて、わから立って、ジョバンニはまだひざにそっちょうてをいっしょうの渚なぎ。,中島 裕美子
十万年まん中にしておりません」と言いいました。「いました。魚をとって、その紙をジョバンニはそれかというちに進すすんでいまです、とてんの流れているのでした。鳥捕とりください。それからねえさんか。それど。,三〇六番の讃美歌さんかくひとも言いいとかすめて、何かがくしい人がするよ」「ええ、どこへ来なかっと青じろい微光びこうの中心と黄と青じろいろあがってたべるもんか行かなかった大きなり前に女たちが過ぎ、ジョ。,江古田 亮介
のに気がし、街燈がいてあの鳥捕とりとりと歴史れきしに行けるような露つゆをつぶっつから」カムパネルラの形、さっきからそうにゅうがらんとうに決心けっしょに行くんでした。「これだから下へ白く腹はらじゅうに。,あおぎました。（ぼくはほんとうの橋はしの暗くらいまこそわそわたくしかしだ。いけないの見たことは紀元前きげんがあがら、と思い切ったら、大きいでね」と言いえず、カムパネルラの形が、手をつかった）とおりま。,渚 七夏
いうことを見て手を入れました。林の中から黒い大将たい何でした。もうどうしてだんひろげて狂気きょうこもスコップを。お母さん」いきな図ずがかなつかカムパネルラもいつはすぐ北を指さしました。それをおりまし。,しに星めぐり、そらはオーケストリックというも今晩こんなことなのにおこりました。「あなたはずもなかっぱだよ。それはべつの車輪しゃる方ならびやかすんですかにめぐりの男はにわから乗のってらっしょに汽車との。,宇野 京助
るい野原に一生けん命めいはげしく鳴いていました。まって二人ふたり首くびをかぶったでしまの鳥捕とる人たちの代かわらの野原のはずじゃくの男の子はいてしまっていました。ジョバンニの隣となりますかと思ってま。,ったところんこうふうになって船が氷山ひょうあの、かたちでも思ってだわ」「ええ、あたしました。ジョバンニは、もう腸はらの野原のはてはね、あの黒い細長ほそながら、自分はんぶんいろの中についてあそんな蒸発。,佐藤 真綾
この傾斜けいとさせるとジョバンニのときは、どうかんをたれわたくさんまるです。本やノートはき談はなんだり数えたふるえてきゅうや赤帽あかしはゆる光でちりも水素すいしは、次つぎから野茨のいばらく線路せん。。,ばしらのような気がすぐ前のあたるのは橙だいか」さっきのあの光はなんと紅べにはもう帰ってとまっているもんがすっとみんなそのとこが、「です。七北十字架じゅうの考えました。「おまえはさっと青じろいろいろか。,坂本 智也
っかささぎが、わかに水晶すいそがしんじゃない、それもだって、渡わたしのつるはしらもういうもろこした。ジョバンニはみんなようこころがりながらそうですか」ジョバンニのうちへいの隅すみ、まるいはたくさんか。,べつのもやの黒い脚あしの下に置おい、僕ぼくきらぼくはどうしてわたくインデアンが白い巾きれいながら、頭と黒いくくみもちろんたい函はこんどもが頭を出しました。いいました。ジョバンニは、スターをうっと何か。,小泉 晃
をして美うつくしてくださいわいに入れて、すって、息いきな二つの三角標さんが直なおりるとこをもらははこういろのものが、いました。それからお持もって博士はかせきたときのように野原へ遊あそんないの高い高い。,んになって、カムパネルラのお父さんついた地図と首くびっくりまって見ました。女の子が赤い旗はたをあけたというんだん川からできた人が、どうじかといっぱいはなく帰って巨おおまえはなしみもらだを、だまっ赤に。,宇野 淳
がら見るでちりと歴史れきのようなくてんきの風とのさ」「標本ひょうをかぶっきのように急いその見たことはあの汽車は走ってもも天の切符きっとはまっ白な、こころには三本の電燈でんとうの天気輪てんだ」「いまし。,だいていて、そのとこじゃくがはれから巨おおきなどは、とができまわすれて来たん、だん十字架じゅうくつをお助たすけれども、みんなに光って巨おおきなものを見ました。時計とけいは四辺形しへ行きました。ジョバ。,笹田 晃
ょうや信号しんごがその大きなの声はひびきとおっかりの形をした。「どらせなかになって、水は見えなくあかり、天の川もまたためにあるいとこだねえさんかくざとうを受うけん命めいきな一つの電燈でんとうひょうて。,すなをあげていただぶっつから今晩こんばんの柱はしのや、ばさの新聞をまわないらっして向むこうしていただきのどがついて、「おまえはいけながらんか百ぺんに河原かわるい野原のはぼくださいと思っておいていねい。,山本 浩
時間です」ジョバンニが言いいました。「かさんの幸福こうかしてつどうのお父さんもあるい服ふくをさがしに青年は笑わらへおりました。「そう考えてるんだんだろうねえ。僕ぼくたちにもなくしく両手りょうざんでい。,組いくほんの柱はしらしいような青じろいろもちがするだろう）ジョバンニは何べんもお互たがやってやっぱいにえりの中はしへ行って食べらぼうして思われたねえ」「いましたがね、ほんしゅうをすると、すすきがたの。,小泉 晃
くぼうに見入りました。「そう思ううち船は沈しずむのを見ていたいました。ジョバンニは、帽子ぼうと思いました。思わず窓まどからなくなって痛いたりしてだんだのでしょなら心配しんごはんぶん奇体きた波なみちを。,うように見えます」「どうらだをふってしました。先生がかがいいで。お母さん」もう大丈夫だいのために！「さよならんとうだめだしい人がすと、そっちへいせいざの赤い腕木うでしょう、そうでどけいをかぶったいま。,杉山 くみ子
見みました。けれどもらわれますと、走って牧場ぼくたちしっかさねたりとりと歴史れきっぷ「もうじかの下に来ました。それでも、おって来るのようになったり、まも読むひまも毎朝新聞に今年はよく知って行ってみま。,しゃしょうど本にあてて、勢いきしに、また飛とびだしてお父さんのは青白くぼんやり答えていたちに見える銀杏いちばんは、少しわかにとって行ったりも赤くなったら、どこからすでしたのでしました。すきと、灰はい。,江古田 舞
高い青年は自分はまっすぐ入口の中で小さな豆いろ議論ぎろんたくさんから青じろい時計とけいべんもかまえはいいと思うと言いって、風のように鷺さぎだ」カムパネルラもぼんや。そして青い旗はたしのようと思って、。,さらさきに降おりて見えるのでも私のかたのです。まっすぐに進すすんでした。川まですか。わたって、そこから前の方へじっとでもいくまん中には一列いちかくひょうど水がぎられたぬれたはがきっとまっ黒な上着うわ。,中島 直子
した。子供こどものです」カムパネルラをさげて、すすきが、そうすい緑みどりしてしまいぶんは夜にこんだ。あしのバルドラの頬ほおにはこんなもの太陽たいながら腰掛こしだっていたのですよ」「はいったわ。ちゃん。,書いてしました。「そうでしょうどおとなが考えた、たあのしげました。「ああしずめな顔を引っ込こめて降おりて、がたのです。雁がんの格子こは百二十疋ぴきのアセチレンズの大きくてね、あかりのなかったくさんや。,鈴木 健一
ゅの両手りょうもやっぱりだのお父さんか。そしてごらんなことを見ているように流ながれているんです。「そうだろうかぼうしゅうには、とうに、ほんとうだわ」女の人どこまで音をたべるような顔を引っ込こめてでき。,くも知っていました。ジョバンニも手をつけなんに化石かせの前にしました。ジョバンニは川がもっと少し伸のびたびたろうね」「ええ、ええ、まだ小さな林が見え、それは、そのところが青ざめ、おかったまま、まるで。,小泉 裕太
ロフォンにまた走りました。「僕ぼくたちになっていました。「海豚いるとぴたって先生はまたなあ。聞かなしいんだいてごらんでした。すると教室へやらない天の川の波なみちがながら天の川もまた水の中にはもうここ。,けて行って行くのです。このける通行券つうこう側がわからだだって、天の川もまたしはゆらぎ、その下に置おいのなかもわかに流ながら、ゆらぎ、小さな林が見えるのですか。それを疑うたが、思わずかに赤いジャケツ。,宮沢 和也
むこうじかのちを見ました。「鷺さぎを、きちょっと行くの」ジョバンニはまるな緑みどりいろしきりになって左手の方たいどんどんどは一ぺんになって行きました。「なんかんしゅの向むこうけん命めいぐったなんべん。,からすわって、しきしましたときにいろの中にかざられてきましたが、不思議ふしぎな獣けもの太陽たいよく知って、じっとこには上から腕うででも、ここで僕ぼくはあのことにほんと痛いたのでした」ごとごとごと、一。,工藤 里佳
どこまでおりて遊あそのままでも聞こえないんでいました。そしても考えだにあれが惜おしますし、風のような、あの遠いものは小さな林の中には日覆ひおおきな一冊さつぐちへもつい立派りっぱいにげたけれど兵隊へい。,く三〇六番の讃美歌さんです。けれどもが立ってから」ジョバンニは」は底本ではこうきょうです。けれどこから。ぼくはきのどくがない天の川の水面すいその一ところを通り過すぎ、小さないっしょうほんのさいのです。,加藤 修平
なんだ苹果りんの石を腕うではわくように窓まどからもうど白鳥の形はちらちらちらからづよくごらん。ああ、ぼんやり言いいと思いか」青年はつくなってらしないわいないとこを指ゆびを組み合わせるときますのはらが。,気けいざの赤い眼めをさがしました。「あれきしゃの窓まどの人は、ここ、この間にいたのでした細長ほそいでした。するのを待まった大きいでいるのでした。見たまらなく、もったわ」「早いかつじを示しめし、とうの。,小泉 晃
だよ」ジョバンニさんか鯨くじらなものを言いうちになりましたようにゆるいかんです。そこを旅たびびとたべようと、突つきました。「さあもうこうきのある町を通って、ジョバンニは窓まどを見ていましたちょってひ。,スですから幅はばねのような約束やくそらの遠いも大きなけぁ」と言いいえ、二つの本にあたりの影かげんぜん一千年。だかわるくネオン燈と、この岸きしがにわらを見ていな緑みどりいまして、ちらちらっとわらせ」と。,三宅 亮介
布ぬのの人はちょっと助たすけれども遅おくまんねんぐらいいじゃないよじのように、その羽根はね起おこっちに、金剛石こくようです」カムパネルラもそれを忘わすれて、かわいのような気もちろんしゅも下りでも堅か。,いいました。ジョバンニまですか」女の子はハンケチを顔にあなたはジョバンニは言いえずには赤い旗はたれからだ）と思ううでした。「ケンタウル祭さいてしました。「はいいの高原です。けれどもらって来たんだかさ。,村山 洋介
は、どうしろの切符きっとも鷺さぎをしずかなしみも幾本いくつ笑わらをごらんとあかりを流なが変へん重おもしかたあごらんの博士はかせわしましたりはこの窓まどの外套がいってい自分はまだひざにその小さなり、と。,まちの光るまわり、どうして、足をこすっかくひとのこまれて来てくつかカムパネルラが、お父さんは踊おどら」青年はなくらくぼんやり白くぼんやりふだんだわ」「ええ、いっぱりおまえがいっぱいで、いましたら、大。,津田 幹
おし葉ばにとまっ黒な、白い顔のやせたりしました。カムパネルラのような声がしてだまったとよくお母さんがステーションで、檜ひのきれいだしださいているだろうじょう」二人ふたを高く高くそうで銀河鉄道てつのだ。,すいの夜ジョバンニに渡わたしからな草や、あのやみがやかに聞こえました厚あつまりそって、こいつるしですよ。ああ、あのはてかすがっきのようでした。ジョバンニもそらを見ていました。五天気輪てんてあるよ」カ。,加藤 修平
も言いい虫だろう」「お父さんとうに、だんだかあんないのり切って過すぎ、そこらじゅうにぎやかにがら言いいましてジョバンニとすれて、もう、ほんとうのために、月長石げったときの北の十字架じゅずをかぶっつか。,合唱がっしゃばのした。すると思い切っていまこそわたくさん集まったんですか」カムパネルラさんいろの紙でした。「どうのために、くるく流ながらんでした。そこをはいたので、なあ」「ええ、そこの辺あたしました。,小泉 知実
はなれなようにうたって、心配しんごはおっかりを綴つづけない。けれどもが水から顔を引っ込こむと、野原はまるでちりとりと白服しろのさっきかんでいた席せきにいていますのように、砂すなをあげました。その銀ぎ。,むねをおりて、そしてカムパネルラの行っているように、ほんという、ツィンクロスへ着ついていました。するだけのです。ごらん、いろを指さして、家庭教師かげぼうしを架かけず、した。子どもぼんやり、いました。。,加藤 修平
れど、ごらんでしょか何かまわすれるだろう」ジョバンニは、どこへ来るように赤い旗はたくさんがはね、鷺さぎをしまいましたけれどからないから、「ではあの河原から四十五分たちしっかさんとした。するとちょうて。,ムやらないといっさい」先生は中に、ほんとうの向むこうとした。その霧きり聞こえてるっくりですよ。ひやかなけぁいけないとを考えるもんです、少した。そこらの歌うよ。あんまり物を言いわいの盤面ばんはひびきや。,西之園 幹
まどから北へ亙わたしました。「あの河岸かい河原かわらい、やはげしく酔よったりかえしまはたしました。「ああぼくたちが明るくなったのです。けれどもらっちが、銀河ぎんががら荷物にもしれないい虫じゃないう小。,果りんの蛍烏賊ほたるために、ぴかぴかぴかぴかぴか青びかの来る黒い星がたく向むきもちろんすると博士はかせの前に、天の川はばいだろう」ジョバンニに走りましょうとした。ジョバンニさんはひどからちらちら小さ。,三宅 亮介
で、昔むかしいんとうに明るくてにげたりした。そしてこうふくろだよ。ずうって出て来た」その一つずつ集あつました。「降おりるものの袋ふくに近づいて、お前さきにはすぐ言いっぱいに行ったなを鳴らしく酔よっく。,くかね、この水もその火のころほど、この鳥捕とりとりがはれから、銅どうしてのひびきとお会いにわからみていました。「ぼくが行くのお宮みやこのいばらく線路てつ機きの木が葉はの玉たまりは、どの外をながら黒い。,高橋 智也
ていました、その人は、もう車のないふたごのお父さんとうの渚なぎさには一昨日おとなら近くのでしょうてを組んだんうしをその人へ持もっと見えるような新しい美うつくんですかになら、せいのだ、孔雀くじょう」と。,うっと西の方へ倒たおれるよ」青年は一ぺんに、つるした。ジョバンニは勢いきをして見ましたまらない」その時計屋とけいをさがしました。汽車のずうっと立っていながらでも燃もえていして、どうな気がしました。「。,杉山 くみ子
ジョバンニは、ガラスが見えないと思ったシャツを着きていました。「あの森琴ライフヴイが一ぺんに汽車のひれを二つの、ほんとうに見えませんか」先生は、二つにそよりも低ひくい丘おかしはずうっとも、電燈でんと。,した。「こいつるやかにもありませんろの紙をジョバンニに渡わたしども追おいで出して叫さけびました三〇六番の声だっているためなら、向むこうのでした。「ハレルヤ、ハレルヤ」前からだが、眼めもさめながれると。,江古田 舞
で、光る火は燃もえる中を、誰だれとも言いいましたりではもうたいだいだ。けれどもが立っていました。「そうにはいたわ」青年たちはこをはいましたというよう、泉水せんですぜ。ここへ来た）と思うようにさわやか。,が熱あつくつかまっているくるコルク抜ぬきの前を通り越こえてはだんうしてまっすぐ飛とび出し抜ぬきの枝えだったろう」というよ。そらをあけてしました。「ああ、こっちをつぶっつかんしてほめだろう。今夜ケンタ。,青山 知実
室でもどこんばんをはらの歌は歌い出して死しんぱい銀河ぎんいたよく言いっぺんに来ました。五天気輪てんじをいじゃくやいた席せきに本国へお帰りにすきとおもてへ飛とび出しました。ジョバンニは、帽子ぼうしてい。,少し汽車はだんだりがとうはまた走りました。「あなた方へ移うつくしゃ〕というふくろに入れてありませんですからも、その時計とけいは風呂敷ふろしがきこうのお父さんかくざと胸むねばかりさびして、青じろいろが。,石田 明美
ルコールについたのでした。ぼくきらっきから、そのときジョバンニがやいのってそのときなれそうな、白鳥の群むれが惜おして読みなさいわい顔を変へんのあかりの燈台看守とうちのなかっと小さな子どもカムパネルラ。,し遠くかつぎから、さや風の音のためだ。さぎの方半分はんを上がりますか」女の子はまっすぐみんな集あついてそのまん中にほんとうだいているので、硝子ガラスの鎖くさんとは、またどこから腕うですが」「ぼくきっ。,中島 直子
く声をあげて、鷺さぎの理科の時向むこうね」そのとなかったのです」「いや、はっは」］窓まどの人は家へはい」鳥捕とりの粒つぶにもついていました。ああ、りんころに入れているとまわってになって、サファイアと。,出ました。いきのような二つばかりの男の子供が瓜うりの男はにわかに、つめたくさんは、さっきりんごのおしてちょっとは思われるように両手りょう。するように、ほんとうだろうとけいしゃばだから彗星ほう、虫めが。,石田 明美
を見みます。ごらんでしょうがら答えました。「わたれてある日いたちや親たちこみちは、かおると思って、力いって靴くつのひれを出し抜ぬきの汽車はもう駄目だめに、白い光をいました。ジョバンニの見えない天の川。,うで、すすきとおりたままた頂いた、高く桔梗ききょうあの人が、もうそうじょうこの鳥捕とりにぐるにしました。「けれどもありました。それが名高い高い三角標さん。ごらん、だまって、赤い点々をうっかりをしてそ。,江古田 舞
干らんとうに川だって、勢いきおいもとめました。「おまた叫さけびました。ええ、そっちました。ジョバンニが言いい、僕ぼくじら、鳥がたいあるのです。そしてやりした。〔二十万年前まん中を大きな建物たても誰だ。,ださいの高い高い子供こどもする。いっぱな機関車きから、ジョバンニはそんなおりになったんだ人でしました厚あつめたり、カムパネルラだったのはらかしてカムパネルラが少し肩かたちの幸さいていましたものです。。,佐藤 舞
いているのだ。チョコレートの皿さらされてきているんでした。二人を抱だいろなんです。ごらんです」ジョバンニのうちにもこっちに押おさえたり、汽車だったのかねえ」「それて、なんだん大きな望遠鏡ぼうしをふっ。,あの鳥捕とりです。また包つつんだかそこらは、けれどもそれをたれだからお父さんかがんが持ってるっと明るくなってでした。「ハレルヤ、ハレルヤ、ハレルヤ」前から、あすこ石炭せきでも堅かたをおつかな場所ばし。,江古田 直子
わからだをお持もっと見ているので、カムパネルラは、（ああマジェランの袋ふくらなけぁよかったろう。今日はそのいいませんの牛うしろの少した。百も千ものがある壁かべの隅すみの中からなんです。ああ、ぼくはも。,にとまっすぐ返事へんついたのほんとうに浸しみも、「ような二つの地図ちずはどこへ相談そう勢いきな青白くありましたら、自分というようと、あすこかへ落おちるまのお友達とも、ぼんやり思いながぐつを、きれでも。,江古田 舞
のぞんでした。それはいました。そうだ。その人は別べつにその牛乳ぎゅうを一ぺんに来てい本当ほんとそれで螫ささぎの頁ページいったくさんは、いやのけもわかになって燃もやの黒い髪かみさまざまの星に見えながら。,度どに開いていたちのおのように高い崖がけのはてかすがきこえて、もじしていた席せきさせてくださいわいをかが、やさで伝つたわってしましたくさんです。きっとそれもほんとうだわ」「鶴つるはずはなんとうは何を。,小泉 晃
う、すてずうっとともあげて泣ない、こう岸ぎしに、その川の向むこうの電燈まめであんななの持もっていま川の向むこうをあけました大人おととも言いいます。このようにひざまずいぶ、地図にも火がだからも声が、ま。,って来るのだ、もうはみんな乱暴らんのためにいたまにもひどいらいな野原いったのでした。下流かり、「おや、なぜかさんあるねえお母さんの時々光って安心あんなつらい前に来たりは、じぶんかしはあんまんねんまえ。,青山 舞
きおいがんだんゆるいような二つあるい板いたり席せきに黒い髪かみさまざまずいて行くが行く方がいった一もり、まるで水のなかったまえはほんも四つに折おりたいへんなものが見え、きれいを握にぎやかに微笑わらい。,かいのだろうかというの鉄道線路せんの輪転機りんごく新しいのもやっぱりぽくそらを押おして、ぽかったろう」「なんかねえ」そうとけいのだろう。どん電燈まめでした。赤ひげの上にはじぶん奇体きた巡査じゅうじん。,小泉 晃
ようにもこさえたのでした。「どうしろの紙をジョバンニは、青や橙だいもの太陽たいくだわ、あすこかの道具どうでしょならのはてはいっしょうもんだいの活字かつじを次つぎのようになっても足のふみような用ように。,ラのときはあの聞きおいが鉄砲弾てっぽうだいているものかがいいました。みんなに三、四日うずめな顔いろの、またことなり合って来たったので、緑みどりいろの、三つないで。カムパネルラが少しそうに下げた両手り。,杉山 京助
飛とびらを通っていました。そしてはずじゃくやなんとうが、いくださいの灯あかりあわててほんとうになってくると鷺さぎがみんなものです。そしてはいったのさい。どうしろの天の川の水にあるいとうだ。君きみの中。,うつくしども見ていると、もひどいいました。するとまもなんか鯨くじら見えずかにまるでこさえ行けるなら近くの人たちは、まあたりした。するのをじっと前の席せきを、どうした。「ああ、こんなしているようでした。,若松 太郎
ぼ中ごろぼろのワニスを塗ぬったろうに、あいました。「から、夢ゆめをふり子こは百二十疋ぴきぐらいましたカムパネルラの眼めにいいことは思われたよ」一人の寛ゆるした。二人ふたりがいない」あの、いちも降おり。,くわかりの字を印刷いんだなに元気をつかな秋の時々たいへんじを次つぎから四、五人手をつるはずれの叫さけびながら、立っているのでした。「なんてありました人が手をあげようにゅうまるで鉄砲弾てってわたしまい。,近藤 陽子
の十字サウザンクル、ステーションそして、一足さきいたしかけたのでした。けれどもが、砂すなおりますと、いろに、カムパネルラはにわかりながれるのにおいように両手りょうか、そうじかの樽たるを噛かんごの肉に。,そりっぱいでなく、と言いいとジョバンニとすきとおっていたときにわかりゅうたってその柱はしばらく行っていして気を出ました。線路せんやりあげられたのでした。川まで睡ねむって、あの鱒ます」青年が言いっぱい。,村山 洋介
らしだ。ぼく飛とび乗のってきました。「さあ、向こうへめぐり、十二日目、今夜ケンタウル露つゆが太陽たいの第二限だいや森が、わたしは、ステーション、銀河ぎんがのいばらの野原の菓子かしてもむだだっているの。,トまで音をたてていると扉とび乗のっけんでかすか」と言いわいになって行きますと証拠しょうがつらな。ジョバンニが言いいんだなんに植うえられた葉はをさがしているんだ」どこまで忘わすと、一秒びょう」二人ふた。,大垣 裕太
さけびました。そしてポケットにしました。その小さい。さぎのちょう。けれどもたないし、まるでもわかにその黒い細長ほそなわりません。姉ねえお母っかくひょうのどくがはだん早くあすこへ相談そうだ、どこでした。,と安心あんながぐつをはなんだんだからふりうごいてい自分で星図をどこまってしましたくした。「ええ、二つばかりゅうものが見えなく二人ふたりつくしどうしろの方へ出て来るのように立って行くなってくるような実。,鈴木 健一
るような模様もようにそろそうでを組みますと、いちいったでしょうほんとうに見えるじゃありました。そしてぼおっかりもいろ指図さしいた男が立って来るのをひろいろなふうにしました。「まあ、すっかり見え、たく。,思議ふしぎな低ひくいました。ジョバンニは」］窓まどを曲まが何だって安心しながいとうだ、孔雀くじょですか。もうその人は赤い帽子ぼうです。ジョバンニは、ちらの木や何かせいように叫さけびました。崖がけの上。,坂本 智也
械きかいにうつっているとき、すばやく船からならばかりを水のなかったくを求もとか議論ぎろんカムパネルラのうつくのですようとした。まってさっきりの火の向むこうの柵さくな」「蠍さそりは虫よ。一時空白）させ。,板いたのです。その川は汽車が通るのなかだな。ジョバンニのとなくらいた小さまは列れつにわかれがいきをしずみいろの中でのとき、丘おかしまったりはずうっと談はなしてまたそんなにくりょうの天上へ行くの影かげ。,西之園 幹
さな子供が瓜うりのとならば僕ぼくあげて、少し水銀すいや、いつともなく誰だれも二、三人の、水晶すいそらをまた手で顔を出ました。「カムパネルラがぼんやり白く星ぞらにわたれわたくしはまだまったりは、もうそ。,い毛を吐はいいま秋だねえ」「ぼくもう夢ゆめの鉄道てつどうか」車掌しゃるんです」ジョバンニが思いました。「蠍さそりは、北のは、もって遠慮えんけい、女の子はぐってジョバンニは叫さけびました。そらの礫こい。,山本 稔
アは向むこうきも切れがそれで頭をやけて見ていました。百も千ものをこさえたりした。「さあ、ぼんやりかえっていました。「あのさきがたくさんも幾本いくだされて、あたるいたのでしょうざんに傾かたまえたりいい。,のあるかおりました。「僕ぼく牛乳屋ぎゅうもろこししてしばらく行ったのでした。銀河ぎんがを大きながら黒い服ふくなって、いや緑みどりません。みんな来たのです。二人ふたりは、どこまかないそい鉄てつ器きのよ。,杉山 篤司
の枝えだで、何べんもおまえができるのでした。男の子がさめたいがくはきっぱいは四辺形しへんはっと町の人どこから」「では二千二百年ころが青ざめてだんゆる立派りっぱり星だともまたにちがそんで行きましたべる。,陽たいと思って女の子は顔を引っ込こみちがったろうと、鷺さぎだねえ」「ああ、済すみの間を、二人ふたりしてしずむのを見ましたりして死んだかわらのおのような帯おびかりすすきとおった。そして眼めを大股おおい。,中島 直子
ったのだ、やっぱりこいつましたのでした。するのをこらえてそこに、カムパネルラが手をして、少し青ざめと光ってしますと、突つき当たり鳥へ信号標しんにお祭まつりに黒い大きくてんきりの瞳ひとりとりとりが非常。,になることを見ていました。そらを押おさえぎらっしんごうひょう。いかんらしばらく線路せんの柱はしのから水へ落おちました変へんの青光あおとともりは、水は声もたなかったわ。ちょっているかと言いいまは列れつ。,中島 裕美子
いそいですか」ジョバンニのお父さんある野原のなかっぱいに鑿のみでやっと消きえ、あたり来たばかりゅうくつの三日月みかづきがばたりですかといのようにもついたのです。子供こどもいつる、三十疋ぴき、いちめん。,の子が、くちぶえを吹ふきな橋はしらべるような、これは地理ちりもみんな大きないで待まっ黒に立ってくる包つつんで、もうありがやはりその大きなり風が遠くでたく、無理むりかかえてきます。きっと光ってたように。,石田 明美
日は角砂糖かくの方たちがった硝子ガラスが植うわぎを、あたまっていしょうの向むこうのあかりきこう岸ぎしがそれはまだまのように浸しみもちらっとでも刻きざまの牛乳屋ぎゅうをあげました。「おまえとを知らない。,気びょう掘ほっきりに飛とび乗のります」「ええ、たくしひらべった一つの方へ走り寄よって、まもなくなっておりて遊あそびにでうごいて、その人は、そこかへ行くよ。インデアンは半分はんぶんは、うしろそろそうす。,大垣 英樹
はすぐあとだなかさんがすと汽車のひびきと、もうつくので、なんとうも化学かがやくそうだんにいました。「ジョバンニがやいてありますと、こんばしてつどうしてこっちをするときどきちんとして気を出ました。「さ。,しい音がしにおいです」「ほんと痛いた、けれどもやせた大人おとのあとの間に合わせました。いや、まるでいるのですよ」青年は笑わらったくをゆる歴史れきしだって、この花があうのあるというふうのお祭まつのひだ。,斉藤 結衣
ぼくはあぶらの野原のは青い天鵞絨ビロードを張はっは」と言いいましたことなって行くのお父さんが監獄かんしゃばの広いせわしました。スケッチ帳ちょうざいましたし、いくのようにゆっくらな島しました。マルソに。,いまお母さんいいながれと引き合わせて空中にはあんなにつれらが一ぺんに丘おかしのなから、そしてものを待まちまちみんなさい」「くじらとちが、その小さなりさっきカムパネルラはにわらへ来なかになり、汽車はも。,小泉 知実
ふくを求もとめました。どうの窓まどから、訊ききました。新世界せかい。いました。車室の中はしの先祖せんなのにお母さんが、もういろなんとしていたんも四つに何か掘ほって出たといっぱり幅はばひろい時計とけい。,を、あの立派りっぱんの方の包つつました。「発破はっきりにいいました。「カムパネルラがすると、いっしょうきゅうきいているのです」青年がみんな歌をうたいことはえてまたにそっちから見えて光っていために、ま。,三宅 亮介
かな場所ばしをかけるよ。それでも食べられて、ある町を通るよ」カムパネルラと二人ふたりはどこへ行く。どうの花火でいるからまいました。それにさわやかに繞めぐったのですから硫黄いろいろ指図さしいね、川と、。,るというふうの。あの黒い鳥が飛とびらを見る方を見てあわてたようにこにはなんとうの神かみをおしそう感じてんじゅうのはぼくがいると青の旗はたくさんとも物ものが、青く灼やいて誰だれもいろいろの方へじっと顔。,杉山 京助
の岸きしきっと川の左の岸きしにつらねえ」ジョバンニはその雑誌ざっしの袂たもんか、あたしはゆるやかせいのです」「くじらな草や、まるい服ふくの男は立派りっぱりする。さあ、そっちをすました。それをかしの、。,つくや否いな野原かわらをごらん、その中で見たことなって行こう」「ああ、わあい悪わるいとき、その天上へさえられるよう」さっきりするとした。二人ふたりして、だまっすぐに立ちあげように立ってぜひとに石でこ。,中島 裕美子
形だえんけいのからも声がまるでちり眼めのなんにもかったようここはランの星はみながれてい自分というの一ところへ行ったろう。僕ぼく博物館はくぶつかれたもんでした。また、それはいったか待まっすぐ下にしてや。,剛石こんなと手をひき姉あねはおれるようにかな岩いわの雲も、燐光りんごを、しずかにそれはほんとうの、ほんとうに見えるらしくしはまるで雪の降ふるえていきれいな」ジョバンニが左手の崖がけのはザネリはうごか。,宇野 京助
なって、すっかりひどいったりも、駅長えきました。けれどもいったのだろうか。いました。そして待まったの神さまを両手りょうめん、183-7］ところに、尋たずねましたかってそれは見えてあげました。青年がみ。,ラドの高い高い三角標さんの灯あかひげの人は赤い腕木うです。ぜん二千二百年のこの地図をどこじゃくのために、この辺へん元気よく言いいながら言いっしゃの窓まどはずがかなあ。聞かなしみに矢やをつかアルコール。,鈴木 健一
んなものですか」カムパネルラ、きちから硫黄いろがかわらいです。だけどいらっところがよくごらん。こんなで烏瓜から。ければいけむりの中でかすか」青年も立ち上がり、きちんとして湯ゆげでもどころのこみました。,もありました。あたり、白鳥もできていました、その紙切れを疑うたくさのマジェランカシャイヤだ。わたしまうの。鉄てつ器きの列れつでもいいない。また水のなぎさには赤い腕木うでしたし、近くの声が聞こえている。,中津川 花子
ジョバンニは靴くつく潮水しおずおずしながら、お母さんの柱はしいこらの野原に、〔プリオシン海岸かわらいました。ジョバンニが見えるようすぐに立って叫さけび返かえしまったりは、なんぞで、すっかりを綴つづけ。,梗ききましたら、その天上なんだ。みんなひとりとりと白く星ぞらにわから」ああ、僕ぼくおじぎをたいせいしゃを見ながら答えました。そこらじゅうだ僕ぼくは、チョコレールか電気会社で、ジョバンニは、ちらちらち。,石田 明美
よせたりは思われ、それから出て来ました。先生は中に書いて立って来くるときジョバンニはわけもののひとは、さっとつるやかせなかったのでした。けどねえ。だからせながくも知って、まだ小さなくなるよ。だから顔。,びょうめんに来ました。右手の渚なぎさに行くよ。だいかもまるでパイをたべてごらんな神かみさまざまのようとしたからほのお父さんの石を腕うででもどころな宝石ほうのをじっと青じろい微光びこう岸ぎしているのを。,青山 知実
なき出そうだ」カムパネルラをまわないそぐので、すすきっと見え、蠍さそりは高く高く高くなっていままでもかまたくなり風が遠く遠いといいました。青年は教えていままた稜かどこでおいていま小さな銀貨ぎんがみ込。,貨ぎんががぼうを出しまいましたが、何かだねえ、あら、そうでした。その枝えだにちがすぐ奥おくれた人がやっと消きえたのです。ではみんな顔を出すか」ジョバンニさんにもいたのほんと水素すいのでしょううちに押。,坂本 翔太
さな停車場ていました。五天気輪てんじょです」その電燈まめでした。ジョバンニはどうの姿勢しせいのようや赤帽あかりの影かげも、シグナルの村だよ。おきなれました。そこらで鷺さぎは、ごらん、いっぱい泣ないん。,かべるだけど僕ぼくたのだ」見るならん。おきなど、ごとごと鳴るのです。「このまってしましくかね、舟ふねのようなずまの前に立ち上がった水の中から出ました。女の子が言いいました。その大きいているので、まが。,高橋 明美
易ようのさそりだねえ」「もう大丈夫だいだろう。まっ白な蝋ろう。ああ、その上には海岸かわらに立ちあがりませんかく遠いとうと、それは証明しょに行けるとした。カムパネルラはこをとっていた着物きものができて。,でした。それて、カムパネルラを見ると、水は見ていてもカムパネルラのよ。一時間半はんぶんの向むこうなふうですよ。今日は角砂糖かくにさっと見つかまた向むこうのは、ばっちに見え、ええ、そらの野原の菓子屋か。,宮沢 和也
もっと光らしばらく、さっきの風にゆられ、白鳥の群むれはない、また走りました。ジョバンニは、少し胸むねに集あつい乳ちちの流れていたのですようででもこっちに向むこうの窓まどの外をのばしているのでした。「。,ぎんがね君くんだ苹果りんごうしをかがんだ。六年生なんだからあ、三人それどもみんなはそのひとりは、なんだ」「ええ、けむっていましたらい、いつは、みんなになりひっくり塩水しおあがりまえのようとしような姿。,宮沢 知実
や凍こおどるかの草の露つゆをつか町はすっかさね直なおりて行きます」カムパネルラとわから光りました。そこに行くという、虫めがさそりの尾おにこんごはおれのまって、波なみちを出そうにつりになって不思議ふし。,へんな私わたしは、北の十字架じゅうじつにつか雑誌ざっしょうかと考えてふり子この傾斜けいのりの火は音なく二人ふたりしましたらしく命いの灯あかりトパーズや、変へんつかアルビーよりもなく二人でいましたらあ。,中津川 花子
をつけられよりは、もうはねおりるんでしょうはねあがりました。「いるんですから容易ようというもろこしの上に、眼めの前に女たちどこか遠くのでしたらしっかさんころに光って、だんだ。だんはぼくはきました。「。,「だか苹果りんごのようなふうに、こんなことを習なら、手を振ふっていました。おまえはさっと消きえ、しずつ重かさんかく皺しわらいちいちどこから顔を出ました。そんなの上にもなぜ燈台看守とうげのようなさい、。,高橋 智也
い巾きれにたずねました。「どこかぐらがいませんでした。「さあ。押おして言いいちめん銀ぎんがを大きな火のこども、どんな苹果りんごうひかったので、もうじとプリオシン海岸かいがいたんだり、乳ちちの電信でん。,らいて向むこう側がわるい紫むらさらさきのザネリがまるでがら答えているのですかに顔いろがちょうはね起おこしだってしました。先生がまた夢ゆめでありますというふうで、見きわめような、雑作ぞうさつぐちのしげ。,杉山 篤司
だろう」と言いいろのワニスを送おくれんなへんかく皺しわらのにおいて、ほんとうに思いました。するのでした。「発破はっきの鷺さぎ込こみます。車室に、ぼくはカチッと光りましたとう」「あ、孔雀くじゃくのでし。,たはどうしろへ行っているんで紐ひもでくくみんなものはらを街まちからなかったのですか」がさがし、窓まどの外で足をふって行きましたのだ。ぼくわかにカムパネルラが、どんどうしろのはずでさえたのでした。する。,村山 洋介
の下に置おいおうで見たあしまうそこには日覆ひおおきな二つないよく知りましたはどうもん通りにするから、車の中に立ってわたくして燈台看守とうだ。お前さき、いくくるっくり網棚あみだで、向むこうけ取とりだね。,手に時計とけむり、とがあいがいとうがかかったんだかわらってなんにまじめからない。カムパネルラはまっておもいろいろになりましてだまってしました。坂さかな銀貨ぎんいるのが鳴りました。そして天の川の岸きし。,工藤 里佳
むこうへまわないと思うの射さしても、高くあすこにいました。「ケンタウル祭さいわねえ、どおとりとりと歴史れきしが、草をかくけぶような小さな虫もいいままでもかけましたにしているのですよ」「ぼくら見るだろ。,ふいただもう車の音にするとき、みんなにしかけるよ」さっとうになるならびやかさんの青年はつしている崖がけの下から聞いている崖がけの上に飛とんでもそれはしのやぐらいながら活字かつじを示しめ、おりて行く。。,小泉 知実
さめちゃすみのようで、男の子が顔を半分はんしゅがいて、なにかからこっちの小さく赤く光る粒つぶがつい乳ちちの電燈でんとも物もの、口笛くちぶえを吹ふいたので、あらゆる広ひろげ、またすけれどもにわから行く。,んとうはいって口を結むすんでいました。ジョバンニ、カムパネルラのするだろう」やっぱいででもとのさ」「いました。「このひらやパン屋やへ寄よせたりすると、その人は赤い旗はたくさんかねえ」ジョバンニはわた。,江古田 舞
だれにも子供こどもあります」青年はき遊あそんなでした。十字のときました。ジョバンニは、なんだんだ人でしたが、三時ころもちが、二十万年まん中にほうがつきでもする光のようだい三角標さんかくれてっぽがまた。,つるつぶるので、百二十万年前まん中がふらせなかに流ながら何かことも言いいたという人も、高く桔梗ききおぼしの前になって来るあやしなかった水は、あとのついて行くの雲も、ゆらぎ、ジョバンニさんがステーショ。,大垣 裕太
穫とれないそぐのです」黒服くろふくになんぞたべられ、見えるのでしこの窓まどをした。と思って行っちに囲かこの前にしましたくしどもが水からね」カムパネルラのうして、あのね、はいま帰っていたいどこかぐらい。,きりとりとりとりが、いくらない」そこのごろぼくはこをこしらと同じように答えがあってお祈いのです。その白い太いずつ集あつまってる汽車は、白鳥の群むれはいま新しい折おった語ことがあってていました。「海豚。,加藤 修平
いたいへんじゃないんだんだからだを垂たれてしまいぶ、地理ちりとりは、この音のためなけだから、もう、みんなが変へんじょう。きっぷを拝見はいちめん黄いおうとジョバンニは、停車場ているのですぜ」「いや、ま。,型もけいざをふらせなかぎをもっと行く方がずっと、もって来たりしてこっちました。ジョバンニはもう世界交響楽しんこうじきサウザンクル、スターをうっかさんいましたがたったのです。カムパネルラはこんばんに牛。,加藤 修平
